symbol,date,open,high,low,close,volume,source,fetched_at_utc
0050,2020-01-02,97.05,98,97.05,97.65,4882015,twstock/twse,2026-07-01T08:07:37Z
0050,2020-01-03,98.3,98.7,97,97.65,6813547,twstock/twse,2026-07-01T08:07:37Z
0050,2020-01-06,97.05,97.1,96.4,96.4,9321768,twstock/twse,2026-07-01T08:07:37Z
0050,2020-01-07,96.45,96.7,95.4,96.1,6328602,twstock/twse,2026-07-01T08:07:37Z
0050,2020-01-08,95.2,96.2,95.05,95.65,8516995,twstock/twse,2026-07-01T08:07:37Z
0050,2020-01-09,96.3,97.1,96.3,96.95,7163943,twstock/twse,2026-07-01T08:07:37Z
0050,2020-01-10,97.5,97.8,96.95,97.3,9071925,twstock/twse,2026-07-01T08:07:37Z
0050,2020-01-13,97.85,98.1,97.5,98,6650898,twstock/twse,2026-07-01T08:07:37Z
0050,2020-01-14,98.5,98.85,98.4,98.6,11544956,twstock/twse,2026-07-01T08:07:37Z
0050,2020-01-15,98.7,98.7,97.45,97.6,10259354,twstock/twse,2026-07-01T08:07:37Z
0050,2020-01-16,97.15,97.5,97,97.3,8686499,twstock/twse,2026-07-01T08:07:37Z
0050,2020-01-17,97.7,97.75,97.1,97.3,8121134,twstock/twse,2026-07-01T08:07:37Z
0050,2020-01-20,97.55,98,97.55,97.7,6969945,twstock/twse,2026-07-01T08:07:37Z
0050,2020-01-30,95,95,92.15,92.15,32262874,twstock/twse,2026-07-01T08:07:37Z
0050,2020-01-31,90.65,90.65,89.65,89.95,22497767,twstock/twse,2026-07-01T08:07:37Z
0050,2020-02-03,88.5,89.15,87.6,89.05,15823593,twstock/twse,2026-07-01T08:07:37Z
0050,2020-02-04,89.45,90.95,89.2,90.6,8904471,twstock/twse,2026-07-01T08:07:37Z
0050,2020-02-05,91,91.3,90.3,90.85,6701508,twstock/twse,2026-07-01T08:07:37Z
0050,2020-02-06,91.65,92.3,91.35,92.3,10696477,twstock/twse,2026-07-01T08:07:37Z
0050,2020-02-07,91.65,91.65,90.95,91.2,9554828,twstock/twse,2026-07-01T08:07:37Z
0050,2020-02-10,90,91.2,89.6,91,7308908,twstock/twse,2026-07-01T08:07:37Z
0050,2020-02-11,91.35,91.95,91.35,91.75,5115402,twstock/twse,2026-07-01T08:07:37Z
0050,2020-02-12,92,92.9,92,92.65,5640117,twstock/twse,2026-07-01T08:07:37Z
0050,2020-02-13,93,93.25,92.7,92.8,5754317,twstock/twse,2026-07-01T08:07:37Z
0050,2020-02-14,92.8,93.25,92.55,92.95,4988165,twstock/twse,2026-07-01T08:07:37Z
0050,2020-02-17,92.3,92.55,91.95,92.3,6266211,twstock/twse,2026-07-01T08:07:37Z
0050,2020-02-18,91.4,91.6,91,91.05,12529356,twstock/twse,2026-07-01T08:07:37Z
0050,2020-02-19,91.15,92.25,91.05,92.1,7947011,twstock/twse,2026-07-01T08:07:37Z
0050,2020-02-20,92.35,92.5,91.35,91.7,6538336,twstock/twse,2026-07-01T08:07:37Z
0050,2020-02-21,91.65,91.95,90.95,91.25,5401188,twstock/twse,2026-07-01T08:07:37Z
0050,2020-02-24,90.25,90.4,89.7,90.1,13571936,twstock/twse,2026-07-01T08:07:37Z
0050,2020-02-25,89.5,90.5,89.45,90.35,8840104,twstock/twse,2026-07-01T08:07:37Z
0050,2020-02-26,89.15,89.75,88.9,89.45,15256003,twstock/twse,2026-07-01T08:07:37Z
0050,2020-02-27,89.35,89.5,88.35,88.65,24688054,twstock/twse,2026-07-01T08:07:37Z
0050,2020-03-02,87.5,88.25,86.85,87.35,27894641,twstock/twse,2026-07-01T08:07:37Z
0050,2020-03-03,88.85,88.95,88.25,88.6,11071900,twstock/twse,2026-07-01T08:07:37Z
0050,2020-03-04,88.8,89.2,88.4,89.2,8437415,twstock/twse,2026-07-01T08:07:37Z
0050,2020-03-05,89.8,90.25,89.75,90.2,9785483,twstock/twse,2026-07-01T08:07:37Z
0050,2020-03-06,89.65,89.65,88.3,88.35,17096376,twstock/twse,2026-07-01T08:07:37Z
0050,2020-03-09,86.8,86.8,85.6,85.85,27734426,twstock/twse,2026-07-01T08:07:37Z
0050,2020-03-10,85,86.3,84.9,86.3,23784345,twstock/twse,2026-07-01T08:07:37Z
0050,2020-03-11,86.45,86.55,85.05,85.3,15306570,twstock/twse,2026-07-01T08:07:37Z
0050,2020-03-12,84.5,84.5,81.15,82.15,44910246,twstock/twse,2026-07-01T08:07:37Z
0050,2020-03-13,78,81.4,75.95,81,53704860,twstock/twse,2026-07-01T08:07:37Z
0050,2020-03-16,80,80.4,76.95,77.3,33813951,twstock/twse,2026-07-01T08:07:37Z
0050,2020-03-17,74.3,76.7,74.3,74.85,51145832,twstock/twse,2026-07-01T08:07:37Z
0050,2020-03-18,74.95,75.25,72.8,72.8,46790503,twstock/twse,2026-07-01T08:07:37Z
0050,2020-03-19,71,71,67.25,68.55,68038340,twstock/twse,2026-07-01T08:07:37Z
0050,2020-03-20,71,74,70.9,74,40910533,twstock/twse,2026-07-01T08:07:37Z
0050,2020-03-23,71,72.1,69.55,70.8,22465117,twstock/twse,2026-07-01T08:07:37Z
0050,2020-03-24,73.85,75.3,73.7,74.25,26956843,twstock/twse,2026-07-01T08:07:37Z
0050,2020-03-25,76.8,77.45,76.1,76.85,32687820,twstock/twse,2026-07-01T08:07:37Z
0050,2020-03-26,77.4,77.45,76,77.2,19215688,twstock/twse,2026-07-01T08:07:37Z
0050,2020-03-27,78.3,78.7,76.45,76.6,21953901,twstock/twse,2026-07-01T08:07:37Z
0050,2020-03-30,74.7,76.15,74.05,75.85,13605883,twstock/twse,2026-07-01T08:07:37Z
0050,2020-03-31,76.8,77.2,75.6,76.15,9764000,twstock/twse,2026-07-01T08:07:37Z
0050,2020-04-01,76.5,76.65,75.85,75.9,9948017,twstock/twse,2026-07-01T08:07:37Z
0050,2020-04-06,76.95,77.1,75.75,77.05,12207626,twstock/twse,2026-07-01T08:07:37Z
0050,2020-04-07,78.5,78.9,78.05,78.5,15302038,twstock/twse,2026-07-01T08:07:37Z
0050,2020-04-08,78.5,79.7,78.35,79.6,15230698,twstock/twse,2026-07-01T08:07:37Z
0050,2020-04-09,79.85,80.1,78.85,79.25,15650105,twstock/twse,2026-07-01T08:07:37Z
0050,2020-04-10,79,79.35,78.7,79.3,5824779,twstock/twse,2026-07-01T08:07:37Z
0050,2020-04-13,79,79.4,78.55,78.8,7430914,twstock/twse,2026-07-01T08:07:37Z
0050,2020-04-14,79.05,80.95,79.05,80.95,13121792,twstock/twse,2026-07-01T08:07:37Z
0050,2020-04-15,81.25,81.5,81,81.2,17361116,twstock/twse,2026-07-01T08:07:37Z
0050,2020-04-16,80.2,81.1,80.05,80.8,12409525,twstock/twse,2026-07-01T08:07:37Z
0050,2020-04-17,83,84,82.7,83.25,34532038,twstock/twse,2026-07-01T08:07:37Z
0050,2020-04-20,83.25,83.5,82.8,83,12336416,twstock/twse,2026-07-01T08:07:37Z
0050,2020-04-21,82.65,82.65,80.5,80.6,21082454,twstock/twse,2026-07-01T08:07:37Z
0050,2020-04-22,80,80.6,79.5,80.6,10896151,twstock/twse,2026-07-01T08:07:37Z
0050,2020-04-23,81.15,82,80.3,80.9,13298948,twstock/twse,2026-07-01T08:07:37Z
0050,2020-04-24,80.8,81,80.45,80.9,5764752,twstock/twse,2026-07-01T08:07:37Z
0050,2020-04-27,82.15,82.6,81.65,82.55,13917724,twstock/twse,2026-07-01T08:07:37Z
0050,2020-04-28,82.9,82.9,82,82.55,7556661,twstock/twse,2026-07-01T08:07:37Z
0050,2020-04-29,83.05,83.9,82.95,83.7,11874079,twstock/twse,2026-07-01T08:07:37Z
0050,2020-04-30,84.45,85.5,84.4,85.5,18785156,twstock/twse,2026-07-01T08:07:37Z
0050,2020-05-04,82.4,83.3,82.2,83,15648380,twstock/twse,2026-07-01T08:07:37Z
0050,2020-05-05,83.5,83.8,83,83.4,7810636,twstock/twse,2026-07-01T08:07:37Z
0050,2020-05-06,83.3,83.75,82.6,83.5,6142593,twstock/twse,2026-07-01T08:07:37Z
0050,2020-05-07,83.5,84.15,83.3,83.85,6140995,twstock/twse,2026-07-01T08:07:37Z
0050,2020-05-08,84.6,84.75,84,84.35,6034013,twstock/twse,2026-07-01T08:07:37Z
0050,2020-05-11,85,85.4,84.7,85.05,6655422,twstock/twse,2026-07-01T08:07:37Z
0050,2020-05-12,84.6,84.6,83.65,84.05,11549365,twstock/twse,2026-07-01T08:07:37Z
0050,2020-05-13,83.7,84.4,83.6,84.3,4967165,twstock/twse,2026-07-01T08:07:37Z
0050,2020-05-14,83.8,83.85,83.2,83.3,8743268,twstock/twse,2026-07-01T08:07:37Z
0050,2020-05-15,84.05,84.25,83.05,83.85,6190781,twstock/twse,2026-07-01T08:07:37Z
0050,2020-05-18,83.05,83.45,82.8,83.15,8271703,twstock/twse,2026-07-01T08:07:37Z
0050,2020-05-19,84.4,84.5,83.65,83.9,5477775,twstock/twse,2026-07-01T08:07:37Z
0050,2020-05-20,84,84.2,83.5,83.8,9894141,twstock/twse,2026-07-01T08:07:37Z
0050,2020-05-21,84.15,84.8,84.1,84.5,7568047,twstock/twse,2026-07-01T08:07:37Z
0050,2020-05-22,83.8,83.9,82.9,82.95,13354146,twstock/twse,2026-07-01T08:07:37Z
0050,2020-05-25,83.15,83.5,82.15,83.5,5250544,twstock/twse,2026-07-01T08:07:37Z
0050,2020-05-26,84.25,84.65,83.85,84.45,15454949,twstock/twse,2026-07-01T08:07:37Z
0050,2020-05-27,84.7,84.85,84.05,84.35,4589767,twstock/twse,2026-07-01T08:07:37Z
0050,2020-05-28,84.9,84.9,83.55,83.85,7476909,twstock/twse,2026-07-01T08:07:37Z
0050,2020-05-29,83.4,84.45,83,84.45,5320690,twstock/twse,2026-07-01T08:07:37Z
0050,2020-06-01,84.45,85.15,84.4,84.9,8365321,twstock/twse,2026-07-01T08:07:37Z
0050,2020-06-02,85,85.5,85,85.3,11947060,twstock/twse,2026-07-01T08:07:37Z
0050,2020-06-03,86.15,86.9,86.1,86.8,18117244,twstock/twse,2026-07-01T08:07:37Z
0050,2020-06-04,87.5,87.75,87.15,87.6,15036553,twstock/twse,2026-07-01T08:07:37Z
0050,2020-06-05,87.7,88.35,87.7,88.35,9916582,twstock/twse,2026-07-01T08:07:37Z
0050,2020-06-08,88.9,89.8,88.8,89.5,15549542,twstock/twse,2026-07-01T08:07:37Z
0050,2020-06-09,89.6,89.8,88.95,89.6,11356579,twstock/twse,2026-07-01T08:07:37Z
0050,2020-06-10,89.65,90.7,89.55,90.45,10998897,twstock/twse,2026-07-01T08:07:37Z
0050,2020-06-11,90.45,90.85,89,89.05,14179192,twstock/twse,2026-07-01T08:07:37Z
0050,2020-06-12,87.25,88.5,87.1,88.25,21563371,twstock/twse,2026-07-01T08:07:37Z
0050,2020-06-15,88.1,88.3,86.9,87,9573700,twstock/twse,2026-07-01T08:07:37Z
0050,2020-06-16,88.15,89.2,88.15,88.9,10841047,twstock/twse,2026-07-01T08:07:37Z
0050,2020-06-17,89.2,89.2,88.3,89,11510236,twstock/twse,2026-07-01T08:07:37Z
0050,2020-06-18,89.05,89.3,88.35,88.9,5035751,twstock/twse,2026-07-01T08:07:37Z
0050,2020-06-19,89,89.15,88.65,88.85,2333985,twstock/twse,2026-07-01T08:07:37Z
0050,2020-06-22,88.85,89.7,88.85,89.05,10579456,twstock/twse,2026-07-01T08:07:37Z
0050,2020-06-23,89.6,90.05,88.8,89.45,8664889,twstock/twse,2026-07-01T08:07:37Z
0050,2020-06-24,89.8,90.5,89.8,90,10061904,twstock/twse,2026-07-01T08:07:37Z
0050,2020-06-29,89.25,89.6,88.65,89.1,9785007,twstock/twse,2026-07-01T08:07:37Z
0050,2020-06-30,89.55,89.95,89.4,89.9,8035137,twstock/twse,2026-07-01T08:07:37Z
0050,2020-07-01,89.95,90.9,89.95,90.5,9979250,twstock/twse,2026-07-01T08:07:37Z
0050,2020-07-02,90.65,91.5,90.6,91.5,7601474,twstock/twse,2026-07-01T08:07:37Z
0050,2020-07-03,92.1,92.75,92.1,92.55,14983163,twstock/twse,2026-07-01T08:07:37Z
0050,2020-07-06,93.2,94.3,93.2,94.15,14469339,twstock/twse,2026-07-01T08:07:37Z
0050,2020-07-07,95,95.5,94.1,94.5,13927773,twstock/twse,2026-07-01T08:07:37Z
0050,2020-07-08,94.5,95.4,94.4,95.15,11145368,twstock/twse,2026-07-01T08:07:37Z
0050,2020-07-09,95.7,95.85,95.15,95.45,7241657,twstock/twse,2026-07-01T08:07:37Z
0050,2020-07-10,95.55,95.7,94.6,94.65,11502554,twstock/twse,2026-07-01T08:07:37Z
0050,2020-07-13,95.4,96.1,95.25,96.05,12054512,twstock/twse,2026-07-01T08:07:37Z
0050,2020-07-14,95.8,96.65,95.7,96.65,13480664,twstock/twse,2026-07-01T08:07:37Z
0050,2020-07-15,97.3,97.95,96.7,97.05,21315724,twstock/twse,2026-07-01T08:07:37Z
0050,2020-07-16,97,97,95.85,96.1,7632129,twstock/twse,2026-07-01T08:07:37Z
0050,2020-07-17,97.05,97.7,96.7,97.2,18010470,twstock/twse,2026-07-01T08:07:37Z
0050,2020-07-20,97.2,97.35,96.25,97.05,9486407,twstock/twse,2026-07-01T08:07:37Z
0050,2020-07-21,97.15,99.1,97.1,98.7,24740975,twstock/twse,2026-07-01T08:07:37Z
0050,2020-07-22,98.55,99.25,98.35,98.95,7243893,twstock/twse,2026-07-01T08:07:37Z
0050,2020-07-23,98.85,98.9,98.1,98.85,6008972,twstock/twse,2026-07-01T08:07:37Z
0050,2020-07-24,99,100.1,98.25,98.5,17377622,twstock/twse,2026-07-01T08:07:37Z
0050,2020-07-27,101.8,103.55,101.8,103.3,22874174,twstock/twse,2026-07-01T08:07:37Z
0050,2020-07-28,107.25,108.7,103.3,103.6,22422761,twstock/twse,2026-07-01T08:07:37Z
0050,2020-07-29,102.8,103.8,102.1,102.55,9636665,twstock/twse,2026-07-01T08:07:37Z
0050,2020-07-30,104.2,105,103.3,104.05,6587085,twstock/twse,2026-07-01T08:07:37Z
0050,2020-07-31,103.9,104.3,103.45,103.8,5314021,twstock/twse,2026-07-01T08:07:37Z
0050,2020-08-03,103.45,103.5,102,102,7258914,twstock/twse,2026-07-01T08:07:37Z
0050,2020-08-04,102.55,103.35,102.55,103.3,4798147,twstock/twse,2026-07-01T08:07:37Z
0050,2020-08-05,104.1,104.5,103.75,104.3,5106381,twstock/twse,2026-07-01T08:07:37Z
0050,2020-08-06,105.45,105.95,104.85,105.4,7430095,twstock/twse,2026-07-01T08:07:37Z
0050,2020-08-07,105.55,105.55,104.3,104.65,6803730,twstock/twse,2026-07-01T08:07:37Z
0050,2020-08-10,104.1,105.85,104.1,105.6,5905752,twstock/twse,2026-07-01T08:07:37Z
0050,2020-08-11,105.4,105.65,104.75,104.8,3199141,twstock/twse,2026-07-01T08:07:37Z
0050,2020-08-12,104,104,103,103.25,5916723,twstock/twse,2026-07-01T08:07:37Z
0050,2020-08-13,104.7,104.9,104.05,104.25,5461251,twstock/twse,2026-07-01T08:07:37Z
0050,2020-08-14,103.8,104.5,103.5,104.5,3779950,twstock/twse,2026-07-01T08:07:37Z
0050,2020-08-17,104.5,105.7,104.25,105.6,5641660,twstock/twse,2026-07-01T08:07:37Z
0050,2020-08-18,105.7,105.9,104.65,105,3745611,twstock/twse,2026-07-01T08:07:37Z
0050,2020-08-19,105,105.45,104.1,104.25,6043314,twstock/twse,2026-07-01T08:07:37Z
0050,2020-08-20,103.8,103.8,98.7,100.6,18738215,twstock/twse,2026-07-01T08:07:37Z
0050,2020-08-21,102.15,103,101.7,102.8,8132713,twstock/twse,2026-07-01T08:07:37Z
0050,2020-08-24,102.85,103.55,102.3,103.1,3718559,twstock/twse,2026-07-01T08:07:37Z
0050,2020-08-25,103.45,104.35,103.35,103.9,3609809,twstock/twse,2026-07-01T08:07:37Z
0050,2020-08-26,104,104.35,103.6,104.3,2665520,twstock/twse,2026-07-01T08:07:37Z
0050,2020-08-27,105.1,105.7,104.45,104.55,5706106,twstock/twse,2026-07-01T08:07:37Z
0050,2020-08-28,103.85,104.25,103,103.5,3913299,twstock/twse,2026-07-01T08:07:37Z
0050,2020-08-31,104.1,104.25,101.8,101.8,5759933,twstock/twse,2026-07-01T08:07:37Z
0050,2020-09-01,102.45,103.35,101.85,103.35,5735637,twstock/twse,2026-07-01T08:07:37Z
0050,2020-09-02,103.65,104.05,102.3,103,4133083,twstock/twse,2026-07-01T08:07:37Z
0050,2020-09-03,103.7,104.3,103.2,103.3,5129198,twstock/twse,2026-07-01T08:07:37Z
0050,2020-09-04,102,102.7,101.9,102.55,5916012,twstock/twse,2026-07-01T08:07:37Z
0050,2020-09-07,102.55,103.05,101.9,102.4,5499657,twstock/twse,2026-07-01T08:07:37Z
0050,2020-09-08,102.75,103.1,102.45,103,4504453,twstock/twse,2026-07-01T08:07:37Z
0050,2020-09-09,101.75,102.35,101.15,102.3,6274033,twstock/twse,2026-07-01T08:07:37Z
0050,2020-09-10,102.8,103.35,102.6,103.2,3581337,twstock/twse,2026-07-01T08:07:37Z
0050,2020-09-11,103.2,103.35,102.8,103.25,2905291,twstock/twse,2026-07-01T08:07:37Z
0050,2020-09-14,103.5,104.55,103.25,104.55,5753474,twstock/twse,2026-07-01T08:07:37Z
0050,2020-09-15,104.45,105.2,104.25,104.95,5438768,twstock/twse,2026-07-01T08:07:37Z
0050,2020-09-16,106.55,107,106.35,106.55,14855265,twstock/twse,2026-07-01T08:07:37Z
0050,2020-09-17,106.05,106.35,105.1,105.4,8748846,twstock/twse,2026-07-01T08:07:37Z
0050,2020-09-18,105.4,105.7,104.85,105.3,4951719,twstock/twse,2026-07-01T08:07:37Z
0050,2020-09-21,105.2,105.9,104.35,104.45,5709735,twstock/twse,2026-07-01T08:07:37Z
0050,2020-09-22,104.3,104.3,102.95,103.1,6636055,twstock/twse,2026-07-01T08:07:37Z
0050,2020-09-23,103.5,103.5,102.4,102.95,9454100,twstock/twse,2026-07-01T08:07:37Z
0050,2020-09-24,101.55,101.8,100.25,100.45,15784773,twstock/twse,2026-07-01T08:07:37Z
0050,2020-09-25,100.75,101.45,100.05,100.65,9498930,twstock/twse,2026-07-01T08:07:37Z
0050,2020-09-28,101.35,102.3,101,102.3,6026880,twstock/twse,2026-07-01T08:07:37Z
0050,2020-09-29,102.75,103.25,102.15,102.55,3759262,twstock/twse,2026-07-01T08:07:37Z
0050,2020-09-30,102.75,103.45,102.6,103,3545485,twstock/twse,2026-07-01T08:07:37Z
0050,2020-10-05,103.45,104.05,103,103.05,5912599,twstock/twse,2026-07-01T08:07:37Z
0050,2020-10-06,104,104.35,103.85,104.25,6875260,twstock/twse,2026-07-01T08:07:37Z
0050,2020-10-07,104,105,103.5,104.8,4011139,twstock/twse,2026-07-01T08:07:37Z
0050,2020-10-08,105.45,106.35,105.3,106.2,13470899,twstock/twse,2026-07-01T08:07:37Z
0050,2020-10-12,106.7,107.7,106.7,107.05,9837999,twstock/twse,2026-07-01T08:07:37Z
0050,2020-10-13,107.35,107.6,106.2,107.1,5410614,twstock/twse,2026-07-01T08:07:37Z
0050,2020-10-14,107.05,107.2,106.45,106.7,2562860,twstock/twse,2026-07-01T08:07:37Z
0050,2020-10-15,106.5,106.5,105.1,105.7,4550154,twstock/twse,2026-07-01T08:07:37Z
0050,2020-10-16,105.7,106.3,105.1,105.25,3239005,twstock/twse,2026-07-01T08:07:37Z
0050,2020-10-19,105.65,106.6,105.6,106.6,3459323,twstock/twse,2026-07-01T08:07:37Z
0050,2020-10-20,106.4,106.45,106,106,1414032,twstock/twse,2026-07-01T08:07:37Z
0050,2020-10-21,106,106.55,105.65,105.95,8599387,twstock/twse,2026-07-01T08:07:37Z
0050,2020-10-22,105.7,106.1,105.5,106.1,2158260,twstock/twse,2026-07-01T08:07:37Z
0050,2020-10-23,106.5,106.65,105.65,106.1,3205830,twstock/twse,2026-07-01T08:07:37Z
0050,2020-10-26,106.1,106.6,105.8,106.1,2918339,twstock/twse,2026-07-01T08:07:37Z
0050,2020-10-27,105.75,105.75,105.15,105.5,3438003,twstock/twse,2026-07-01T08:07:37Z
0050,2020-10-28,105.5,105.5,104.8,105,4782251,twstock/twse,2026-07-01T08:07:37Z
0050,2020-10-29,104,104.1,103.25,103.85,7191693,twstock/twse,2026-07-01T08:07:37Z
0050,2020-10-30,103.55,103.6,102.7,103,6564423,twstock/twse,2026-07-01T08:07:37Z
0050,2020-12-01,113.8,114.3,113.35,114.3,5097362,twstock/twse,2026-07-01T08:07:37Z
0050,2020-12-02,115,115.55,114.5,115.4,6132300,twstock/twse,2026-07-01T08:07:37Z
0050,2020-12-03,115.45,116.1,115,115.4,5977208,twstock/twse,2026-07-01T08:07:37Z
0050,2020-12-04,115.9,117.45,115.9,117.3,12351997,twstock/twse,2026-07-01T08:07:37Z
0050,2020-12-07,118.5,118.75,117.5,118.4,6859570,twstock/twse,2026-07-01T08:07:37Z
0050,2020-12-08,118.45,120.05,117.95,120.05,6401980,twstock/twse,2026-07-01T08:07:37Z
0050,2020-12-09,120,120.2,119.5,120.05,6302763,twstock/twse,2026-07-01T08:07:37Z
0050,2020-12-10,119.15,119.15,118.05,118.6,8417879,twstock/twse,2026-07-01T08:07:37Z
0050,2020-12-11,118.8,119.15,117.25,118.75,4798609,twstock/twse,2026-07-01T08:07:37Z
0050,2020-12-14,118.65,118.65,118,118.25,2479991,twstock/twse,2026-07-01T08:07:37Z
0050,2020-12-15,117.95,118,116.75,117.05,9664754,twstock/twse,2026-07-01T08:07:37Z
0050,2020-12-16,117.9,119.3,117.85,119.25,13383363,twstock/twse,2026-07-01T08:07:37Z
0050,2020-12-17,119.15,119.15,118,118.6,3001579,twstock/twse,2026-07-01T08:07:37Z
0050,2020-12-18,118.55,118.7,118,118.2,2585473,twstock/twse,2026-07-01T08:07:37Z
0050,2020-12-21,118.25,119.4,117.5,119.35,4402203,twstock/twse,2026-07-01T08:07:37Z
0050,2020-12-22,119.05,119.5,117.85,118,5849363,twstock/twse,2026-07-01T08:07:37Z
0050,2020-12-23,117.85,118.3,117.5,118.15,4246980,twstock/twse,2026-07-01T08:07:37Z
0050,2020-12-24,118.4,118.85,118.2,118.8,2498996,twstock/twse,2026-07-01T08:07:37Z
0050,2020-12-25,119.1,119.6,118.6,118.95,2878357,twstock/twse,2026-07-01T08:07:37Z
0050,2020-12-28,119.05,120,119.05,120,3495974,twstock/twse,2026-07-01T08:07:37Z
0050,2020-12-29,120.05,120.2,119.35,119.9,3177140,twstock/twse,2026-07-01T08:07:37Z
0050,2020-12-30,120,121.6,119.9,121.6,5501727,twstock/twse,2026-07-01T08:07:37Z
0050,2020-12-31,122.15,122.4,121.7,122.25,5845572,twstock/twse,2026-07-01T08:07:37Z
0050,2021-01-04,122.2,124.5,122,124.35,6307525,twstock/twse,2026-07-01T08:07:37Z
0050,2021-01-05,124.2,124.65,123.75,124.6,4962514,twstock/twse,2026-07-01T08:07:37Z
0050,2021-01-06,126.1,127.15,124.1,125.95,10859755,twstock/twse,2026-07-01T08:07:37Z
0050,2021-01-07,126.55,129,126.55,128.9,6863448,twstock/twse,2026-07-01T08:07:37Z
0050,2021-01-08,130.6,131.25,129.55,131.2,13298515,twstock/twse,2026-07-01T08:07:37Z
0050,2021-01-11,131.2,132.3,130.5,132.3,10492804,twstock/twse,2026-07-01T08:07:37Z
0050,2021-01-12,132.3,133.15,131.6,132.1,11223083,twstock/twse,2026-07-01T08:07:37Z
0050,2021-01-13,132.75,135.45,132.7,135.3,10912897,twstock/twse,2026-07-01T08:07:37Z
0050,2021-01-14,135,135.05,133.35,134.05,12390589,twstock/twse,2026-07-01T08:07:37Z
0050,2021-01-15,137.15,138,134.4,134.5,21933080,twstock/twse,2026-07-01T08:07:37Z
0050,2021-01-18,134.6,134.95,132.1,134.4,14495824,twstock/twse,2026-07-01T08:07:37Z
0050,2021-01-19,135.2,138.1,135.2,137.95,12262208,twstock/twse,2026-07-01T08:07:37Z
0050,2021-01-20,138.1,139.5,137.65,138.2,30367315,twstock/twse,2026-07-01T08:07:37Z
0050,2021-01-21,138.4,143.25,138.35,143,14029981,twstock/twse,2026-07-01T08:07:37Z
0050,2021-01-22,138.2,139,135,137.45,24714046,twstock/twse,2026-07-01T08:07:37Z
0050,2021-01-25,137.2,137.3,134.2,135.6,14258565,twstock/twse,2026-07-01T08:07:37Z
0050,2021-01-26,135.55,136.6,131.8,132.85,15080041,twstock/twse,2026-07-01T08:07:37Z
0050,2021-01-27,133.3,134.4,132.25,133.05,8124071,twstock/twse,2026-07-01T08:07:37Z
0050,2021-01-28,130,131.3,129.4,130.35,15242813,twstock/twse,2026-07-01T08:07:37Z
0050,2021-01-29,131.6,131.85,128.2,128.2,14709917,twstock/twse,2026-07-01T08:07:37Z
0050,2021-02-01,128.2,130.95,127.55,130.75,14510389,twstock/twse,2026-07-01T08:07:37Z
0050,2021-02-02,132.5,135.05,132.5,134.45,11194661,twstock/twse,2026-07-01T08:07:37Z
0050,2021-02-03,135.45,135.5,134.2,134.35,7317436,twstock/twse,2026-07-01T08:07:37Z
0050,2021-02-04,133.4,134.55,132.35,133.55,6783557,twstock/twse,2026-07-01T08:07:37Z
0050,2021-02-05,134.8,136.3,134.2,134.8,9116600,twstock/twse,2026-07-01T08:07:37Z
0050,2021-02-17,139,140.85,139,140.55,19308197,twstock/twse,2026-07-01T08:07:37Z
0050,2021-02-18,140.55,141.25,139.6,140.35,10805214,twstock/twse,2026-07-01T08:07:37Z
0050,2021-02-19,139.55,139.55,137.6,138.85,9327689,twstock/twse,2026-07-01T08:07:37Z
0050,2021-02-22,139.8,140.75,138.75,138.8,7156162,twstock/twse,2026-07-01T08:07:37Z
0050,2021-02-23,137.15,138.7,136.45,138.5,8026444,twstock/twse,2026-07-01T08:07:37Z
0050,2021-02-24,137,138.2,136.25,136.45,11227133,twstock/twse,2026-07-01T08:07:37Z
0050,2021-02-25,137.85,138.15,136.7,137.55,10368420,twstock/twse,2026-07-01T08:07:37Z
0050,2021-02-26,134.65,135.2,133.3,133.4,27725975,twstock/twse,2026-07-01T08:07:37Z
0050,2021-03-02,135.5,135.65,133.45,133.45,7501387,twstock/twse,2026-07-01T08:07:37Z
0050,2021-03-03,133.75,135.4,132.7,135.4,8596895,twstock/twse,2026-07-01T08:07:37Z
0050,2021-03-04,134.35,134.35,131.7,132.75,17641322,twstock/twse,2026-07-01T08:07:37Z
0050,2021-03-05,130.05,132.6,129.5,131.95,14721332,twstock/twse,2026-07-01T08:07:37Z
0050,2021-03-08,133.75,133.8,131.5,131.85,12425275,twstock/twse,2026-07-01T08:07:37Z
0050,2021-03-09,130.55,131.6,129.75,131.35,13755992,twstock/twse,2026-07-01T08:07:37Z
0050,2021-03-10,132.3,132.6,131.4,131.9,5608897,twstock/twse,2026-07-01T08:07:37Z
0050,2021-03-11,132.05,134.95,132.05,134.7,9343919,twstock/twse,2026-07-01T08:07:37Z
0050,2021-03-12,135.25,135.65,134.5,135.25,5700896,twstock/twse,2026-07-01T08:07:37Z
0050,2021-03-15,135.25,135.25,134.45,134.9,3852212,twstock/twse,2026-07-01T08:07:37Z
0050,2021-03-16,135.45,135.65,134.75,135.35,6868571,twstock/twse,2026-07-01T08:07:37Z
0050,2021-03-17,135.35,135.4,134,134.2,6923261,twstock/twse,2026-07-01T08:07:37Z
0050,2021-03-18,135.1,136.05,134.8,134.9,7050890,twstock/twse,2026-07-01T08:07:37Z
0050,2021-03-19,133.45,133.5,132.3,132.8,10691849,twstock/twse,2026-07-01T08:07:37Z
0050,2021-03-22,132.4,133.6,131.6,133.4,5510347,twstock/twse,2026-07-01T08:07:37Z
0050,2021-03-23,133.9,134.7,133.6,133.6,6994160,twstock/twse,2026-07-01T08:07:37Z
0050,2021-03-24,131.8,132.45,131.3,131.5,11082813,twstock/twse,2026-07-01T08:07:37Z
0050,2021-03-25,131.1,132.55,130.6,131.95,5186148,twstock/twse,2026-07-01T08:07:37Z
0050,2021-03-26,133.05,134.4,132.55,134.35,8134654,twstock/twse,2026-07-01T08:07:37Z
0050,2021-03-29,135.2,135.9,135.05,135.45,8323344,twstock/twse,2026-07-01T08:07:37Z
0050,2021-03-30,135.8,135.95,135.2,135.9,4937584,twstock/twse,2026-07-01T08:07:37Z
0050,2021-03-31,135.8,135.8,134.6,134.75,7829355,twstock/twse,2026-07-01T08:07:37Z
0050,2021-04-01,135.7,136.05,135.2,135.75,7419804,twstock/twse,2026-07-01T08:07:37Z
0050,2021-04-06,138.3,138.3,137.25,137.65,9539511,twstock/twse,2026-07-01T08:07:37Z
0050,2021-04-07,137.7,137.95,137.15,137.8,4477900,twstock/twse,2026-07-01T08:07:37Z
0050,2021-04-08,137.35,138.25,136.65,138.25,6467189,twstock/twse,2026-07-01T08:07:37Z
0050,2021-04-09,138.85,138.9,137.65,137.95,3762585,twstock/twse,2026-07-01T08:07:37Z
0050,2021-04-12,138.05,138.4,136.65,137.15,6145704,twstock/twse,2026-07-01T08:07:37Z
0050,2021-04-13,137.2,138.8,137,137.15,5823793,twstock/twse,2026-07-01T08:07:37Z
0050,2021-04-14,137.35,137.9,136.05,137.9,6608307,twstock/twse,2026-07-01T08:07:37Z
0050,2021-04-15,138.05,139.05,137.6,139.05,7802826,twstock/twse,2026-07-01T08:07:37Z
0050,2021-04-16,138.9,139.25,138.4,139.25,11331158,twstock/twse,2026-07-01T08:07:37Z
0050,2021-04-19,139.25,139.75,138.65,139.5,8221039,twstock/twse,2026-07-01T08:07:37Z
0050,2021-04-20,138.85,139.55,138.8,139.25,4898074,twstock/twse,2026-07-01T08:07:37Z
0050,2021-04-21,138.95,138.95,138,138,8098256,twstock/twse,2026-07-01T08:07:37Z
0050,2021-04-22,138.55,139.05,137.7,137.9,4152152,twstock/twse,2026-07-01T08:07:37Z
0050,2021-04-23,137.9,139.15,137.4,139.15,6127836,twstock/twse,2026-07-01T08:07:37Z
0050,2021-04-26,140,141.35,139.9,141.2,12215063,twstock/twse,2026-07-01T08:07:37Z
0050,2021-04-27,141.2,141.7,140.8,141.25,6750710,twstock/twse,2026-07-01T08:07:37Z
0050,2021-04-28,141.25,141.25,140.2,140.4,3106978,twstock/twse,2026-07-01T08:07:37Z
0050,2021-04-29,141,142,140.6,140.6,9026319,twstock/twse,2026-07-01T08:07:37Z
0050,2021-05-03,140.4,140.4,138.1,138.25,7325314,twstock/twse,2026-07-01T08:07:37Z
0050,2021-05-04,138.25,138.35,135,137.05,13831267,twstock/twse,2026-07-01T08:07:37Z
0050,2021-05-05,137.05,137.3,135.7,135.75,9345225,twstock/twse,2026-07-01T08:07:37Z
0050,2021-05-06,136.3,137.5,135.5,136.95,8216084,twstock/twse,2026-07-01T08:07:37Z
0050,2021-05-07,138.15,139.45,137.95,139.4,7168292,twstock/twse,2026-07-01T08:07:37Z
0050,2021-05-10,139.5,139.5,138.1,138.45,4491095,twstock/twse,2026-07-01T08:07:37Z
0050,2021-05-11,135.75,135.8,132.6,133.25,26853369,twstock/twse,2026-07-01T08:07:37Z
0050,2021-05-12,132.9,132.9,121.2,129.4,40085754,twstock/twse,2026-07-01T08:07:37Z
0050,2021-05-13,126.25,130,125,127.5,28100529,twstock/twse,2026-07-01T08:07:37Z
0050,2021-05-14,128.5,130.25,127.85,128.95,15790431,twstock/twse,2026-07-01T08:07:37Z
0050,2021-05-17,125.2,128.8,124.7,126.5,32505861,twstock/twse,2026-07-01T08:07:37Z
0050,2021-05-18,128.35,132.3,128,132.3,16612226,twstock/twse,2026-07-01T08:07:37Z
0050,2021-05-19,132.2,132.65,130.5,131.4,17193723,twstock/twse,2026-07-01T08:07:37Z
0050,2021-05-20,131.35,131.4,129.7,130.5,9780505,twstock/twse,2026-07-01T08:07:37Z
0050,2021-05-21,132.5,133.85,131.3,132.35,10248024,twstock/twse,2026-07-01T08:07:37Z
0050,2021-05-24,131.55,132.65,131.15,132.15,10375497,twstock/twse,2026-07-01T08:07:37Z
0050,2021-05-25,132.9,134.65,132.9,134.4,10326420,twstock/twse,2026-07-01T08:07:37Z
0050,2021-05-26,134.85,135.15,133.95,134.5,5246780,twstock/twse,2026-07-01T08:07:37Z
0050,2021-05-27,133.5,133.7,132.35,133.55,5858001,twstock/twse,2026-07-01T08:07:37Z
0050,2021-05-28,134.9,135.9,134.3,135.8,9754500,twstock/twse,2026-07-01T08:07:37Z
0050,2021-05-31,135.8,137.55,135.8,137.1,10607435,twstock/twse,2026-07-01T08:07:37Z
0050,2021-06-01,137.2,138.1,137.2,137.7,5710574,twstock/twse,2026-07-01T08:07:37Z
0050,2021-06-02,137.8,138,136.65,137.7,5118006,twstock/twse,2026-07-01T08:07:37Z
0050,2021-06-03,137.95,138.45,137.5,137.6,5137777,twstock/twse,2026-07-01T08:07:37Z
0050,2021-06-04,137,137,136.3,136.95,3268847,twstock/twse,2026-07-01T08:07:37Z
0050,2021-06-07,137.2,137.4,134.65,137.3,10994102,twstock/twse,2026-07-01T08:07:37Z
0050,2021-06-08,137.3,137.5,136.5,136.5,3021521,twstock/twse,2026-07-01T08:07:37Z
0050,2021-06-09,136.3,136.3,135.05,135.5,6289449,twstock/twse,2026-07-01T08:07:37Z
0050,2021-06-10,136,137.85,135.8,137.6,6953916,twstock/twse,2026-07-01T08:07:37Z
0050,2021-06-11,138.1,138.5,137.85,138.1,3427869,twstock/twse,2026-07-01T08:07:37Z
0050,2021-06-15,138.6,139,138.4,138.85,4126481,twstock/twse,2026-07-01T08:07:37Z
0050,2021-06-16,138.7,138.95,138.15,138.7,7330366,twstock/twse,2026-07-01T08:07:37Z
0050,2021-06-17,137.8,138.3,137.15,138.3,3283653,twstock/twse,2026-07-01T08:07:37Z
0050,2021-06-18,138.85,138.85,137.95,138,2249578,twstock/twse,2026-07-01T08:07:37Z
0050,2021-06-21,136.9,137,134.6,134.7,16678832,twstock/twse,2026-07-01T08:07:37Z
0050,2021-06-22,135.6,136.05,134.5,134.85,6078865,twstock/twse,2026-07-01T08:07:37Z
0050,2021-06-23,135,137.15,134.8,137.05,6517135,twstock/twse,2026-07-01T08:07:37Z
0050,2021-06-24,137.05,137.25,136.45,136.7,6289676,twstock/twse,2026-07-01T08:07:37Z
0050,2021-06-25,137.45,137.95,136.7,136.95,6623437,twstock/twse,2026-07-01T08:07:37Z
0050,2021-06-28,137,137.5,136.5,137.2,4090101,twstock/twse,2026-07-01T08:07:37Z
0050,2021-06-29,137.9,138.7,137.3,137.6,9131032,twstock/twse,2026-07-01T08:07:37Z
0050,2021-06-30,138.1,139.35,138.05,138.95,9756709,twstock/twse,2026-07-01T08:07:37Z
0050,2021-07-01,139,139.2,138.05,138.3,4680733,twstock/twse,2026-07-01T08:07:37Z
0050,2021-07-02,138.3,138.5,137.9,138.3,4826430,twstock/twse,2026-07-01T08:07:37Z
0050,2021-07-05,138.75,140,138.75,139.6,7881941,twstock/twse,2026-07-01T08:07:37Z
0050,2021-07-06,139.85,140.05,139.45,139.75,6551731,twstock/twse,2026-07-01T08:07:37Z
0050,2021-07-07,139.6,139.65,138.6,139,6776193,twstock/twse,2026-07-01T08:07:37Z
0050,2021-07-08,139.15,139.5,138.2,138.85,4085141,twstock/twse,2026-07-01T08:07:37Z
0050,2021-07-09,137.9,137.9,136.95,137.75,7176503,twstock/twse,2026-07-01T08:07:37Z
0050,2021-07-12,139.05,140.05,138.55,139,13736653,twstock/twse,2026-07-01T08:07:37Z
0050,2021-07-13,140,141,139.95,140.15,14007902,twstock/twse,2026-07-01T08:07:37Z
0050,2021-07-14,140.2,141.1,140.15,140.5,9604503,twstock/twse,2026-07-01T08:07:37Z
0050,2021-07-15,140.95,141.85,140.8,141.8,12338667,twstock/twse,2026-07-01T08:07:37Z
0050,2021-07-16,139.8,140,139.05,139.9,9507234,twstock/twse,2026-07-01T08:07:37Z
0050,2021-07-19,139,139.2,137.55,138.3,10856715,twstock/twse,2026-07-01T08:07:37Z
0050,2021-07-20,137.8,138.3,137.05,137.2,8443543,twstock/twse,2026-07-01T08:07:37Z
0050,2021-07-21,138,138,136.1,136.7,13271874,twstock/twse,2026-07-01T08:07:37Z
0050,2021-07-22,137.8,138.55,137.25,137.65,6243365,twstock/twse,2026-07-01T08:07:37Z
0050,2021-07-23,138.05,138.3,137.35,137.65,3242961,twstock/twse,2026-07-01T08:07:37Z
0050,2021-07-26,137.75,138.05,136.25,136.45,12149739,twstock/twse,2026-07-01T08:07:37Z
0050,2021-07-27,136.5,137.05,136.05,136.4,10677894,twstock/twse,2026-07-01T08:07:37Z
0050,2021-07-28,136.1,136.1,133.75,134.25,31583968,twstock/twse,2026-07-01T08:07:37Z
0050,2021-07-29,135.85,136.6,135.25,136.5,10889344,twstock/twse,2026-07-01T08:07:37Z
0050,2021-07-30,136.6,136.6,136,136.05,4040055,twstock/twse,2026-07-01T08:07:37Z
0050,2021-08-02,137,138,136.05,137.9,7376244,twstock/twse,2026-07-01T08:07:37Z
0050,2021-08-03,137.95,138.45,137.7,138.45,6224382,twstock/twse,2026-07-01T08:07:37Z
0050,2021-08-04,138.65,139.3,138.45,139.25,5642671,twstock/twse,2026-07-01T08:07:37Z
0050,2021-08-05,139.25,139.45,138.85,139,5840987,twstock/twse,2026-07-01T08:07:37Z
0050,2021-08-06,138.9,139,137.8,138.8,4031604,twstock/twse,2026-07-01T08:07:37Z
0050,2021-08-09,138.2,138.55,136.7,138.4,5186503,twstock/twse,2026-07-01T08:07:37Z
0050,2021-08-10,138.45,138.5,137.5,137.65,2676946,twstock/twse,2026-07-01T08:07:37Z
0050,2021-08-11,137.35,137.65,136.6,137.2,3867154,twstock/twse,2026-07-01T08:07:37Z
0050,2021-08-12,137.2,137.25,136.5,136.95,2376688,twstock/twse,2026-07-01T08:07:37Z
0050,2021-08-13,136.6,136.85,135.55,135.65,7816273,twstock/twse,2026-07-01T08:07:37Z
0050,2021-08-16,135.5,135.75,134.9,135.35,11135323,twstock/twse,2026-07-01T08:07:37Z
0050,2021-08-17,135.4,135.5,134.3,134.35,13757654,twstock/twse,2026-07-01T08:07:37Z
0050,2021-08-18,133.6,134.95,132.45,134.9,22162774,twstock/twse,2026-07-01T08:07:37Z
0050,2021-08-19,134.5,134.5,131.6,131.8,28091032,twstock/twse,2026-07-01T08:07:37Z
0050,2021-08-20,132.2,132.8,130.2,130.75,16501498,twstock/twse,2026-07-01T08:07:37Z
0050,2021-08-23,132.25,134.45,132.15,134.35,6086614,twstock/twse,2026-07-01T08:07:37Z
0050,2021-08-24,135.2,135.35,134.6,134.75,5086550,twstock/twse,2026-07-01T08:07:37Z
0050,2021-08-25,135.15,136.1,135.15,136.05,7031858,twstock/twse,2026-07-01T08:07:37Z
0050,2021-08-26,137.45,138,136.35,137,7276078,twstock/twse,2026-07-01T08:07:37Z
0050,2021-08-27,136.7,138.5,136.45,138.15,16875047,twstock/twse,2026-07-01T08:07:37Z
0050,2021-08-30,138.65,139.5,138.45,139.5,21974199,twstock/twse,2026-07-01T08:07:37Z
0050,2021-08-31,139.4,140.35,138.1,140.35,16604451,twstock/twse,2026-07-01T08:07:37Z
0050,2021-10-01,136.3,136.3,133.65,133.95,28939270,twstock/twse,2026-07-01T08:07:37Z
0050,2021-10-04,134.7,134.8,132.85,133.15,24299469,twstock/twse,2026-07-01T08:07:37Z
0050,2021-10-05,132,133,130.9,132.95,28469257,twstock/twse,2026-07-01T08:07:37Z
0050,2021-10-06,134,134,132,133,22785877,twstock/twse,2026-07-01T08:07:37Z
0050,2021-10-07,134.05,135.6,133.95,135.35,13826376,twstock/twse,2026-07-01T08:07:37Z
0050,2021-10-08,135.65,135.65,133.95,134.2,7988089,twstock/twse,2026-07-01T08:07:37Z
0050,2021-10-12,132.7,133.15,131.6,132.85,11588565,twstock/twse,2026-07-01T08:07:37Z
0050,2021-10-13,133.4,133.6,132.15,132.4,5741940,twstock/twse,2026-07-01T08:07:37Z
0050,2021-10-14,133.5,133.7,132.5,132.75,3441729,twstock/twse,2026-07-01T08:07:37Z
0050,2021-10-15,134.65,136.35,134.3,136.25,13728479,twstock/twse,2026-07-01T08:07:37Z
0050,2021-10-18,136.7,136.9,135.6,135.85,5450752,twstock/twse,2026-07-01T08:07:37Z
0050,2021-10-19,136.2,137.25,136.05,136.95,8666121,twstock/twse,2026-07-01T08:07:37Z
0050,2021-10-20,137.05,137.3,136.45,136.6,14674356,twstock/twse,2026-07-01T08:07:37Z
0050,2021-10-21,136.7,137.8,136.1,136.1,13292564,twstock/twse,2026-07-01T08:07:37Z
0050,2021-10-22,136.25,136.75,135.65,136.5,5321361,twstock/twse,2026-07-01T08:07:37Z
0050,2021-10-25,136,136.7,135.2,136.4,7522325,twstock/twse,2026-07-01T08:07:37Z
0050,2021-10-26,136.65,137.75,136.6,137.55,10797704,twstock/twse,2026-07-01T08:07:37Z
0050,2021-10-27,136.95,137.55,136.7,137.55,7527789,twstock/twse,2026-07-01T08:07:37Z
0050,2021-10-28,137.45,137.65,136.6,137.15,4597622,twstock/twse,2026-07-01T08:07:37Z
0050,2021-10-29,137.05,137.05,135.35,135.8,5145743,twstock/twse,2026-07-01T08:07:37Z
0050,2021-11-01,136.2,136.75,136.2,136.5,3142335,twstock/twse,2026-07-01T08:07:37Z
0050,2021-11-02,136.8,137.65,136.15,136.25,4154241,twstock/twse,2026-07-01T08:07:37Z
0050,2021-11-03,136.4,137,136.4,136.6,2399598,twstock/twse,2026-07-01T08:07:37Z
0050,2021-11-04,137.25,137.5,136.15,136.15,2662461,twstock/twse,2026-07-01T08:07:37Z
0050,2021-11-05,137.1,138.2,136.8,138.1,11655592,twstock/twse,2026-07-01T08:07:37Z
0050,2021-11-08,138.2,139.2,138.2,139.2,7721327,twstock/twse,2026-07-01T08:07:37Z
0050,2021-11-09,140.15,141.2,140.1,140.7,12860159,twstock/twse,2026-07-01T08:07:37Z
0050,2021-11-10,140.65,140.65,140,140.5,5594835,twstock/twse,2026-07-01T08:07:37Z
0050,2021-11-11,139.1,139.75,138.8,139.25,4600441,twstock/twse,2026-07-01T08:07:37Z
0050,2021-11-12,139.9,140.8,139.5,139.7,5886568,twstock/twse,2026-07-01T08:07:37Z
0050,2021-11-15,140.55,141.25,140.55,140.95,6780991,twstock/twse,2026-07-01T08:07:37Z
0050,2021-11-16,140.95,141.45,140.8,141.2,6013400,twstock/twse,2026-07-01T08:07:37Z
0050,2021-11-17,141.3,141.7,141.15,141.65,27642686,twstock/twse,2026-07-01T08:07:37Z
0050,2021-11-18,141.75,142.55,141.65,142.45,6242847,twstock/twse,2026-07-01T08:07:37Z
0050,2021-11-19,143.5,143.55,142.65,142.8,6253607,twstock/twse,2026-07-01T08:07:37Z
0050,2021-11-22,142.7,142.9,142.4,142.45,3868526,twstock/twse,2026-07-01T08:07:37Z
0050,2021-11-23,142,142,141.05,141.1,4701595,twstock/twse,2026-07-01T08:07:37Z
0050,2021-11-24,141.1,141.15,140.15,140.5,3224697,twstock/twse,2026-07-01T08:07:37Z
0050,2021-11-25,140.5,140.9,140,140.45,2612776,twstock/twse,2026-07-01T08:07:37Z
0050,2021-11-26,139.55,139.85,137.95,138.15,12594105,twstock/twse,2026-07-01T08:07:37Z
0050,2021-11-29,137.6,138.8,137.5,138.15,11534852,twstock/twse,2026-07-01T08:07:37Z
0050,2021-11-30,138.8,139.6,137.85,138,10539304,twstock/twse,2026-07-01T08:07:37Z
0050,2021-12-01,138.1,140.5,138.05,140.3,4329326,twstock/twse,2026-07-01T08:07:37Z
0050,2021-12-02,140.1,141.95,139.7,141.8,9133260,twstock/twse,2026-07-01T08:07:37Z
0050,2021-12-03,141.95,142.15,141.1,141.75,4946614,twstock/twse,2026-07-01T08:07:37Z
0050,2021-12-06,140.7,141.9,140,141.35,4060985,twstock/twse,2026-07-01T08:07:37Z
0050,2021-12-07,141.35,141.8,140.35,141.8,3157948,twstock/twse,2026-07-01T08:07:37Z
0050,2021-12-08,143.1,143.6,142.3,142.35,11183297,twstock/twse,2026-07-01T08:07:37Z
0050,2021-12-09,142.45,142.65,141.7,142,4675110,twstock/twse,2026-07-01T08:07:37Z
0050,2021-12-10,141.8,142.1,141.35,141.95,3436577,twstock/twse,2026-07-01T08:07:37Z
0050,2021-12-13,142.2,142.45,141.5,141.5,4759881,twstock/twse,2026-07-01T08:07:37Z
0050,2021-12-14,140.35,140.7,139.95,140.1,5027334,twstock/twse,2026-07-01T08:07:37Z
0050,2021-12-15,140.1,140.6,139.7,140.3,10117615,twstock/twse,2026-07-01T08:07:37Z
0050,2021-12-16,141.35,142.05,141.15,142.05,5763811,twstock/twse,2026-07-01T08:07:37Z
0050,2021-12-17,141.55,142,141.2,141.9,4979845,twstock/twse,2026-07-01T08:07:37Z
0050,2021-12-20,141.8,141.85,140.3,140.65,4582532,twstock/twse,2026-07-01T08:07:37Z
0050,2021-12-21,140.7,141.95,140.7,141.85,6716896,twstock/twse,2026-07-01T08:07:37Z
0050,2021-12-22,141.95,142,141.65,141.85,4146304,twstock/twse,2026-07-01T08:07:37Z
0050,2021-12-23,142.75,143.2,142.25,142.65,14116987,twstock/twse,2026-07-01T08:07:37Z
0050,2021-12-24,143,143.6,142.95,143.05,12807935,twstock/twse,2026-07-01T08:07:37Z
0050,2021-12-27,143.2,144.25,143.1,144.15,6838963,twstock/twse,2026-07-01T08:07:37Z
0050,2021-12-28,144.3,145.3,144.3,145.3,22888176,twstock/twse,2026-07-01T08:07:37Z
0050,2021-12-29,145.45,146.15,145.05,145.95,22807731,twstock/twse,2026-07-01T08:07:37Z
0050,2021-12-30,145.95,146,145.35,145.5,6421410,twstock/twse,2026-07-01T08:07:37Z
0050,2022-01-03,146,147.35,146,146.4,7064552,twstock/twse,2026-07-01T08:07:37Z
0050,2022-01-04,147.7,149.6,147.7,149.6,10122789,twstock/twse,2026-07-01T08:07:37Z
0050,2022-01-05,150.1,150.55,149.1,149.3,11730618,twstock/twse,2026-07-01T08:07:37Z
0050,2022-01-06,148.3,148.75,147,147.9,9085138,twstock/twse,2026-07-01T08:07:37Z
0050,2022-01-07,148.3,149,146.5,146.6,7435645,twstock/twse,2026-07-01T08:07:37Z
0050,2022-01-10,146,147.8,145.4,147.55,15979639,twstock/twse,2026-07-01T08:07:37Z
0050,2022-01-11,147.6,148.5,146.7,148.3,17984061,twstock/twse,2026-07-01T08:07:37Z
0050,2022-01-12,149.35,149.6,148.7,149.55,10326119,twstock/twse,2026-07-01T08:07:37Z
0050,2022-01-13,149.55,150.45,149.55,150.3,7680333,twstock/twse,2026-07-01T08:07:37Z
0050,2022-01-14,150.8,151.2,149.05,150.3,10400081,twstock/twse,2026-07-01T08:07:37Z
0050,2022-01-17,151.1,152.4,151.1,152,7202412,twstock/twse,2026-07-01T08:07:37Z
0050,2022-01-18,152.2,152.25,150.15,150.3,14811991,twstock/twse,2026-07-01T08:07:37Z
0050,2022-01-19,149,149.65,148.25,148.5,15371288,twstock/twse,2026-07-01T08:07:37Z
0050,2022-01-20,148.5,149.2,147.6,149.1,16845120,twstock/twse,2026-07-01T08:07:37Z
0050,2022-01-21,143.9,143.95,142.3,142.65,32475644,twstock/twse,2026-07-01T08:07:37Z
0050,2022-01-24,142.1,144,141.7,144,13767241,twstock/twse,2026-07-01T08:07:37Z
0050,2022-01-25,142.55,142.55,141.25,141.65,25646145,twstock/twse,2026-07-01T08:07:37Z
0050,2022-01-26,141.15,142.2,141.05,141.55,18559075,twstock/twse,2026-07-01T08:07:37Z
0050,2022-02-07,142.6,142.8,141.2,142.3,25312461,twstock/twse,2026-07-01T08:07:37Z
0050,2022-02-08,143.3,143.5,142.8,142.9,11521967,twstock/twse,2026-07-01T08:07:37Z
0050,2022-02-09,143.5,143.5,142.65,143.4,8470497,twstock/twse,2026-07-01T08:07:37Z
0050,2022-02-10,143.9,145.05,143.5,145.05,6325130,twstock/twse,2026-07-01T08:07:37Z
0050,2022-02-11,144.7,145.05,144.05,144.95,4556282,twstock/twse,2026-07-01T08:07:37Z
0050,2022-02-14,143.95,143.95,142.2,142.7,12907152,twstock/twse,2026-07-01T08:07:37Z
0050,2022-02-15,142.7,143.2,141.95,142.05,8139525,twstock/twse,2026-07-01T08:07:37Z
0050,2022-02-16,143.9,144.45,143.8,144.4,6906308,twstock/twse,2026-07-01T08:07:37Z
0050,2022-02-17,144.4,145,144,144.5,5161916,twstock/twse,2026-07-01T08:07:37Z
0050,2022-02-18,143.5,144.15,143.05,144.1,4068622,twstock/twse,2026-07-01T08:07:37Z
0050,2022-02-21,143.45,143.85,142.8,143.8,4807904,twstock/twse,2026-07-01T08:07:37Z
0050,2022-02-22,142.6,142.65,140.75,141.85,20814988,twstock/twse,2026-07-01T08:07:37Z
0050,2022-02-23,141.85,142.4,141.65,142.25,4803500,twstock/twse,2026-07-01T08:07:37Z
0050,2022-02-24,141.1,141.1,138.3,138.8,32725876,twstock/twse,2026-07-01T08:07:37Z
0050,2022-02-25,139.05,139.2,137.85,138.5,24731645,twstock/twse,2026-07-01T08:07:37Z
0050,2022-03-01,139.05,140.8,138.85,140.45,8694504,twstock/twse,2026-07-01T08:07:37Z
0050,2022-03-02,140,140.1,139.2,139.65,6778502,twstock/twse,2026-07-01T08:07:37Z
0050,2022-03-03,140.5,140.8,139.85,139.95,4742921,twstock/twse,2026-07-01T08:07:37Z
0050,2022-03-04,138.5,138.85,137.95,138.45,14283278,twstock/twse,2026-07-01T08:07:37Z
0050,2022-03-07,136.9,136.9,133.75,134,57431892,twstock/twse,2026-07-01T08:07:37Z
0050,2022-03-08,132.45,133.15,131,131.15,46246906,twstock/twse,2026-07-01T08:07:37Z
0050,2022-03-09,132.2,133.25,132.2,132.5,22656321,twstock/twse,2026-07-01T08:07:37Z
0050,2022-03-10,135.2,136.55,135.2,136.35,15177320,twstock/twse,2026-07-01T08:07:37Z
0050,2022-03-11,135.85,135.85,134.2,134.4,11806594,twstock/twse,2026-07-01T08:07:37Z
0050,2022-03-14,135,135.35,134,134.4,9183817,twstock/twse,2026-07-01T08:07:37Z
0050,2022-03-15,133.15,133.15,131.4,131.65,26456827,twstock/twse,2026-07-01T08:07:37Z
0050,2022-03-16,133.2,133.25,131.1,132.2,20364324,twstock/twse,2026-07-01T08:07:37Z
0050,2022-03-17,135.45,136.5,135.2,136.4,14459851,twstock/twse,2026-07-01T08:07:37Z
0050,2022-03-18,136.6,136.6,135.5,136.1,12975464,twstock/twse,2026-07-01T08:07:37Z
0050,2022-03-21,136.8,137.65,136.8,137,8071045,twstock/twse,2026-07-01T08:07:37Z
0050,2022-03-22,136.8,137,136.3,136.8,6251029,twstock/twse,2026-07-01T08:07:37Z
0050,2022-03-23,137.6,138.35,137.55,138.1,10632461,twstock/twse,2026-07-01T08:07:37Z
0050,2022-03-24,137.5,138.1,137.05,138,4479584,twstock/twse,2026-07-01T08:07:37Z
0050,2022-03-25,138.4,138.5,137.9,138.2,5074402,twstock/twse,2026-07-01T08:07:37Z
0050,2022-03-28,137,137,135.55,136.7,11194840,twstock/twse,2026-07-01T08:07:37Z
0050,2022-03-29,137,137.2,136.6,136.85,6644012,twstock/twse,2026-07-01T08:07:37Z
0050,2022-03-30,138.05,138.7,138.05,138.55,8498372,twstock/twse,2026-07-01T08:07:37Z
0050,2022-03-31,138.55,138.65,138.1,138.1,3748776,twstock/twse,2026-07-01T08:07:37Z
0050,2022-04-01,136.6,136.95,136.15,136.95,8220571,twstock/twse,2026-07-01T08:07:37Z
0050,2022-04-06,135.25,136.35,135,136.25,12266186,twstock/twse,2026-07-01T08:07:37Z
0050,2022-04-07,135.1,135.1,133.8,133.8,16680908,twstock/twse,2026-07-01T08:07:37Z
0050,2022-04-08,134.1,134.55,133.75,134.55,9480787,twstock/twse,2026-07-01T08:07:37Z
0050,2022-04-11,134.15,134.45,132.2,132.45,18450771,twstock/twse,2026-07-01T08:07:37Z
0050,2022-04-12,132.15,132.85,131.6,132.55,15367279,twstock/twse,2026-07-01T08:07:37Z
0050,2022-04-13,133.4,135.2,133.2,135.05,7246152,twstock/twse,2026-07-01T08:07:37Z
0050,2022-04-14,135.75,135.75,134.55,134.55,5235079,twstock/twse,2026-07-01T08:07:37Z
0050,2022-04-15,132.85,133.05,132,132.25,22334668,twstock/twse,2026-07-01T08:07:37Z
0050,2022-04-18,132,132.25,131.15,131.55,19495870,twstock/twse,2026-07-01T08:07:37Z
0050,2022-04-19,132.25,132.95,131.85,132,9433361,twstock/twse,2026-07-01T08:07:37Z
0050,2022-04-20,132.2,132.7,131.65,132.65,7104382,twstock/twse,2026-07-01T08:07:37Z
0050,2022-04-21,133.25,133.6,132.65,132.75,4226570,twstock/twse,2026-07-01T08:07:37Z
0050,2022-04-22,131.4,131.75,130.85,131.6,12398307,twstock/twse,2026-07-01T08:07:37Z
0050,2022-04-25,130,130.05,128.65,129.25,35058202,twstock/twse,2026-07-01T08:07:37Z
0050,2022-04-26,129.75,129.8,128.85,129.25,10361395,twstock/twse,2026-07-01T08:07:37Z
0050,2022-04-27,127,127,126.05,126.55,31244250,twstock/twse,2026-07-01T08:07:37Z
0050,2022-04-28,127.35,127.4,125.95,127.1,12311754,twstock/twse,2026-07-01T08:07:37Z
0050,2022-04-29,128.9,129.5,128.25,128.75,12271215,twstock/twse,2026-07-01T08:07:37Z
0050,2022-05-03,128.55,128.7,127.45,127.8,7021550,twstock/twse,2026-07-01T08:07:37Z
0050,2022-05-04,128.3,128.45,127.5,127.8,10324829,twstock/twse,2026-07-01T08:07:37Z
0050,2022-05-05,129.5,129.8,128.95,129.25,6508490,twstock/twse,2026-07-01T08:07:37Z
0050,2022-05-06,126.45,126.85,125.95,126.65,18804033,twstock/twse,2026-07-01T08:07:37Z
0050,2022-05-09,125.5,125.55,124.5,124.55,14256432,twstock/twse,2026-07-01T08:07:37Z
0050,2022-05-10,122.15,124.1,121.55,124,14865244,twstock/twse,2026-07-01T08:07:37Z
0050,2022-05-11,123.85,124.45,123.3,124.2,8458090,twstock/twse,2026-07-01T08:07:37Z
0050,2022-05-12,123,123,121.2,121.25,13693487,twstock/twse,2026-07-01T08:07:37Z
0050,2022-05-13,122.1,122.35,121.55,122.35,7332122,twstock/twse,2026-07-01T08:07:37Z
0050,2022-05-16,123.45,124,122.5,123,6085859,twstock/twse,2026-07-01T08:07:37Z
0050,2022-05-17,123.15,124.5,123.15,124.35,4399419,twstock/twse,2026-07-01T08:07:37Z
0050,2022-05-18,125.35,126,125.25,125.7,6600381,twstock/twse,2026-07-01T08:07:37Z
0050,2022-05-19,123.45,123.8,122.65,123.3,7894711,twstock/twse,2026-07-01T08:07:37Z
0050,2022-05-20,123.75,124.95,123.65,124.65,3867232,twstock/twse,2026-07-01T08:07:37Z
0050,2022-05-23,125.3,125.6,124.5,124.9,2859330,twstock/twse,2026-07-01T08:07:37Z
0050,2022-05-24,125,125.2,123.4,123.5,5469914,twstock/twse,2026-07-01T08:07:37Z
0050,2022-05-25,123.7,124.7,123.45,124.45,2724739,twstock/twse,2026-07-01T08:07:37Z
0050,2022-05-26,125,125,122.85,122.9,6240375,twstock/twse,2026-07-01T08:07:37Z
0050,2022-05-27,124.15,125.8,124.05,125.5,11895801,twstock/twse,2026-07-01T08:07:37Z
0050,2022-05-30,127.25,128.6,127.05,128.55,14840687,twstock/twse,2026-07-01T08:07:37Z
0050,2022-05-31,128.45,129.8,127.6,129.8,7233052,twstock/twse,2026-07-01T08:07:37Z
0050,2022-06-01,129.3,130.05,129,129.15,6730117,twstock/twse,2026-07-01T08:07:37Z
0050,2022-06-02,128.45,128.45,127.6,127.8,4721923,twstock/twse,2026-07-01T08:07:37Z
0050,2022-06-06,128.25,129,127.45,128.7,4292361,twstock/twse,2026-07-01T08:07:37Z
0050,2022-06-07,127.95,127.95,126.85,127.4,5160242,twstock/twse,2026-07-01T08:07:37Z
0050,2022-06-08,128.5,129.1,128.15,128.8,4110313,twstock/twse,2026-07-01T08:07:37Z
0050,2022-06-09,128.2,128.5,127.65,128.4,2056798,twstock/twse,2026-07-01T08:07:37Z
0050,2022-06-10,126.8,127.4,126.4,127.1,4616549,twstock/twse,2026-07-01T08:07:37Z
0050,2022-06-13,124.1,124.25,123.45,123.55,18437079,twstock/twse,2026-07-01T08:07:37Z
0050,2022-06-14,122.6,123.55,122.1,123.35,12474631,twstock/twse,2026-07-01T08:07:37Z
0050,2022-06-15,123,123.6,122.65,122.75,9373128,twstock/twse,2026-07-01T08:07:37Z
0050,2022-06-16,124.1,125,122.25,122.5,13116110,twstock/twse,2026-07-01T08:07:37Z
0050,2022-06-17,121,121.5,120.4,120.85,21263720,twstock/twse,2026-07-01T08:07:37Z
0050,2022-06-20,120.9,120.95,119.5,119.75,11621643,twstock/twse,2026-07-01T08:07:37Z
0050,2022-06-21,120.95,122.2,120.35,122.2,6691755,twstock/twse,2026-07-01T08:07:37Z
0050,2022-06-22,121.7,121.7,119.35,119.5,16172586,twstock/twse,2026-07-01T08:07:37Z
0050,2022-06-23,119.8,119.8,117.25,117.9,18053581,twstock/twse,2026-07-01T08:07:37Z
0050,2022-06-24,118.65,119.3,117.95,118.15,11166572,twstock/twse,2026-07-01T08:07:37Z
0050,2022-06-27,119.8,121.45,119.8,120.95,16926661,twstock/twse,2026-07-01T08:07:37Z
0050,2022-06-28,120.8,120.8,119.25,119.8,11140021,twstock/twse,2026-07-01T08:07:37Z
0050,2022-06-29,118.7,119.55,118.5,118.8,6670681,twstock/twse,2026-07-01T08:07:37Z
0050,2022-06-30,117.7,117.8,115.5,115.8,22064782,twstock/twse,2026-07-01T08:07:37Z
0050,2022-07-01,115.65,115.65,111.2,111.55,36878756,twstock/twse,2026-07-01T08:07:37Z
0050,2022-07-04,111.25,112.2,110,110.45,27456531,twstock/twse,2026-07-01T08:07:37Z
0050,2022-07-05,112.55,112.95,109,111,17050908,twstock/twse,2026-07-01T08:07:37Z
0050,2022-07-06,111,111.05,108.45,108.85,16720163,twstock/twse,2026-07-01T08:07:37Z
0050,2022-07-07,109.45,112.15,108.55,112.1,13797274,twstock/twse,2026-07-01T08:07:37Z
0050,2022-07-08,113.3,113.9,112.3,113.25,10632316,twstock/twse,2026-07-01T08:07:37Z
0050,2022-07-11,113.65,113.7,111.85,112.25,8031808,twstock/twse,2026-07-01T08:07:37Z
0050,2022-07-12,110.95,110.95,109.15,109.55,12036545,twstock/twse,2026-07-01T08:07:37Z
0050,2022-07-13,113,113.65,112.6,113.45,25339925,twstock/twse,2026-07-01T08:07:37Z
0050,2022-07-14,112.7,114.25,111.8,114,15117665,twstock/twse,2026-07-01T08:07:37Z
0050,2022-07-15,114.6,115.65,113.75,115.5,19084676,twstock/twse,2026-07-01T08:07:37Z
0050,2022-07-18,114.65,114.85,113.95,114.2,22677308,twstock/twse,2026-07-01T08:07:37Z
0050,2022-07-19,113.95,114.65,113.6,114.3,13479392,twstock/twse,2026-07-01T08:07:37Z
0050,2022-07-20,115.85,116.2,114.7,115.05,17257016,twstock/twse,2026-07-01T08:07:37Z
0050,2022-07-21,115.4,116.35,115,116.35,9016500,twstock/twse,2026-07-01T08:07:37Z
0050,2022-07-22,116.6,117.2,116.3,116.8,15904768,twstock/twse,2026-07-01T08:07:37Z
0050,2022-07-25,116.3,116.95,116,116.7,10845215,twstock/twse,2026-07-01T08:07:37Z
0050,2022-07-26,116.6,116.6,115.3,115.65,13077161,twstock/twse,2026-07-01T08:07:37Z
0050,2022-07-27,115.5,116.7,115.15,116.7,8102634,twstock/twse,2026-07-01T08:07:37Z
0050,2022-07-28,117.85,117.95,116.9,116.9,8557891,twstock/twse,2026-07-01T08:07:37Z
0050,2022-07-29,118.15,118.5,117.65,118,8291615,twstock/twse,2026-07-01T08:07:37Z
0050,2022-08-01,118.1,118.1,117.2,117.65,9841470,twstock/twse,2026-07-01T08:07:37Z
0050,2022-08-02,116.55,116.55,115.1,115.55,18600451,twstock/twse,2026-07-01T08:07:37Z
0050,2022-08-03,115.65,116.25,115.5,116.25,8100057,twstock/twse,2026-07-01T08:07:37Z
0050,2022-08-04,116.35,116.8,115.2,116.55,7108342,twstock/twse,2026-07-01T08:07:37Z
0050,2022-08-05,118,119.5,117.9,119.5,9625538,twstock/twse,2026-07-01T08:07:37Z
0050,2022-08-08,119,119.25,118.3,119.25,8966011,twstock/twse,2026-07-01T08:07:37Z
0050,2022-08-09,118.4,119.5,118,119.15,8186879,twstock/twse,2026-07-01T08:07:37Z
0050,2022-08-10,118,118.2,117.5,117.9,7796649,twstock/twse,2026-07-01T08:07:37Z
0050,2022-08-11,119.8,120.45,119.6,120.05,10957384,twstock/twse,2026-07-01T08:07:37Z
0050,2022-08-12,120.55,121,120.3,120.8,8598361,twstock/twse,2026-07-01T08:07:37Z
0050,2022-08-15,121.45,122.1,121.25,121.9,9837499,twstock/twse,2026-07-01T08:07:37Z
0050,2022-08-16,122,122.3,121.9,122.1,10114278,twstock/twse,2026-07-01T08:07:37Z
0050,2022-08-17,122.1,122.3,121.8,122.15,14115407,twstock/twse,2026-07-01T08:07:37Z
0050,2022-08-18,121.4,121.45,120.95,121.35,5637817,twstock/twse,2026-07-01T08:07:37Z
0050,2022-08-19,121.25,122,120.9,121.55,4315583,twstock/twse,2026-07-01T08:07:37Z
0050,2022-08-22,120,120.25,119.7,119.8,8972758,twstock/twse,2026-07-01T08:07:37Z
0050,2022-08-23,118.55,119,118.2,118.2,11095739,twstock/twse,2026-07-01T08:07:37Z
0050,2022-08-24,118.8,118.95,117.65,117.9,7558746,twstock/twse,2026-07-01T08:07:37Z
0050,2022-08-25,118.5,119.45,118.45,119,5143118,twstock/twse,2026-07-01T08:07:37Z
0050,2022-08-26,119.85,120.1,119.45,119.6,10173674,twstock/twse,2026-07-01T08:07:37Z
0050,2022-08-29,116.25,116.95,116,116.55,17248914,twstock/twse,2026-07-01T08:07:37Z
0050,2022-08-30,116.55,117.2,116.2,116.75,12722112,twstock/twse,2026-07-01T08:07:37Z
0050,2022-08-31,115.95,117.6,115.8,117.6,7324798,twstock/twse,2026-07-01T08:07:37Z
0050,2022-09-01,115.5,115.6,114.75,115.15,23181870,twstock/twse,2026-07-01T08:07:37Z
0050,2022-09-02,115.1,115.1,113.85,113.9,15351769,twstock/twse,2026-07-01T08:07:37Z
0050,2022-09-05,114.1,114.75,113.7,114.15,9508218,twstock/twse,2026-07-01T08:07:37Z
0050,2022-09-06,114.8,115.4,114.25,114.9,6757649,twstock/twse,2026-07-01T08:07:37Z
0050,2022-09-07,113.1,113.15,112.1,112.2,17431510,twstock/twse,2026-07-01T08:07:37Z
0050,2022-09-08,113.05,113.05,112.4,113,7535495,twstock/twse,2026-07-01T08:07:37Z
0050,2022-09-12,115.3,115.65,115,115.4,7850900,twstock/twse,2026-07-01T08:07:37Z
0050,2022-09-13,116.1,116.4,115.75,116,4768515,twstock/twse,2026-07-01T08:07:37Z
0050,2022-09-14,113.05,113.95,112.8,113.65,11875719,twstock/twse,2026-07-01T08:07:37Z
0050,2022-09-15,113.5,114.25,113.2,113.85,4051460,twstock/twse,2026-07-01T08:07:37Z
0050,2022-09-16,112.65,112.85,112.3,112.55,13858212,twstock/twse,2026-07-01T08:07:37Z
0050,2022-09-19,112.95,112.95,111.9,112.05,7705465,twstock/twse,2026-07-01T08:07:37Z
0050,2022-09-20,112.55,113.15,112.25,113.05,5999746,twstock/twse,2026-07-01T08:07:37Z
0050,2022-09-21,112.8,112.8,111.8,112.1,11672155,twstock/twse,2026-07-01T08:07:37Z
0050,2022-09-22,110.4,110.75,109.5,110.75,16093771,twstock/twse,2026-07-01T08:07:37Z
0050,2022-09-23,110.25,110.35,109.35,109.7,15826978,twstock/twse,2026-07-01T08:07:37Z
0050,2022-09-26,108.05,108.05,107.15,107.65,21804952,twstock/twse,2026-07-01T08:07:37Z
0050,2022-09-27,107.8,107.95,107,107.5,9580153,twstock/twse,2026-07-01T08:07:37Z
0050,2022-09-28,107.6,107.65,105.25,105.25,20345587,twstock/twse,2026-07-01T08:07:37Z
0050,2022-09-29,106.45,106.45,104.6,104.9,11208229,twstock/twse,2026-07-01T08:07:37Z
0050,2022-09-30,103.3,103.9,103,103.45,13648874,twstock/twse,2026-07-01T08:07:37Z
0050,2022-10-03,102.5,103.6,102.05,102.2,11975969,twstock/twse,2026-07-01T08:07:37Z
0050,2022-10-04,104.55,104.8,104.1,104.8,7833142,twstock/twse,2026-07-01T08:07:37Z
0050,2022-10-05,106.5,107.85,106.35,107.25,11194438,twstock/twse,2026-07-01T08:07:37Z
0050,2022-10-06,107.8,108,107.5,108,8691035,twstock/twse,2026-07-01T08:07:37Z
0050,2022-10-07,107.4,107.4,106.1,106.2,9160530,twstock/twse,2026-07-01T08:07:37Z
0050,2022-10-11,102,102.15,100.5,100.7,34441616,twstock/twse,2026-07-01T08:07:37Z
0050,2022-10-12,100.4,100.7,99.55,100.2,14465314,twstock/twse,2026-07-01T08:07:37Z
0050,2022-10-13,100.55,100.55,99,99,22325644,twstock/twse,2026-07-01T08:07:37Z
0050,2022-10-14,101.75,102.3,101.1,101.85,11783757,twstock/twse,2026-07-01T08:07:37Z
0050,2022-10-17,99.95,100.1,99.05,99.95,20644755,twstock/twse,2026-07-01T08:07:37Z
0050,2022-10-18,101.5,101.55,99.95,101.1,6617063,twstock/twse,2026-07-01T08:07:37Z
0050,2022-10-19,100.8,101,99.55,99.75,16168656,twstock/twse,2026-07-01T08:07:37Z
0050,2022-10-20,98.2,99.45,97.35,99.2,20052215,twstock/twse,2026-07-01T08:07:37Z
0050,2022-10-21,99.3,99.85,98.7,98.9,12689251,twstock/twse,2026-07-01T08:07:37Z
0050,2022-10-24,100.75,100.8,98.6,98.6,17387205,twstock/twse,2026-07-01T08:07:37Z
0050,2022-10-25,98.6,98.6,96.5,96.7,21366539,twstock/twse,2026-07-01T08:07:37Z
0050,2022-10-26,96.85,98,96.5,97.6,11205246,twstock/twse,2026-07-01T08:07:37Z
0050,2022-10-27,98.5,99.35,98.5,99,8254594,twstock/twse,2026-07-01T08:07:37Z
0050,2022-10-28,98.6,98.6,97.25,97.75,12102185,twstock/twse,2026-07-01T08:07:37Z
0050,2022-10-31,98.85,99.35,98.1,99.05,10298898,twstock/twse,2026-07-01T08:07:37Z
0050,2022-11-01,98.85,99.95,98.8,99.6,8491868,twstock/twse,2026-07-01T08:07:37Z
0050,2022-11-02,99.6,100.05,99.4,100,7245488,twstock/twse,2026-07-01T08:07:37Z
0050,2022-11-03,98.5,98.85,98.35,98.7,14068192,twstock/twse,2026-07-01T08:07:37Z
0050,2022-11-04,98.1,98.95,97.5,98.85,6727808,twstock/twse,2026-07-01T08:07:37Z
0050,2022-11-07,99.8,100.85,99.55,100.55,12464513,twstock/twse,2026-07-01T08:07:37Z
0050,2022-11-08,101.45,101.95,101.25,101.6,10726648,twstock/twse,2026-07-01T08:07:37Z
0050,2022-11-09,102.55,104.5,102.55,104.5,19308833,twstock/twse,2026-07-01T08:07:37Z
0050,2022-11-10,103.45,103.85,103.2,103.5,15112976,twstock/twse,2026-07-01T08:07:37Z
0050,2022-11-11,108.55,109,107.8,109,35134524,twstock/twse,2026-07-01T08:07:37Z
0050,2022-11-14,109.8,110.4,109.4,110,18631343,twstock/twse,2026-07-01T08:07:37Z
0050,2022-11-15,111.2,114.95,111.2,114.7,34799438,twstock/twse,2026-07-01T08:07:37Z
0050,2022-11-16,115,115.75,113.85,114.5,24251504,twstock/twse,2026-07-01T08:07:37Z
0050,2022-11-17,113.95,114.65,112.85,114.55,13741730,twstock/twse,2026-07-01T08:07:37Z
0050,2022-11-18,114.9,115.85,114.05,114.25,10968139,twstock/twse,2026-07-01T08:07:37Z
0050,2022-11-21,114.35,114.65,113.7,113.85,8978435,twstock/twse,2026-07-01T08:07:37Z
0050,2022-11-22,113.4,115,113.05,114.8,5798244,twstock/twse,2026-07-01T08:07:37Z
0050,2022-11-23,115.65,115.9,115.05,115.6,8224840,twstock/twse,2026-07-01T08:07:37Z
0050,2022-11-24,116,116.85,115.9,116.7,15641447,twstock/twse,2026-07-01T08:07:37Z
0050,2022-11-25,116.65,116.95,116.35,116.7,16343906,twstock/twse,2026-07-01T08:07:37Z
0050,2022-11-28,114.6,115.3,113.9,114.35,15627449,twstock/twse,2026-07-01T08:07:37Z
0050,2022-11-29,113.85,115.4,113.1,115.4,10926996,twstock/twse,2026-07-01T08:07:37Z
0050,2022-11-30,115.1,116.4,114.85,116.35,9535815,twstock/twse,2026-07-01T08:07:37Z
0050,2022-12-01,119.2,119.5,118,118.35,25136792,twstock/twse,2026-07-01T08:07:37Z
0050,2022-12-02,117.3,117.95,117,117.3,7796015,twstock/twse,2026-07-01T08:07:37Z
0050,2022-12-05,117.3,118.5,117.2,117.45,12330303,twstock/twse,2026-07-01T08:07:37Z
0050,2022-12-06,116.8,116.8,115.2,115.3,10637488,twstock/twse,2026-07-01T08:07:37Z
0050,2022-12-07,114.5,115.85,114.2,114.6,8636949,twstock/twse,2026-07-01T08:07:37Z
0050,2022-12-08,114.05,114.1,112.45,113.25,9682884,twstock/twse,2026-07-01T08:07:37Z
0050,2022-12-09,114,115.25,113.95,115,6394176,twstock/twse,2026-07-01T08:07:37Z
0050,2022-12-12,114.2,114.2,113.25,113.9,8764346,twstock/twse,2026-07-01T08:07:37Z
0050,2022-12-13,114.5,114.5,113.25,113.4,6860743,twstock/twse,2026-07-01T08:07:37Z
0050,2022-12-14,114.1,115,114,114.8,8037662,twstock/twse,2026-07-01T08:07:37Z
0050,2022-12-15,114.3,115.05,113.9,114.9,8045621,twstock/twse,2026-07-01T08:07:37Z
0050,2022-12-16,112.5,113.3,112.25,113,12792990,twstock/twse,2026-07-01T08:07:37Z
0050,2022-12-19,112.35,112.95,112,112.35,6504872,twstock/twse,2026-07-01T08:07:37Z
0050,2022-12-20,112.15,112.5,110.05,110.3,13446289,twstock/twse,2026-07-01T08:07:37Z
0050,2022-12-21,110.8,111.4,110.3,110.75,12203031,twstock/twse,2026-07-01T08:07:37Z
0050,2022-12-22,111.75,112.75,111.75,112.6,5166548,twstock/twse,2026-07-01T08:07:37Z
0050,2022-12-23,110.7,111.05,110.4,110.7,6556232,twstock/twse,2026-07-01T08:07:37Z
0050,2022-12-26,110.8,111.2,110.7,111.1,4258430,twstock/twse,2026-07-01T08:07:37Z
0050,2022-12-27,111.4,112.25,111.4,111.6,4269800,twstock/twse,2026-07-01T08:07:37Z
0050,2022-12-28,110.5,110.5,109.4,110,13002156,twstock/twse,2026-07-01T08:07:37Z
0050,2022-12-29,109.2,109.6,108.4,109.5,14342647,twstock/twse,2026-07-01T08:07:37Z
0050,2022-12-30,110.6,110.75,110.2,110.2,8890361,twstock/twse,2026-07-01T08:07:37Z
0050,2023-01-03,109.6,110.9,108.45,110.75,15272877,twstock/twse,2026-07-01T08:07:37Z
0050,2023-01-04,110.3,110.8,110.1,110.5,14211742,twstock/twse,2026-07-01T08:07:37Z
0050,2023-01-05,111.25,111.7,110.95,111.3,12395862,twstock/twse,2026-07-01T08:07:37Z
0050,2023-01-06,111.2,112.2,111.15,111.8,11826560,twstock/twse,2026-07-01T08:07:37Z
0050,2023-01-09,114,115.8,113.9,115.8,15649173,twstock/twse,2026-07-01T08:07:37Z
0050,2023-01-10,115.95,116.4,115.75,116.25,12427863,twstock/twse,2026-07-01T08:07:37Z
0050,2023-01-11,116.65,116.75,115.9,116.35,15849620,twstock/twse,2026-07-01T08:07:37Z
0050,2023-01-12,116.5,116.6,115.65,115.85,10249887,twstock/twse,2026-07-01T08:07:37Z
0050,2023-01-13,118.5,118.6,116.95,117.2,28912072,twstock/twse,2026-07-01T08:07:37Z
0050,2023-01-16,118.1,118.55,118,118.1,28203249,twstock/twse,2026-07-01T08:07:37Z
0050,2023-01-17,118.35,118.35,117.8,118.1,14600817,twstock/twse,2026-07-01T08:07:37Z
0050,2023-01-30,120.8,121,120,120.7,44330389,twstock/twse,2026-07-01T08:07:37Z
0050,2023-01-31,120.6,120.6,118.3,118.3,22474562,twstock/twse,2026-07-01T08:07:37Z
0050,2023-02-01,119.1,119.45,118.45,119,6903171,twstock/twse,2026-07-01T08:07:37Z
0050,2023-02-02,120.3,121.1,120.25,121,16194958,twstock/twse,2026-07-01T08:07:37Z
0050,2023-02-03,120.95,121.2,120.2,121,9934984,twstock/twse,2026-07-01T08:07:37Z
0050,2023-02-06,120.1,120.1,119.25,119.25,14297030,twstock/twse,2026-07-01T08:07:37Z
0050,2023-02-07,119.1,119.25,118.55,119,8787291,twstock/twse,2026-07-01T08:07:37Z
0050,2023-02-08,120.1,120.95,120,120.85,9239321,twstock/twse,2026-07-01T08:07:37Z
0050,2023-02-09,120.5,121,120.3,120.9,5032245,twstock/twse,2026-07-01T08:07:37Z
0050,2023-02-10,120.9,121.1,120.6,121,6572526,twstock/twse,2026-07-01T08:07:37Z
0050,2023-02-13,120.7,120.9,119.9,120.75,4149906,twstock/twse,2026-07-01T08:07:37Z
0050,2023-02-14,121.25,121.8,121.25,121.65,7965786,twstock/twse,2026-07-01T08:07:37Z
0050,2023-02-15,119.95,120.25,118.8,118.85,13852368,twstock/twse,2026-07-01T08:07:37Z
0050,2023-02-16,119.3,120.5,119.3,120.3,11233273,twstock/twse,2026-07-01T08:07:37Z
0050,2023-02-17,119.3,119.3,118.4,118.75,8960233,twstock/twse,2026-07-01T08:07:37Z
0050,2023-02-20,118.55,119.35,118.1,119,6230136,twstock/twse,2026-07-01T08:07:37Z
0050,2023-02-21,119,119.1,118.55,118.95,4772315,twstock/twse,2026-07-01T08:07:37Z
0050,2023-02-22,117.5,117.75,117.1,117.65,12041784,twstock/twse,2026-07-01T08:07:37Z
0050,2023-02-23,117.95,119.8,117.95,119.4,6448658,twstock/twse,2026-07-01T08:07:37Z
0050,2023-02-24,119.9,120.1,118.8,118.8,5828709,twstock/twse,2026-07-01T08:07:37Z
0050,2023-03-01,117.3,119.45,116.85,119.35,7996077,twstock/twse,2026-07-01T08:07:37Z
0050,2023-03-02,119.35,119.35,118.3,119.25,3750827,twstock/twse,2026-07-01T08:07:37Z
0050,2023-03-03,119.8,120.1,119.2,119.35,3341290,twstock/twse,2026-07-01T08:07:37Z
0050,2023-03-06,120.15,120.9,119.9,120.5,9805282,twstock/twse,2026-07-01T08:07:37Z
0050,2023-03-07,120.55,121.4,120.2,121.3,7894646,twstock/twse,2026-07-01T08:07:37Z
0050,2023-03-08,120.5,120.6,119.8,120.3,6752736,twstock/twse,2026-07-01T08:07:37Z
0050,2023-03-09,120.75,120.8,120.2,120.2,3505542,twstock/twse,2026-07-01T08:07:37Z
0050,2023-03-10,118.85,118.95,118,118.3,15018299,twstock/twse,2026-07-01T08:07:37Z
0050,2023-03-13,117.95,119.1,117.4,118.8,19295272,twstock/twse,2026-07-01T08:07:37Z
0050,2023-03-14,117.55,117.95,117.15,117.5,12145943,twstock/twse,2026-07-01T08:07:37Z
0050,2023-03-15,118.4,118.7,117.45,117.6,12613249,twstock/twse,2026-07-01T08:07:37Z
0050,2023-03-16,117.2,117.4,116.5,117.05,16683826,twstock/twse,2026-07-01T08:07:37Z
0050,2023-03-17,117.85,118.95,117.8,118.95,11087333,twstock/twse,2026-07-01T08:07:37Z
0050,2023-03-20,118.95,119.05,117.85,118.1,7527505,twstock/twse,2026-07-01T08:07:37Z
0050,2023-03-21,118.5,118.75,118.2,118.65,3732049,twstock/twse,2026-07-01T08:07:37Z
0050,2023-03-22,119.45,120.9,119.45,120.9,15003597,twstock/twse,2026-07-01T08:07:37Z
0050,2023-03-23,120.65,122.3,120.45,121.85,16090498,twstock/twse,2026-07-01T08:07:37Z
0050,2023-03-24,122,122.3,121.55,122.2,13919981,twstock/twse,2026-07-01T08:07:37Z
0050,2023-03-27,121.75,121.9,121.2,121.45,11001040,twstock/twse,2026-07-01T08:07:37Z
0050,2023-03-28,120.95,121.15,120.2,120.4,10125868,twstock/twse,2026-07-01T08:07:37Z
0050,2023-03-29,120.65,121.05,120.15,120.6,3255113,twstock/twse,2026-07-01T08:07:37Z
0050,2023-03-30,121.4,121.7,120.75,121.2,11586756,twstock/twse,2026-07-01T08:07:37Z
0050,2023-03-31,121.7,122.35,121.4,121.6,15218318,twstock/twse,2026-07-01T08:07:37Z
0050,2023-04-06,120.85,121,120.2,121,8076540,twstock/twse,2026-07-01T08:07:37Z
0050,2023-04-07,121.25,121.45,120.8,121,4623088,twstock/twse,2026-07-01T08:07:37Z
0050,2023-04-10,121.25,121.65,120.9,121,4503497,twstock/twse,2026-07-01T08:07:37Z
0050,2023-04-11,121,121.15,120.4,120.85,6233410,twstock/twse,2026-07-01T08:07:37Z
0050,2023-04-12,120.85,120.85,120.15,120.55,3247078,twstock/twse,2026-07-01T08:07:37Z
0050,2023-04-13,120.05,120.15,119.5,119.5,7509494,twstock/twse,2026-07-01T08:07:37Z
0050,2023-04-14,120,120.9,119.85,120.65,3289954,twstock/twse,2026-07-01T08:07:37Z
0050,2023-04-17,120.35,120.5,119.8,120.35,6061114,twstock/twse,2026-07-01T08:07:37Z
0050,2023-04-18,120.35,120.4,119.75,119.95,5183750,twstock/twse,2026-07-01T08:07:37Z
0050,2023-04-19,120,120.05,118.8,119.05,8700172,twstock/twse,2026-07-01T08:07:37Z
0050,2023-04-20,118.85,119.4,118.4,118.9,7081813,twstock/twse,2026-07-01T08:07:37Z
0050,2023-04-21,119.45,119.55,118.5,118.6,5326801,twstock/twse,2026-07-01T08:07:37Z
0050,2023-04-24,117.8,118.5,117.7,118.15,7308582,twstock/twse,2026-07-01T08:07:37Z
0050,2023-04-25,118.3,118.3,116.55,116.6,21039325,twstock/twse,2026-07-01T08:07:37Z
0050,2023-04-26,116.55,116.6,115.65,116.1,14209529,twstock/twse,2026-07-01T08:07:37Z
0050,2023-04-27,116.05,116.65,115.5,116,10274310,twstock/twse,2026-07-01T08:07:37Z
0050,2023-04-28,116.85,117.55,116.85,117.4,6023403,twstock/twse,2026-07-01T08:07:37Z
0050,2023-05-02,117.45,118,117.1,117.7,5572977,twstock/twse,2026-07-01T08:07:37Z
0050,2023-05-03,117.35,117.35,116.8,117.2,4652271,twstock/twse,2026-07-01T08:07:37Z
0050,2023-05-04,117,117.5,116.7,117.5,3888293,twstock/twse,2026-07-01T08:07:37Z
0050,2023-05-05,117.7,118.05,117.4,117.8,2550129,twstock/twse,2026-07-01T08:07:37Z
0050,2023-05-08,118.5,118.9,118.35,118.55,6287398,twstock/twse,2026-07-01T08:07:37Z
0050,2023-05-09,118.6,119,118.3,118.9,4828179,twstock/twse,2026-07-01T08:07:37Z
0050,2023-05-10,118.8,118.8,117.65,117.8,4685154,twstock/twse,2026-07-01T08:07:37Z
0050,2023-05-11,118.25,118.45,117.55,117.55,4031551,twstock/twse,2026-07-01T08:07:37Z
0050,2023-05-12,117.15,117.5,116.75,117.2,4251764,twstock/twse,2026-07-01T08:07:37Z
0050,2023-05-15,116.95,117.35,116.65,117.2,4584892,twstock/twse,2026-07-01T08:07:37Z
0050,2023-05-16,117.9,119,117.85,118.6,8154133,twstock/twse,2026-07-01T08:07:37Z
0050,2023-05-17,118.65,120.7,118.65,120.55,26759613,twstock/twse,2026-07-01T08:07:37Z
0050,2023-05-18,121.8,122.4,121.6,122.15,23085737,twstock/twse,2026-07-01T08:07:37Z
0050,2023-05-19,122.6,122.85,122.2,122.5,34913145,twstock/twse,2026-07-01T08:07:37Z
0050,2023-05-22,122.5,122.65,122.1,122.3,18271130,twstock/twse,2026-07-01T08:07:37Z
0050,2023-05-23,122.3,122.65,121.8,122.2,12550223,twstock/twse,2026-07-01T08:07:37Z
0050,2023-05-24,121.65,121.8,121.1,121.6,11115015,twstock/twse,2026-07-01T08:07:37Z
0050,2023-05-25,123,123.4,122.45,123.05,12032587,twstock/twse,2026-07-01T08:07:37Z
0050,2023-05-26,125,126.05,125,125.95,25082491,twstock/twse,2026-07-01T08:07:37Z
0050,2023-05-29,127.45,127.55,126.5,126.75,15208057,twstock/twse,2026-07-01T08:07:37Z
0050,2023-05-30,126.75,127.05,126.45,126.75,12627196,twstock/twse,2026-07-01T08:07:37Z
0050,2023-05-31,126.7,126.7,125.15,126.15,9229280,twstock/twse,2026-07-01T08:07:37Z
0050,2023-06-01,125.35,125.6,124.9,125.15,4231123,twstock/twse,2026-07-01T08:07:37Z
0050,2023-06-02,125.8,127,125.8,126.75,8412015,twstock/twse,2026-07-01T08:07:37Z
0050,2023-06-05,126.75,126.8,126.25,126.35,6813168,twstock/twse,2026-07-01T08:07:37Z
0050,2023-06-06,126.35,127.25,126.15,126.7,6877372,twstock/twse,2026-07-01T08:07:37Z
0050,2023-06-07,127,128.25,127,128.1,12723827,twstock/twse,2026-07-01T08:07:37Z
0050,2023-06-08,127.9,128.2,126.55,126.85,5592606,twstock/twse,2026-07-01T08:07:37Z
0050,2023-06-09,127.5,128.2,127.4,127.8,5862280,twstock/twse,2026-07-01T08:07:37Z
0050,2023-06-12,128.5,129.3,128.5,129,14318994,twstock/twse,2026-07-01T08:07:37Z
0050,2023-06-13,130.2,131.95,130.2,131.55,24673560,twstock/twse,2026-07-01T08:07:37Z
0050,2023-06-14,131.4,131.6,131,131.5,7065011,twstock/twse,2026-07-01T08:07:37Z
0050,2023-06-15,131.55,132,131.5,131.9,11515134,twstock/twse,2026-07-01T08:07:37Z
0050,2023-06-16,131.8,131.8,131.1,131.55,7586911,twstock/twse,2026-07-01T08:07:37Z
0050,2023-06-19,130.95,131.5,130.55,131.25,6339672,twstock/twse,2026-07-01T08:07:37Z
0050,2023-06-20,131.1,131.25,130.35,130.55,6966617,twstock/twse,2026-07-01T08:07:37Z
0050,2023-06-21,130.55,131.05,130.25,130.55,26907844,twstock/twse,2026-07-01T08:07:37Z
0050,2023-06-26,130.35,130.35,129.4,129.75,7961459,twstock/twse,2026-07-01T08:07:37Z
0050,2023-06-27,129.15,129.55,128.7,128.9,7065960,twstock/twse,2026-07-01T08:07:37Z
0050,2023-06-28,129.35,129.7,128.8,129.1,5943784,twstock/twse,2026-07-01T08:07:37Z
0050,2023-06-29,129.75,130.5,128.9,129.05,6037292,twstock/twse,2026-07-01T08:07:37Z
0050,2023-06-30,128.8,129.1,128.3,129.1,7504016,twstock/twse,2026-07-01T08:07:37Z
0050,2023-07-03,129.6,130.7,129.6,130.7,6979683,twstock/twse,2026-07-01T08:07:37Z
0050,2023-07-04,130.75,131.15,130.55,131,5919797,twstock/twse,2026-07-01T08:07:37Z
0050,2023-07-05,131,131.2,130.4,130.8,5405909,twstock/twse,2026-07-01T08:07:37Z
0050,2023-07-06,129.7,129.7,127.7,127.9,18056472,twstock/twse,2026-07-01T08:07:37Z
0050,2023-07-07,127.55,128.3,127.1,127.7,8691413,twstock/twse,2026-07-01T08:07:37Z
0050,2023-07-10,128.1,128.5,127,127.45,8506247,twstock/twse,2026-07-01T08:07:37Z
0050,2023-07-11,128,129.2,128,129.2,4784843,twstock/twse,2026-07-01T08:07:37Z
0050,2023-07-12,129.3,129.45,128.85,129.45,3615026,twstock/twse,2026-07-01T08:07:37Z
0050,2023-07-13,131.3,131.9,130.85,130.9,16226020,twstock/twse,2026-07-01T08:07:37Z
0050,2023-07-14,131.45,132.5,131.45,132.25,15492527,twstock/twse,2026-07-01T08:07:37Z
0050,2023-07-17,132,132.2,131.75,132,15718027,twstock/twse,2026-07-01T08:07:37Z
0050,2023-07-18,131,131,129.7,129.85,11349805,twstock/twse,2026-07-01T08:07:37Z
0050,2023-07-19,130.15,130.5,128.75,128.75,14711894,twstock/twse,2026-07-01T08:07:37Z
0050,2023-07-20,129.05,129.7,129,129.35,4065413,twstock/twse,2026-07-01T08:07:37Z
0050,2023-07-21,127.4,127.4,126.5,127.2,14040621,twstock/twse,2026-07-01T08:07:37Z
0050,2023-07-24,127,127.65,126.6,127.25,10275826,twstock/twse,2026-07-01T08:07:37Z
0050,2023-07-25,127.7,129.2,127.7,128.85,7215119,twstock/twse,2026-07-01T08:07:37Z
0050,2023-07-26,129.1,129.2,128.35,128.5,4653101,twstock/twse,2026-07-01T08:07:37Z
0050,2023-07-27,129.15,129.5,129,129.5,4193242,twstock/twse,2026-07-01T08:07:37Z
0050,2023-07-28,129.4,129.9,129,129.5,2941994,twstock/twse,2026-07-01T08:07:37Z
0050,2023-07-31,130.3,130.65,128.25,128.8,7751452,twstock/twse,2026-07-01T08:07:37Z
0050,2023-08-01,129,129.55,128.85,129.45,4681935,twstock/twse,2026-07-01T08:07:37Z
0050,2023-08-02,129.4,129.45,127.45,127.85,13214168,twstock/twse,2026-07-01T08:07:37Z
0050,2023-08-04,127.25,127.5,126.9,127.25,7590841,twstock/twse,2026-07-01T08:07:37Z
0050,2023-08-07,127.65,128.7,127.55,128.5,4928020,twstock/twse,2026-07-01T08:07:37Z
0050,2023-08-08,128.1,128.2,126.4,127,11518036,twstock/twse,2026-07-01T08:07:37Z
0050,2023-08-09,126.8,127.65,126.65,127.2,3923514,twstock/twse,2026-07-01T08:07:37Z
0050,2023-08-10,126.9,127,126.3,126.4,12013887,twstock/twse,2026-07-01T08:07:37Z
0050,2023-08-11,127,127.35,126.15,126.3,8352738,twstock/twse,2026-07-01T08:07:37Z
0050,2023-08-14,125.65,125.7,124.1,124.5,24758060,twstock/twse,2026-07-01T08:07:37Z
0050,2023-08-15,125.25,125.45,124.6,124.7,8064361,twstock/twse,2026-07-01T08:07:37Z
0050,2023-08-16,124.15,124.4,123.6,124.05,19265218,twstock/twse,2026-07-01T08:07:37Z
0050,2023-08-17,123.6,124.65,122.9,124.6,10203696,twstock/twse,2026-07-01T08:07:37Z
0050,2023-08-18,124.2,124.8,123.7,123.85,8329354,twstock/twse,2026-07-01T08:07:37Z
0050,2023-08-21,124.2,124.45,123,123,11056378,twstock/twse,2026-07-01T08:07:37Z
0050,2023-08-22,124,124.35,123.7,124,3869049,twstock/twse,2026-07-01T08:07:37Z
0050,2023-08-23,124,125.15,124,124.85,6976770,twstock/twse,2026-07-01T08:07:37Z
0050,2023-08-24,126.4,127.1,126.25,127,7038124,twstock/twse,2026-07-01T08:07:37Z
0050,2023-08-25,125.5,125.5,124.5,124.55,8003807,twstock/twse,2026-07-01T08:07:37Z
0050,2023-08-28,124.85,125.7,124.75,125.35,4490279,twstock/twse,2026-07-01T08:07:37Z
0050,2023-08-29,126,126.05,124.7,126.05,6680673,twstock/twse,2026-07-01T08:07:37Z
0050,2023-08-30,126.75,127.05,126.1,126.6,5913148,twstock/twse,2026-07-01T08:07:37Z
0050,2023-08-31,126.55,126.55,125.5,125.7,4631756,twstock/twse,2026-07-01T08:07:37Z
0050,2023-09-01,125.5,126.3,125.1,125.9,3298119,twstock/twse,2026-07-01T08:07:37Z
0050,2023-09-04,125.9,126.8,125.6,126.75,3707169,twstock/twse,2026-07-01T08:07:37Z
0050,2023-09-05,126.55,126.6,126.05,126.45,3941418,twstock/twse,2026-07-01T08:07:37Z
0050,2023-09-06,126.6,126.7,125.85,126,7625626,twstock/twse,2026-07-01T08:07:37Z
0050,2023-09-07,125.3,125.5,124.7,124.85,6411794,twstock/twse,2026-07-01T08:07:37Z
0050,2023-09-08,124.1,124.5,123.85,124.3,6199055,twstock/twse,2026-07-01T08:07:37Z
0050,2023-09-11,124.45,124.5,123.4,123.8,9428969,twstock/twse,2026-07-01T08:07:37Z
0050,2023-09-12,124.1,125.05,123.85,125.05,2805462,twstock/twse,2026-07-01T08:07:37Z
0050,2023-09-13,125.2,125.6,124.7,125.2,3406028,twstock/twse,2026-07-01T08:07:37Z
0050,2023-09-14,125.9,126.95,125.55,126.95,7617917,twstock/twse,2026-07-01T08:07:37Z
0050,2023-09-15,127,127.35,126.75,127.35,6105752,twstock/twse,2026-07-01T08:07:37Z
0050,2023-09-18,126.6,126.6,125.85,126,7560656,twstock/twse,2026-07-01T08:07:37Z
0050,2023-09-19,125.85,126.05,125.35,125.45,4357933,twstock/twse,2026-07-01T08:07:37Z
0050,2023-09-20,125.05,125.2,124.5,124.75,6502123,twstock/twse,2026-07-01T08:07:37Z
0050,2023-09-21,123.8,123.85,122.65,122.75,23194776,twstock/twse,2026-07-01T08:07:37Z
0050,2023-09-22,122.45,122.8,122.05,122.65,10344025,twstock/twse,2026-07-01T08:07:37Z
0050,2023-09-25,122.75,123.75,122.75,123.55,4337416,twstock/twse,2026-07-01T08:07:37Z
0050,2023-09-26,122.65,123,122,122.1,11388965,twstock/twse,2026-07-01T08:07:37Z
0050,2023-09-27,121.85,122.3,121.55,122.15,7068444,twstock/twse,2026-07-01T08:07:37Z
0050,2023-09-28,122.75,123.15,122.05,122.65,5881478,twstock/twse,2026-07-01T08:07:37Z
0050,2023-10-02,123.6,124.5,123.6,124.25,6751292,twstock/twse,2026-07-01T08:07:37Z
0050,2023-10-03,123.95,124.15,123.45,123.5,5464302,twstock/twse,2026-07-01T08:07:37Z
0050,2023-10-04,122.1,122.2,121.35,121.9,12322148,twstock/twse,2026-07-01T08:07:37Z
0050,2023-10-05,122.4,123.65,122.4,123.65,4410768,twstock/twse,2026-07-01T08:07:37Z
0050,2023-10-06,123.8,124.3,123.8,124.1,5059285,twstock/twse,2026-07-01T08:07:37Z
0050,2023-10-11,125.9,126.4,125.85,126.25,14193410,twstock/twse,2026-07-01T08:07:37Z
0050,2023-10-12,126.5,127.35,126.3,127.3,14896995,twstock/twse,2026-07-01T08:07:37Z
0050,2023-10-13,127,127.4,126.5,126.95,6625556,twstock/twse,2026-07-01T08:07:37Z
0050,2023-10-16,126.3,126.3,125.7,126.25,8160811,twstock/twse,2026-07-01T08:07:37Z
0050,2023-10-17,126.7,127,126.4,126.55,7017073,twstock/twse,2026-07-01T08:07:37Z
0050,2023-10-18,126.25,126.25,124.8,124.8,10455744,twstock/twse,2026-07-01T08:07:37Z
0050,2023-10-19,124.4,125.2,124.4,124.85,8052218,twstock/twse,2026-07-01T08:07:37Z
0050,2023-10-20,124.75,125.45,123.9,125.4,4697636,twstock/twse,2026-07-01T08:07:37Z
0050,2023-10-23,124.85,124.85,123.55,123.85,8728531,twstock/twse,2026-07-01T08:07:37Z
0050,2023-10-24,123.8,123.95,122.7,123.95,7671925,twstock/twse,2026-07-01T08:07:37Z
0050,2023-10-25,124.2,124.9,124.2,124.2,4229277,twstock/twse,2026-07-01T08:07:37Z
0050,2023-10-26,121.85,122.4,121.6,121.75,24072723,twstock/twse,2026-07-01T08:07:37Z
0050,2023-10-27,122.15,122.75,122.1,122.3,4413646,twstock/twse,2026-07-01T08:07:37Z
0050,2023-10-30,122.4,122.85,121.75,122,9793200,twstock/twse,2026-07-01T08:07:37Z
0050,2023-10-31,122.4,122.45,121.1,121.15,11952747,twstock/twse,2026-07-01T08:07:37Z
0050,2023-11-01,122,122.15,121.25,121.75,4851033,twstock/twse,2026-07-01T08:07:37Z
0050,2023-11-02,123.15,124.5,123.15,124.5,10198429,twstock/twse,2026-07-01T08:07:37Z
0050,2023-11-03,125,125.6,124.7,125.45,9126443,twstock/twse,2026-07-01T08:07:37Z
0050,2023-11-06,126.55,127.2,126.35,126.55,16723502,twstock/twse,2026-07-01T08:07:37Z
0050,2023-11-07,126.5,126.8,126.1,126.5,6787466,twstock/twse,2026-07-01T08:07:37Z
0050,2023-11-08,126.65,127.45,126.5,127.2,11598430,twstock/twse,2026-07-01T08:07:37Z
0050,2023-11-09,126.9,127.4,126.65,127.25,6557452,twstock/twse,2026-07-01T08:07:37Z
0050,2023-11-10,126.7,126.85,126.4,126.75,4553684,twstock/twse,2026-07-01T08:07:37Z
0050,2023-11-13,129.25,129.6,128.5,128.7,26195241,twstock/twse,2026-07-01T08:07:37Z
0050,2023-11-14,129.2,129.6,128.95,129,20924489,twstock/twse,2026-07-01T08:07:37Z
0050,2023-11-15,130.9,131,130.05,130.55,23631311,twstock/twse,2026-07-01T08:07:37Z
0050,2023-11-16,130.8,131.2,130.3,130.6,18984999,twstock/twse,2026-07-01T08:07:37Z
0050,2023-11-17,130.6,131.5,130.55,131,27988384,twstock/twse,2026-07-01T08:07:37Z
0050,2023-11-20,131.05,131.05,130.45,130.95,8981513,twstock/twse,2026-07-01T08:07:37Z
0050,2023-11-21,131.45,132.7,131.45,132.55,29656930,twstock/twse,2026-07-01T08:07:37Z
0050,2023-11-22,131.25,131.8,131.15,131.35,6466066,twstock/twse,2026-07-01T08:07:37Z
0050,2023-11-23,131.35,131.45,130.75,131.3,6536128,twstock/twse,2026-07-01T08:07:37Z
0050,2023-11-24,131.3,131.65,131.05,131.2,13467831,twstock/twse,2026-07-01T08:07:37Z
0050,2023-11-27,131.2,131.85,130.1,130.35,9897650,twstock/twse,2026-07-01T08:07:37Z
0050,2023-11-28,130.4,131.8,130.3,131.25,9871026,twstock/twse,2026-07-01T08:07:37Z
0050,2023-11-29,131.3,132.2,131.05,131.15,6856869,twstock/twse,2026-07-01T08:07:37Z
0050,2023-11-30,131.3,131.5,130.65,131.35,11141866,twstock/twse,2026-07-01T08:07:37Z
0050,2023-12-01,131,131.8,130.8,131.8,5597363,twstock/twse,2026-07-01T08:07:37Z
0050,2023-12-04,131.8,132,130.9,131.3,4696605,twstock/twse,2026-07-01T08:07:37Z
0050,2023-12-05,130.6,130.6,129.9,130.35,5239029,twstock/twse,2026-07-01T08:07:37Z
0050,2023-12-06,130.4,131.4,130.4,130.8,7348212,twstock/twse,2026-07-01T08:07:37Z
0050,2023-12-07,130.6,130.65,130,130,3015451,twstock/twse,2026-07-01T08:07:37Z
0050,2023-12-08,131.15,131.6,130.9,131.05,13264049,twstock/twse,2026-07-01T08:07:37Z
0050,2023-12-11,131.05,131.35,130.65,131.2,3510751,twstock/twse,2026-07-01T08:07:37Z
0050,2023-12-12,131.9,132.05,131.35,131.5,5725775,twstock/twse,2026-07-01T08:07:37Z
0050,2023-12-13,131.6,131.8,131.4,131.55,3169648,twstock/twse,2026-07-01T08:07:37Z
0050,2023-12-14,132.65,133.45,132.5,133.15,32957343,twstock/twse,2026-07-01T08:07:37Z
0050,2023-12-15,133.65,134.2,133.65,133.7,18914190,twstock/twse,2026-07-01T08:07:37Z
0050,2023-12-18,133.65,133.9,132.6,133.9,7066751,twstock/twse,2026-07-01T08:07:37Z
0050,2023-12-19,133.8,133.8,132.75,133.4,5870488,twstock/twse,2026-07-01T08:07:37Z
0050,2023-12-20,133.55,133.85,133.4,133.75,6963954,twstock/twse,2026-07-01T08:07:37Z
0050,2023-12-21,132.2,132.7,132.05,132.6,5619016,twstock/twse,2026-07-01T08:07:37Z
0050,2023-12-22,132.6,133.1,132.6,132.95,6358269,twstock/twse,2026-07-01T08:07:37Z
0050,2023-12-25,133,133.8,132.95,133.5,8406012,twstock/twse,2026-07-01T08:07:37Z
0050,2023-12-26,133.5,134.4,133.5,134.25,17326648,twstock/twse,2026-07-01T08:07:37Z
0050,2023-12-27,134.4,135.9,134.35,135.75,30857192,twstock/twse,2026-07-01T08:07:37Z
0050,2023-12-28,135.75,136,135.45,135.75,15353146,twstock/twse,2026-07-01T08:07:37Z
0050,2023-12-29,135.7,136,135.35,135.45,13407035,twstock/twse,2026-07-01T08:07:37Z
0050,2024-01-02,135.6,135.95,134.65,134.9,6283610,twstock/twse,2026-07-01T08:07:37Z
0050,2024-01-03,133.7,133.9,132.3,132.55,14783894,twstock/twse,2026-07-01T08:07:37Z
0050,2024-01-04,132.55,132.75,132.3,132.5,4838660,twstock/twse,2026-07-01T08:07:37Z
0050,2024-01-05,132.55,132.95,132.1,132.15,4566320,twstock/twse,2026-07-01T08:07:37Z
0050,2024-01-08,133,133.6,132.75,132.75,9657556,twstock/twse,2026-07-01T08:07:37Z
0050,2024-01-09,133.85,133.95,132.75,133,5906880,twstock/twse,2026-07-01T08:07:37Z
0050,2024-01-10,132.4,132.65,132,132.3,7249096,twstock/twse,2026-07-01T08:07:37Z
0050,2024-01-11,132.45,133.25,132.35,132.85,5852556,twstock/twse,2026-07-01T08:07:37Z
0050,2024-01-12,132.2,133.05,131.95,132.65,6877839,twstock/twse,2026-07-01T08:07:37Z
0050,2024-01-15,133.3,133.55,132.65,133,12566534,twstock/twse,2026-07-01T08:07:37Z
0050,2024-01-16,132.05,132.3,131.1,131.65,23016099,twstock/twse,2026-07-01T08:07:37Z
0050,2024-01-17,130,130,127.3,127.45,39219163,twstock/twse,2026-07-01T08:07:37Z
0050,2024-01-18,127.9,128.55,127.9,128.3,7535303,twstock/twse,2026-07-01T08:07:37Z
0050,2024-01-19,131.7,133.1,131.1,132.9,26897126,twstock/twse,2026-07-01T08:07:37Z
0050,2024-01-22,133.8,134.35,133.35,133.8,13443533,twstock/twse,2026-07-01T08:07:37Z
0050,2024-01-23,133.9,134.25,133.5,134.05,7339835,twstock/twse,2026-07-01T08:07:37Z
0050,2024-01-24,134.15,134.4,133.95,134,14554385,twstock/twse,2026-07-01T08:07:37Z
0050,2024-01-25,135.05,135.7,134.9,135.65,27224110,twstock/twse,2026-07-01T08:07:37Z
0050,2024-01-26,135.65,135.95,135.3,135.65,16456940,twstock/twse,2026-07-01T08:07:37Z
0050,2024-01-29,135.65,136.65,135.6,136.5,27291722,twstock/twse,2026-07-01T08:07:37Z
0050,2024-01-30,136.35,136.65,136.05,136.15,9944399,twstock/twse,2026-07-01T08:07:37Z
0050,2024-01-31,135.25,135.3,134.35,134.35,7320760,twstock/twse,2026-07-01T08:07:37Z
0050,2024-02-01,134.35,134.5,133.6,134.35,8812920,twstock/twse,2026-07-01T08:07:37Z
0050,2024-02-02,135,135.2,134.65,135.1,9178958,twstock/twse,2026-07-01T08:07:37Z
0050,2024-02-05,135.1,136.2,135,135.95,17961425,twstock/twse,2026-07-01T08:07:37Z
0050,2024-02-15,142.2,142.7,141.4,142.35,44444918,twstock/twse,2026-07-01T08:07:37Z
0050,2024-02-16,142.35,142.35,141.2,141.3,18273199,twstock/twse,2026-07-01T08:07:37Z
0050,2024-02-19,141,141.25,140.6,141.1,9632521,twstock/twse,2026-07-01T08:07:37Z
0050,2024-02-20,140.55,142,140.4,141.65,13875231,twstock/twse,2026-07-01T08:07:37Z
0050,2024-02-21,141.4,141.5,141.05,141.2,12860271,twstock/twse,2026-07-01T08:07:37Z
0050,2024-02-22,142.95,143.05,141.85,142.8,13160126,twstock/twse,2026-07-01T08:07:37Z
0050,2024-02-23,143.45,144.1,143.3,143.75,19974323,twstock/twse,2026-07-01T08:07:37Z
0050,2024-02-26,143.7,144,143,143.95,10368883,twstock/twse,2026-07-01T08:07:37Z
0050,2024-02-27,143.95,144.2,142.65,143.35,6507934,twstock/twse,2026-07-01T08:07:37Z
0050,2024-02-29,143,143.95,142.7,143.3,7372502,twstock/twse,2026-07-01T08:07:37Z
0050,2024-03-01,143.55,143.95,142.8,142.8,9019098,twstock/twse,2026-07-01T08:07:37Z
0050,2024-03-04,145,147.2,144.85,146.95,25733539,twstock/twse,2026-07-01T08:07:37Z
0050,2024-03-05,147.75,148.55,147.35,148.15,17270419,twstock/twse,2026-07-01T08:07:37Z
0050,2024-03-06,147,149.05,146.4,148.85,17232812,twstock/twse,2026-07-01T08:07:37Z
0050,2024-03-07,151,153,150.75,152.3,31117921,twstock/twse,2026-07-01T08:07:37Z
0050,2024-03-08,155.6,156.45,153,154.45,30512569,twstock/twse,2026-07-01T08:07:37Z
0050,2024-03-11,153.85,154.2,152.55,152.9,13908138,twstock/twse,2026-07-01T08:07:37Z
0050,2024-03-12,152.2,154.6,152.1,154.5,15457256,twstock/twse,2026-07-01T08:07:37Z
0050,2024-03-13,155.55,156.15,154.95,155.25,13431850,twstock/twse,2026-07-01T08:07:37Z
0050,2024-03-14,154.9,155.8,154.3,155.1,8777345,twstock/twse,2026-07-01T08:07:37Z
0050,2024-03-15,154.3,154.75,153,153,9218845,twstock/twse,2026-07-01T08:07:37Z
0050,2024-03-18,153,154.5,153,154.4,18434059,twstock/twse,2026-07-01T08:07:37Z
0050,2024-03-19,153.4,154.55,153,154.05,8872114,twstock/twse,2026-07-01T08:07:37Z
0050,2024-03-20,154.2,155.3,153,153.2,10441824,twstock/twse,2026-07-01T08:07:37Z
0050,2024-03-21,155.55,157.7,155.55,157.4,21131978,twstock/twse,2026-07-01T08:07:37Z
0050,2024-03-22,157.5,158.25,156.5,157.2,7163593,twstock/twse,2026-07-01T08:07:37Z
0050,2024-03-25,157.2,158,156.95,157.5,9052498,twstock/twse,2026-07-01T08:07:37Z
0050,2024-03-26,158.3,159.2,156.4,157.6,7011591,twstock/twse,2026-07-01T08:07:37Z
0050,2024-03-27,157.4,157.85,156.9,157.65,4644158,twstock/twse,2026-07-01T08:07:37Z
0050,2024-03-28,157.3,157.3,155.9,156.9,3438375,twstock/twse,2026-07-01T08:07:37Z
0050,2024-03-29,156.9,158.4,156.9,157.9,8255237,twstock/twse,2026-07-01T08:07:37Z
0050,2024-04-01,158.2,158.75,157.25,157.4,5727780,twstock/twse,2026-07-01T08:07:37Z
0050,2024-04-02,158.45,159.65,158.4,159.65,7924481,twstock/twse,2026-07-01T08:07:37Z
0050,2024-04-03,158.65,158.9,157.8,158.55,5042947,twstock/twse,2026-07-01T08:07:37Z
0050,2024-04-08,158.65,159.85,158.55,159.45,6124837,twstock/twse,2026-07-01T08:07:37Z
0050,2024-04-09,160,163.35,159.9,163.25,9043462,twstock/twse,2026-07-01T08:07:37Z
0050,2024-04-10,162.75,163.3,162.45,163,5731265,twstock/twse,2026-07-01T08:07:37Z
0050,2024-04-11,162.05,162.5,161.65,162.5,4677727,twstock/twse,2026-07-01T08:07:37Z
0050,2024-04-12,162.6,162.8,161.95,162.1,6129174,twstock/twse,2026-07-01T08:07:37Z
0050,2024-04-15,160.25,160.55,159.6,160,8727145,twstock/twse,2026-07-01T08:07:37Z
0050,2024-04-16,158.3,158.3,154.75,155.65,18674686,twstock/twse,2026-07-01T08:07:37Z
0050,2024-04-17,155.95,157.7,155.9,157.4,8077871,twstock/twse,2026-07-01T08:07:37Z
0050,2024-04-18,156.35,158.95,155.8,158.95,6903163,twstock/twse,2026-07-01T08:07:37Z
0050,2024-04-19,154.1,154.15,149.5,150.9,33785973,twstock/twse,2026-07-01T08:07:37Z
0050,2024-04-22,150.4,151.75,149.7,150.45,9992734,twstock/twse,2026-07-01T08:07:37Z
0050,2024-04-23,152.15,152.45,151.3,151.9,5718650,twstock/twse,2026-07-01T08:07:37Z
0050,2024-04-24,154,156.5,154,156.35,8082060,twstock/twse,2026-07-01T08:07:37Z
0050,2024-04-25,154.1,154.45,153.25,153.5,5279800,twstock/twse,2026-07-01T08:07:37Z
0050,2024-04-26,156,156.8,155.5,156,6054296,twstock/twse,2026-07-01T08:07:37Z
0050,2024-04-29,157.3,159.1,157.3,158.8,8135962,twstock/twse,2026-07-01T08:07:37Z
0050,2024-04-30,158.6,159.35,158.25,158.25,4792141,twstock/twse,2026-07-01T08:07:37Z
0050,2024-05-02,157.35,157.35,156,156.15,6666498,twstock/twse,2026-07-01T08:07:37Z
0050,2024-05-03,158.55,158.65,156.45,156.95,5935465,twstock/twse,2026-07-01T08:07:37Z
0050,2024-05-06,159,160.15,159,159.2,9032607,twstock/twse,2026-07-01T08:07:37Z
0050,2024-05-07,160.25,160.55,159.5,160.1,6699483,twstock/twse,2026-07-01T08:07:37Z
0050,2024-05-08,160,160.8,159.65,160.7,6345930,twstock/twse,2026-07-01T08:07:37Z
0050,2024-05-09,160.75,161.25,160.4,160.5,5285856,twstock/twse,2026-07-01T08:07:37Z
0050,2024-05-10,161.25,162.1,160.55,161.65,10192376,twstock/twse,2026-07-01T08:07:37Z
0050,2024-05-13,163.35,163.9,162.95,163.3,9642900,twstock/twse,2026-07-01T08:07:37Z
0050,2024-05-14,163.2,164.45,162.7,164.4,8291028,twstock/twse,2026-07-01T08:07:37Z
0050,2024-05-15,165.6,167.85,165.5,166.65,15243403,twstock/twse,2026-07-01T08:07:37Z
0050,2024-05-16,168.95,169.75,167.1,167.45,12586120,twstock/twse,2026-07-01T08:07:37Z
0050,2024-05-17,167.55,167.7,166.7,167.25,5039743,twstock/twse,2026-07-01T08:07:37Z
0050,2024-05-20,167.25,167.4,165.3,167.2,7278652,twstock/twse,2026-07-01T08:07:37Z
0050,2024-05-21,166.4,167.15,165.85,167,4588315,twstock/twse,2026-07-01T08:07:37Z
0050,2024-05-22,167.2,170,167.2,170,6928097,twstock/twse,2026-07-01T08:07:37Z
0050,2024-05-23,170.3,171.45,170,171.3,6656188,twstock/twse,2026-07-01T08:07:37Z
0050,2024-05-24,169.3,170.8,169.3,170.6,3877932,twstock/twse,2026-07-01T08:07:37Z
0050,2024-05-27,171.75,173.4,171.75,172.95,6149922,twstock/twse,2026-07-01T08:07:37Z
0050,2024-05-28,172.95,173.4,172.5,173.2,5835433,twstock/twse,2026-07-01T08:07:37Z
0050,2024-05-29,172.45,172.5,170.55,170.85,7402741,twstock/twse,2026-07-01T08:07:37Z
0050,2024-05-30,168,169,167.7,167.9,10376879,twstock/twse,2026-07-01T08:07:37Z
0050,2024-05-31,168.25,168.9,166,166,9114336,twstock/twse,2026-07-01T08:07:37Z
0050,2024-06-03,168.65,169.75,167.3,169.55,9475689,twstock/twse,2026-07-01T08:07:37Z
0050,2024-06-04,168.75,168.75,166.5,166.85,8753452,twstock/twse,2026-07-01T08:07:37Z
0050,2024-06-05,167.4,168.8,166.15,168.45,4935163,twstock/twse,2026-07-01T08:07:37Z
0050,2024-06-06,172.75,174.6,172.65,174.2,18069198,twstock/twse,2026-07-01T08:07:37Z
0050,2024-06-07,173.3,173.4,172.4,172.85,7113014,twstock/twse,2026-07-01T08:07:37Z
0050,2024-06-11,173.15,174.25,172.9,173.3,11261872,twstock/twse,2026-07-01T08:07:37Z
0050,2024-06-12,173.3,176.45,173.3,176.4,8173366,twstock/twse,2026-07-01T08:07:37Z
0050,2024-06-13,178.9,180.5,177.8,178.95,16739748,twstock/twse,2026-07-01T08:07:37Z
0050,2024-06-14,178.95,180,177.8,180,6902361,twstock/twse,2026-07-01T08:07:37Z
0050,2024-06-17,179.2,180.45,178.8,180,8638429,twstock/twse,2026-07-01T08:07:37Z
0050,2024-06-18,182.5,183.05,182,183,7029339,twstock/twse,2026-07-01T08:07:37Z
0050,2024-06-19,184.75,188.9,184.75,187.95,26118499,twstock/twse,2026-07-01T08:07:37Z
0050,2024-06-20,187.95,189.75,187.8,189.75,11887892,twstock/twse,2026-07-01T08:07:37Z
0050,2024-06-21,187.1,189.2,186.95,188.6,10830757,twstock/twse,2026-07-01T08:07:37Z
0050,2024-06-24,186.5,186.5,183.55,184,14671365,twstock/twse,2026-07-01T08:07:37Z
0050,2024-06-25,181.95,183.9,180.8,183.9,13774562,twstock/twse,2026-07-01T08:07:37Z
0050,2024-06-26,184.95,186.1,184.25,185.35,9269483,twstock/twse,2026-07-01T08:07:37Z
0050,2024-06-27,183.6,185.3,183.4,185.3,6508242,twstock/twse,2026-07-01T08:07:37Z
0050,2024-06-28,185.3,187.4,184.65,186.45,4455951,twstock/twse,2026-07-01T08:07:37Z
0050,2024-07-01,186.55,188.05,186.25,186.6,7681395,twstock/twse,2026-07-01T08:07:37Z
0050,2024-07-02,185.95,186.75,184.5,185.35,5882791,twstock/twse,2026-07-01T08:07:37Z
0050,2024-07-03,187.6,187.6,186.4,187.6,6787428,twstock/twse,2026-07-01T08:07:37Z
0050,2024-07-04,190.6,192.65,190.6,192.5,13513209,twstock/twse,2026-07-01T08:07:37Z
0050,2024-07-05,192.6,192.85,191.55,191.8,10250583,twstock/twse,2026-07-01T08:07:37Z
0050,2024-07-08,191.9,198.5,191.85,197.85,17999450,twstock/twse,2026-07-01T08:07:37Z
0050,2024-07-09,197.45,200.05,195.45,197.65,16177507,twstock/twse,2026-07-01T08:07:37Z
0050,2024-07-10,196.95,198.4,195,198.35,7807965,twstock/twse,2026-07-01T08:07:37Z
0050,2024-07-11,200.65,202.8,200,202.75,10435774,twstock/twse,2026-07-01T08:07:37Z
0050,2024-07-12,198.2,198.35,196,196.35,16267539,twstock/twse,2026-07-01T08:07:37Z
0050,2024-07-15,197.65,198.1,196.1,196.7,10323853,twstock/twse,2026-07-01T08:07:37Z
0050,2024-07-16,196.55,199,196,196.85,13731487,twstock/twse,2026-07-01T08:07:37Z
0050,2024-07-17,196.4,196.5,193.6,194.1,15694924,twstock/twse,2026-07-01T08:07:37Z
0050,2024-07-18,188.6,190.9,188.2,190.6,19796818,twstock/twse,2026-07-01T08:07:37Z
0050,2024-07-19,188.75,189,186.2,186.25,18436231,twstock/twse,2026-07-01T08:07:37Z
0050,2024-07-22,185.4,185.4,180.05,180.7,23474914,twstock/twse,2026-07-01T08:07:37Z
0050,2024-07-23,183.7,186.3,183.7,186.3,13180830,twstock/twse,2026-07-01T08:07:37Z
0050,2024-07-26,178.05,179.45,177.1,179,29164975,twstock/twse,2026-07-01T08:07:37Z
0050,2024-07-29,181.8,182,179.95,180.6,10574343,twstock/twse,2026-07-01T08:07:37Z
0050,2024-07-30,179.25,181.3,177.5,180.6,14007149,twstock/twse,2026-07-01T08:07:37Z
0050,2024-07-31,178.85,181.15,178.6,180.85,9530148,twstock/twse,2026-07-01T08:07:37Z
0050,2024-08-01,185,185.1,182.7,184,14525195,twstock/twse,2026-07-01T08:07:37Z
0050,2024-08-02,178.15,178.9,174.7,174.7,32816025,twstock/twse,2026-07-01T08:07:37Z
0050,2024-08-05,166.65,166.65,158.4,158.75,61002329,twstock/twse,2026-07-01T08:07:37Z
0050,2024-08-06,167.3,170.4,160.8,167.5,65342352,twstock/twse,2026-07-01T08:07:37Z
0050,2024-08-07,169.85,174.75,169,174.15,32751044,twstock/twse,2026-07-01T08:07:37Z
0050,2024-08-08,171.05,172.4,169,170.55,26852782,twstock/twse,2026-07-01T08:07:37Z
0050,2024-08-09,175,176.9,174.5,175.85,24121860,twstock/twse,2026-07-01T08:07:37Z
0050,2024-08-12,177.25,179.8,177.25,178.05,18188036,twstock/twse,2026-07-01T08:07:37Z
0050,2024-08-13,179.3,179.5,178,178.5,11257895,twstock/twse,2026-07-01T08:07:37Z
0050,2024-08-14,180.35,181.85,179.95,180.75,19282599,twstock/twse,2026-07-01T08:07:37Z
0050,2024-08-15,180.6,181,179.05,179.35,12003834,twstock/twse,2026-07-01T08:07:37Z
0050,2024-08-16,183,183.65,182.35,183.4,13980972,twstock/twse,2026-07-01T08:07:37Z
0050,2024-08-19,183.5,184.7,183.15,183.65,9763635,twstock/twse,2026-07-01T08:07:37Z
0050,2024-08-20,184.6,185.2,183.7,183.75,11135615,twstock/twse,2026-07-01T08:07:37Z
0050,2024-08-21,183,183.05,181.45,181.8,12259979,twstock/twse,2026-07-01T08:07:37Z
0050,2024-08-22,182.1,182.6,180.35,180.85,5716778,twstock/twse,2026-07-01T08:07:37Z
0050,2024-08-23,179,181.35,178.9,180.95,8316460,twstock/twse,2026-07-01T08:07:37Z
0050,2024-08-26,182.4,183.4,180.8,181.25,11798725,twstock/twse,2026-07-01T08:07:37Z
0050,2024-08-27,180.4,180.9,179.75,180.45,5626648,twstock/twse,2026-07-01T08:07:37Z
0050,2024-08-28,180.5,183,179.85,183,5848299,twstock/twse,2026-07-01T08:07:37Z
0050,2024-08-29,179.5,181.15,179.15,180.5,11314146,twstock/twse,2026-07-01T08:07:37Z
0050,2024-08-30,180.95,182.05,180.65,181.35,8281952,twstock/twse,2026-07-01T08:07:37Z
0050,2024-09-02,181.9,182.45,180.5,180.85,8406621,twstock/twse,2026-07-01T08:07:37Z
0050,2024-09-03,181,181.5,179.7,180.05,9951882,twstock/twse,2026-07-01T08:07:37Z
0050,2024-09-04,171,173.8,170,171.25,34040370,twstock/twse,2026-07-01T08:07:37Z
0050,2024-09-05,172.85,174.65,171.75,172.3,9617832,twstock/twse,2026-07-01T08:07:37Z
0050,2024-09-06,173,174.9,171.85,174.75,8941475,twstock/twse,2026-07-01T08:07:37Z
0050,2024-09-09,170.4,172.1,170.3,172.05,16353482,twstock/twse,2026-07-01T08:07:37Z
0050,2024-09-10,173.4,173.4,171.15,172.35,9866281,twstock/twse,2026-07-01T08:07:37Z
0050,2024-09-11,172.35,172.5,171.5,171.85,5427964,twstock/twse,2026-07-01T08:07:37Z
0050,2024-09-12,176.1,178.65,176.1,178.3,16337565,twstock/twse,2026-07-01T08:07:37Z
0050,2024-09-13,179,179.35,177.85,178.4,4775976,twstock/twse,2026-07-01T08:07:37Z
0050,2024-09-16,178.6,179.2,178.3,178.75,6206362,twstock/twse,2026-07-01T08:07:37Z
0050,2024-09-18,178.5,179.1,176.55,177.85,9649985,twstock/twse,2026-07-01T08:07:37Z
0050,2024-09-19,178,180.2,177,180.15,8553792,twstock/twse,2026-07-01T08:07:37Z
0050,2024-09-20,183.1,184.1,182.45,182.45,14311332,twstock/twse,2026-07-01T08:07:37Z
0050,2024-09-23,182.55,183.65,182.55,183.25,8294604,twstock/twse,2026-07-01T08:07:37Z
0050,2024-09-24,183.2,185,182.1,185,10476465,twstock/twse,2026-07-01T08:07:37Z
0050,2024-09-25,187.7,188,187.35,187.75,12464313,twstock/twse,2026-07-01T08:07:37Z
0050,2024-09-26,189.6,190,188.75,189.3,17369543,twstock/twse,2026-07-01T08:07:37Z
0050,2024-09-27,190.2,191.25,188.6,188.9,11999510,twstock/twse,2026-07-01T08:07:37Z
0050,2024-09-30,186.55,187.2,183.95,183.95,14461065,twstock/twse,2026-07-01T08:07:37Z
0050,2024-10-01,183.9,184.6,183.35,183.6,9883064,twstock/twse,2026-07-01T08:07:37Z
0050,2024-10-04,184,185.3,183,183.6,9244059,twstock/twse,2026-07-01T08:07:37Z
0050,2024-10-07,185.8,188.2,185.8,188.15,13993911,twstock/twse,2026-07-01T08:07:37Z
0050,2024-10-08,186.95,187.35,185.5,187.25,9953432,twstock/twse,2026-07-01T08:07:37Z
0050,2024-10-09,189,190.2,189,189,11860866,twstock/twse,2026-07-01T08:07:37Z
0050,2024-10-11,189.05,192.8,189.05,192.15,13197709,twstock/twse,2026-07-01T08:07:37Z
0050,2024-10-14,192.1,192.9,190.95,192.3,10725917,twstock/twse,2026-07-01T08:07:37Z
0050,2024-10-15,193,196.6,193,196.4,15738243,twstock/twse,2026-07-01T08:07:37Z
0050,2024-10-16,192.45,195.3,191.65,193,18604770,twstock/twse,2026-07-01T08:07:37Z
0050,2024-10-17,194,194.1,191.9,193.3,9936801,twstock/twse,2026-07-01T08:07:37Z
0050,2024-10-18,199.3,200.2,197.25,198.1,33596096,twstock/twse,2026-07-01T08:07:37Z
0050,2024-10-21,199.05,199.95,198,198.05,13716495,twstock/twse,2026-07-01T08:07:37Z
0050,2024-10-22,197.2,197.3,195.35,197.3,8995727,twstock/twse,2026-07-01T08:07:37Z
0050,2024-10-23,196.7,196.9,195.65,196,10050673,twstock/twse,2026-07-01T08:07:37Z
0050,2024-10-24,196,196.7,194.5,194.8,8642395,twstock/twse,2026-07-01T08:07:37Z
0050,2024-10-25,195,196.55,195,196.4,12961246,twstock/twse,2026-07-01T08:07:37Z
0050,2024-10-28,197.9,198.15,194.95,196.05,11929580,twstock/twse,2026-07-01T08:07:37Z
0050,2024-10-29,193.25,193.25,190.2,191.5,26008937,twstock/twse,2026-07-01T08:07:37Z
0050,2024-10-30,192.95,194.05,191.5,191.8,14531256,twstock/twse,2026-07-01T08:07:37Z
0050,2024-11-01,186.15,190.55,185.95,190.5,21072030,twstock/twse,2026-07-01T08:07:37Z
0050,2024-11-04,191.05,193.2,190.8,192.95,7681874,twstock/twse,2026-07-01T08:07:37Z
0050,2024-11-05,191.55,194.7,191.4,193.65,10565332,twstock/twse,2026-07-01T08:07:37Z
0050,2024-11-06,194.05,198.05,193.5,195.2,17354391,twstock/twse,2026-07-01T08:07:37Z
0050,2024-11-07,194.9,198.05,194.5,197.45,13976813,twstock/twse,2026-07-01T08:07:37Z
0050,2024-11-08,199.4,200,198.7,199,13571143,twstock/twse,2026-07-01T08:07:37Z
0050,2024-11-11,198.85,199.1,196.8,199.1,12949097,twstock/twse,2026-07-01T08:07:37Z
0050,2024-11-12,195.2,195.85,194,194,28057434,twstock/twse,2026-07-01T08:07:37Z
0050,2024-11-13,193.85,194,192.5,192.75,9953901,twstock/twse,2026-07-01T08:07:37Z
0050,2024-11-14,192.3,192.5,190.1,191,13318035,twstock/twse,2026-07-01T08:07:37Z
0050,2024-11-15,192.05,192.85,190.85,192.35,7809314,twstock/twse,2026-07-01T08:07:37Z
0050,2024-11-18,191.45,191.7,189.6,189.65,14637016,twstock/twse,2026-07-01T08:07:37Z
0050,2024-11-19,190.7,192.95,190.2,192.25,7932841,twstock/twse,2026-07-01T08:07:37Z
0050,2024-11-20,192.8,193.35,190.75,191.45,12509186,twstock/twse,2026-07-01T08:07:37Z
0050,2024-11-21,190,190.15,188.6,189.35,17071862,twstock/twse,2026-07-01T08:07:37Z
0050,2024-11-22,191.1,193.2,191.1,193.05,8291408,twstock/twse,2026-07-01T08:07:37Z
0050,2024-11-25,194.7,194.75,192.25,192.35,8215118,twstock/twse,2026-07-01T08:07:37Z
0050,2024-11-26,190.1,190.3,188.8,189.85,12427002,twstock/twse,2026-07-01T08:07:37Z
0050,2024-11-27,189.15,189.45,187,187.1,15890418,twstock/twse,2026-07-01T08:07:37Z
0050,2024-11-28,187,187.1,185.45,186.8,14338446,twstock/twse,2026-07-01T08:07:37Z
0050,2024-11-29,184.95,188,184.5,187.25,8696529,twstock/twse,2026-07-01T08:07:37Z
0050,2024-12-02,188.5,191.7,188.5,191.7,11039116,twstock/twse,2026-07-01T08:07:37Z
0050,2024-12-03,194.3,194.85,193.75,194.3,10613810,twstock/twse,2026-07-01T08:07:37Z
0050,2024-12-04,194.7,195.45,194.05,195.45,6981025,twstock/twse,2026-07-01T08:07:37Z
0050,2024-12-05,195.75,196.6,195.65,196.5,8091796,twstock/twse,2026-07-01T08:07:37Z
0050,2024-12-06,196.5,196.7,195,195.75,7203008,twstock/twse,2026-07-01T08:07:37Z
0050,2024-12-09,196.15,196.25,195.7,196,4897438,twstock/twse,2026-07-01T08:07:37Z
0050,2024-12-10,195.75,196.45,194.55,194.6,4950048,twstock/twse,2026-07-01T08:07:37Z
0050,2024-12-11,193,194.25,192.6,192.9,7388704,twstock/twse,2026-07-01T08:07:37Z
0050,2024-12-12,194.9,195.75,194.45,195.15,5328062,twstock/twse,2026-07-01T08:07:37Z
0050,2024-12-13,194.65,195.6,194.1,195.3,4804284,twstock/twse,2026-07-01T08:07:37Z
0050,2024-12-16,197,197.65,195.75,196.1,7781281,twstock/twse,2026-07-01T08:07:37Z
0050,2024-12-17,197.1,198.05,196.75,197.1,9712168,twstock/twse,2026-07-01T08:07:37Z
0050,2024-12-18,196.8,197.85,195.6,197.1,6885343,twstock/twse,2026-07-01T08:07:37Z
0050,2024-12-19,194.35,194.8,193.55,194.4,14093163,twstock/twse,2026-07-01T08:07:37Z
0050,2024-12-20,193.75,193.75,192,192.6,12318276,twstock/twse,2026-07-01T08:07:37Z
0050,2024-12-23,194.7,197.3,194.5,197.25,11989317,twstock/twse,2026-07-01T08:07:37Z
0050,2024-12-24,198.5,199.1,197.5,197.8,8651119,twstock/twse,2026-07-01T08:07:37Z
0050,2024-12-25,198.5,198.5,197.45,198.4,6345182,twstock/twse,2026-07-01T08:07:37Z
0050,2024-12-26,198.4,198.5,198,198.25,5000930,twstock/twse,2026-07-01T08:07:37Z
0050,2024-12-27,197.6,199.05,197.3,198.9,7419893,twstock/twse,2026-07-01T08:07:37Z
0050,2024-12-30,198.15,198.65,197.65,197.8,8999312,twstock/twse,2026-07-01T08:07:37Z
0050,2024-12-31,196.7,196.9,195.6,195.75,8290222,twstock/twse,2026-07-01T08:07:37Z
0050,2025-01-02,195.65,195.65,193.25,194.05,14166530,twstock/twse,2026-07-01T08:07:37Z
0050,2025-01-03,196,196.95,195.2,196,7453437,twstock/twse,2026-07-01T08:07:37Z
0050,2025-01-06,198.65,202.3,198.6,202.15,26355410,twstock/twse,2026-07-01T08:07:37Z
0050,2025-01-07,204.95,206,204.25,204.4,16788119,twstock/twse,2026-07-01T08:07:37Z
0050,2025-01-08,202.65,203.35,201.05,201.35,12435236,twstock/twse,2026-07-01T08:07:37Z
0050,2025-01-09,200.2,201.15,199,199.05,9097699,twstock/twse,2026-07-01T08:07:37Z
0050,2025-01-10,199,199.55,198,199,9049013,twstock/twse,2026-07-01T08:07:37Z
0050,2025-01-13,199,199,194.1,194.4,23384365,twstock/twse,2026-07-01T08:07:37Z
0050,2025-01-14,194.7,195.9,194.05,195.6,11499417,twstock/twse,2026-07-01T08:07:37Z
0050,2025-01-15,196,196,193.75,194.1,18681935,twstock/twse,2026-07-01T08:07:37Z
0050,2025-01-16,197.9,199.5,197.4,198.05,16107492,twstock/twse,2026-07-01T08:07:37Z
0050,2025-01-17,197,197.35,194.4,196.3,15650604,twstock/twse,2026-07-01T08:07:37Z
0050,2025-01-20,197.15,198.65,197.15,198.3,7861450,twstock/twse,2026-07-01T08:07:37Z
0050,2025-01-21,197.3,199.2,196.7,198.7,11024727,twstock/twse,2026-07-01T08:07:37Z
0050,2025-01-22,200.3,201.7,200.3,201.3,13730665,twstock/twse,2026-07-01T08:07:37Z
0050,2025-02-03,192.3,193,190.65,192.7,64929799,twstock/twse,2026-07-01T08:07:37Z
0050,2025-02-04,193.65,194.55,193.05,193.85,20895891,twstock/twse,2026-07-01T08:07:37Z
0050,2025-02-05,195.75,197.8,195.75,196.8,16043648,twstock/twse,2026-07-01T08:07:37Z
0050,2025-02-06,198,198.4,197.1,197.65,11822167,twstock/twse,2026-07-01T08:07:37Z
0050,2025-02-07,197.65,198.6,197.1,198.55,6126992,twstock/twse,2026-07-01T08:07:37Z
0050,2025-02-10,198.2,198.2,196.1,196.3,18366301,twstock/twse,2026-07-01T08:07:37Z
0050,2025-02-11,197.5,198.5,197,197.5,5419925,twstock/twse,2026-07-01T08:07:37Z
0050,2025-02-12,198,198.65,197,197.2,7415810,twstock/twse,2026-07-01T08:07:37Z
0050,2025-02-13,197.3,197.4,195.55,196.35,15306893,twstock/twse,2026-07-01T08:07:37Z
0050,2025-02-14,195.15,195.15,193.5,194,26452171,twstock/twse,2026-07-01T08:07:37Z
0050,2025-02-17,194.75,196.95,194.75,196.95,12309880,twstock/twse,2026-07-01T08:07:37Z
0050,2025-02-18,197.9,197.9,196.6,197.65,8791794,twstock/twse,2026-07-01T08:07:37Z
0050,2025-02-19,197.65,197.9,197,197.3,12820440,twstock/twse,2026-07-01T08:07:37Z
0050,2025-02-20,196.95,196.95,195.1,196.55,15504294,twstock/twse,2026-07-01T08:07:37Z
0050,2025-02-21,196.5,197.95,195.9,197.95,9097283,twstock/twse,2026-07-01T08:07:37Z
0050,2025-02-24,196.15,196.4,195.5,196.2,14227193,twstock/twse,2026-07-01T08:07:37Z
0050,2025-02-25,194,194.05,192.6,193.65,31389673,twstock/twse,2026-07-01T08:07:37Z
0050,2025-02-26,192.9,194.7,191.9,194.7,19951637,twstock/twse,2026-07-01T08:07:37Z
0050,2025-02-27,194.95,194.95,192.35,192.5,22169864,twstock/twse,2026-07-01T08:07:37Z
0050,2025-03-03,188.8,189,186.8,188.05,65048097,twstock/twse,2026-07-01T08:07:37Z
0050,2025-03-04,185,187.25,184.65,186.8,33496023,twstock/twse,2026-07-01T08:07:37Z
0050,2025-03-05,188,189.5,188,189.25,14197516,twstock/twse,2026-07-01T08:07:37Z
0050,2025-03-06,189.35,189.35,187.35,188.1,16564779,twstock/twse,2026-07-01T08:07:37Z
0050,2025-03-07,186.8,187,185.8,186.35,20206452,twstock/twse,2026-07-01T08:07:37Z
0050,2025-03-10,186.35,186.35,184.35,185.25,22718416,twstock/twse,2026-07-01T08:07:37Z
0050,2025-03-11,180.75,182.1,179.1,182,39156166,twstock/twse,2026-07-01T08:07:37Z
0050,2025-03-12,182.1,184.4,181.6,182.8,14291157,twstock/twse,2026-07-01T08:07:37Z
0050,2025-03-13,185.2,185.85,181.05,181.1,15273148,twstock/twse,2026-07-01T08:07:37Z
0050,2025-03-14,181.1,181.15,179.55,180.5,14434475,twstock/twse,2026-07-01T08:07:37Z
0050,2025-03-17,182.55,183.5,181.6,182.05,12068530,twstock/twse,2026-07-01T08:07:37Z
0050,2025-03-18,183.1,183.85,182.35,182.8,8548696,twstock/twse,2026-07-01T08:07:37Z
0050,2025-03-19,182.6,182.65,180.1,180.55,13887518,twstock/twse,2026-07-01T08:07:37Z
0050,2025-03-20,182.45,184.45,182.45,184.45,8174843,twstock/twse,2026-07-01T08:07:37Z
0050,2025-03-21,184,184,182.5,182.95,8012408,twstock/twse,2026-07-01T08:07:37Z
0050,2025-03-24,184.4,184.4,182.3,182.75,7931135,twstock/twse,2026-07-01T08:07:37Z
0050,2025-03-25,184.65,185.5,184,184.65,8367367,twstock/twse,2026-07-01T08:07:37Z
0050,2025-03-26,185.2,185.4,183.85,184.5,7266932,twstock/twse,2026-07-01T08:07:37Z
0050,2025-03-27,181.5,181.6,180.45,181,20131926,twstock/twse,2026-07-01T08:07:37Z
0050,2025-03-28,179.15,179.3,178,179.2,23684306,twstock/twse,2026-07-01T08:07:37Z
0050,2025-03-31,173.6,174.25,172.2,172.75,43779527,twstock/twse,2026-07-01T08:07:37Z
0050,2025-04-01,173.6,176.55,173.6,176.3,13028846,twstock/twse,2026-07-01T08:07:37Z
0050,2025-04-02,176.85,177.35,176,176,11506862,twstock/twse,2026-07-01T08:07:37Z
0050,2025-04-07,158.4,158.4,158.4,158.4,29578872,twstock/twse,2026-07-01T08:07:37Z
0050,2025-04-08,151.2,157.45,150.55,153.25,88850426,twstock/twse,2026-07-01T08:07:37Z
0050,2025-04-09,152.5,154.15,145,146.2,83829139,twstock/twse,2026-07-01T08:07:37Z
0050,2025-04-10,160.8,160.8,160.8,160.8,6081831,twstock/twse,2026-07-01T08:07:37Z
0050,2025-04-11,157.25,164.55,155.35,164.55,51081199,twstock/twse,2026-07-01T08:07:37Z
0050,2025-04-14,168.5,168.7,163.5,163.7,47341078,twstock/twse,2026-07-01T08:07:37Z
0050,2025-04-15,164.05,165.5,163.3,165.35,19827286,twstock/twse,2026-07-01T08:07:37Z
0050,2025-04-16,163.8,163.8,161.4,162.35,27131302,twstock/twse,2026-07-01T08:07:37Z
0050,2025-04-17,161.3,161.3,159.45,160.55,20055649,twstock/twse,2026-07-01T08:07:37Z
0050,2025-04-18,161.4,161.8,160.6,160.9,11985828,twstock/twse,2026-07-01T08:07:37Z
0050,2025-04-21,160.75,160.75,158.5,158.6,17835479,twstock/twse,2026-07-01T08:07:37Z
0050,2025-04-22,157.55,157.9,155.95,155.95,21039511,twstock/twse,2026-07-01T08:07:37Z
0050,2025-04-23,160.3,163.1,160.3,162.85,16545775,twstock/twse,2026-07-01T08:07:37Z
0050,2025-04-24,163.9,164.05,161.3,161.9,14351450,twstock/twse,2026-07-01T08:07:37Z
0050,2025-04-25,166.2,166.95,165.5,165.75,18651089,twstock/twse,2026-07-01T08:07:37Z
0050,2025-04-28,166.8,167.5,166.8,167.15,12807837,twstock/twse,2026-07-01T08:07:37Z
0050,2025-04-29,167.15,168,166.5,167.8,11555125,twstock/twse,2026-07-01T08:07:37Z
0050,2025-04-30,167.85,169,167.5,168.6,10178792,twstock/twse,2026-07-01T08:07:37Z
0050,2025-05-02,172,173.5,171.5,173.5,15243499,twstock/twse,2026-07-01T08:07:37Z
0050,2025-05-05,174.6,174.6,169.9,171.95,33624386,twstock/twse,2026-07-01T08:07:37Z
0050,2025-05-06,169.95,172.1,169.35,171,29982445,twstock/twse,2026-07-01T08:07:37Z
0050,2025-05-07,171.8,172.5,169.95,170.35,13869395,twstock/twse,2026-07-01T08:07:37Z
0050,2025-05-08,172.05,173.2,171.6,172.6,10291384,twstock/twse,2026-07-01T08:07:37Z
0050,2025-05-09,172.7,174.95,172.35,174.75,13675596,twstock/twse,2026-07-01T08:07:37Z
0050,2025-05-12,175.5,177,175.5,176.7,14200267,twstock/twse,2026-07-01T08:07:37Z
0050,2025-05-13,180.85,181.1,178.85,178.85,21040721,twstock/twse,2026-07-01T08:07:37Z
0050,2025-05-14,181.85,182.9,181.35,182.9,23824282,twstock/twse,2026-07-01T08:07:37Z
0050,2025-05-15,182.9,182.9,182,182.5,12236511,twstock/twse,2026-07-01T08:07:37Z
0050,2025-05-16,182.25,183.2,181.7,183,10104457,twstock/twse,2026-07-01T08:07:37Z
0050,2025-05-19,182.65,182.65,180.35,180.45,10637473,twstock/twse,2026-07-01T08:07:37Z
0050,2025-05-20,181.85,182.4,180.5,180.8,5829657,twstock/twse,2026-07-01T08:07:37Z
0050,2025-05-21,180.9,183.85,180.9,183.6,14373334,twstock/twse,2026-07-01T08:07:37Z
0050,2025-05-22,182.05,182.05,180.6,181.6,9075501,twstock/twse,2026-07-01T08:07:37Z
0050,2025-05-23,182.75,182.8,180.2,180.85,7223824,twstock/twse,2026-07-01T08:07:37Z
0050,2025-05-26,180.65,181.5,180.3,180.65,14332324,twstock/twse,2026-07-01T08:07:37Z
0050,2025-05-27,180.65,180.65,178,179.05,13688341,twstock/twse,2026-07-01T08:07:37Z
0050,2025-05-28,180.9,181.35,178.3,179.35,8703534,twstock/twse,2026-07-01T08:07:37Z
0050,2025-05-29,181.5,181.7,179.3,179.75,9749184,twstock/twse,2026-07-01T08:07:37Z
0050,2025-06-02,178,178.05,175.25,175.9,21228875,twstock/twse,2026-07-01T08:07:37Z
0050,2025-06-03,177.5,178.8,177,177.15,7697062,twstock/twse,2026-07-01T08:07:37Z
0050,2025-06-04,179.3,181.3,179.15,181.3,12228053,twstock/twse,2026-07-01T08:07:37Z
0050,2025-06-05,182,182.65,181.5,181.65,10845068,twstock/twse,2026-07-01T08:07:37Z
0050,2025-06-06,181.9,182.4,181.5,181.95,8750467,twstock/twse,2026-07-01T08:07:37Z
0050,2025-06-09,183.4,184.05,183.05,183.7,14115012,twstock/twse,2026-07-01T08:07:37Z
0050,2025-06-10,184.9,188.9,184.9,188.65,31483080,twstock/twse,2026-07-01T08:07:37Z
0050,2025-06-18,47.5,47.72,47.14,47.57,252639825,twstock/twse,2026-07-01T08:07:37Z
0050,2025-06-19,47.5,47.55,47.02,47.1,173652638,twstock/twse,2026-07-01T08:07:37Z
0050,2025-06-20,47.1,47.16,46.69,47.03,84926293,twstock/twse,2026-07-01T08:07:37Z
0050,2025-06-23,46.54,46.66,46.28,46.64,107319197,twstock/twse,2026-07-01T08:07:37Z
0050,2025-06-24,47.3,47.49,47.3,47.49,56021848,twstock/twse,2026-07-01T08:07:37Z
0050,2025-06-25,47.9,48.18,47.89,48.18,79951752,twstock/twse,2026-07-01T08:07:37Z
0050,2025-06-26,48.3,48.45,48.17,48.24,79097206,twstock/twse,2026-07-01T08:07:37Z
0050,2025-06-27,48.32,48.37,48,48.29,95810636,twstock/twse,2026-07-01T08:07:37Z
0050,2025-06-30,48.37,48.42,48.24,48.36,60476067,twstock/twse,2026-07-01T08:07:37Z
0050,2025-07-01,48.38,49.15,48.38,48.64,77081298,twstock/twse,2026-07-01T08:07:37Z
0050,2025-07-02,48.57,48.75,48.38,48.65,76741186,twstock/twse,2026-07-01T08:07:37Z
0050,2025-07-03,49.35,49.6,49.26,49.32,62689710,twstock/twse,2026-07-01T08:07:37Z
0050,2025-07-04,49.4,49.49,48.83,48.86,77050522,twstock/twse,2026-07-01T08:07:37Z
0050,2025-07-07,48.82,48.82,48.44,48.57,82143364,twstock/twse,2026-07-01T08:07:37Z
0050,2025-07-08,48.45,48.51,48.21,48.35,52542933,twstock/twse,2026-07-01T08:07:37Z
0050,2025-07-09,48.35,48.99,48.27,48.85,39626824,twstock/twse,2026-07-01T08:07:37Z
0050,2025-07-10,49,49.47,48.99,49.41,54779575,twstock/twse,2026-07-01T08:07:37Z
0050,2025-07-11,49.36,49.63,49.28,49.62,46214252,twstock/twse,2026-07-01T08:07:37Z
0050,2025-07-14,49.59,49.59,49.21,49.33,65170727,twstock/twse,2026-07-01T08:07:37Z
0050,2025-07-15,49.35,50.1,49.33,50,69996070,twstock/twse,2026-07-01T08:07:37Z
0050,2025-07-16,50.15,50.7,50.15,50.4,92296251,twstock/twse,2026-07-01T08:07:37Z
0050,2025-07-17,50.6,50.8,50.3,50.7,89861784,twstock/twse,2026-07-01T08:07:37Z
0050,2025-07-18,51.4,51.6,51.3,51.45,107920505,twstock/twse,2026-07-01T08:07:37Z
0050,2025-07-21,51.1,51.1,50.75,50.9,78953424,twstock/twse,2026-07-01T08:07:37Z
0050,2025-07-22,50.9,51.3,50.45,50.55,92162175,twstock/twse,2026-07-01T08:07:37Z
0050,2025-07-23,50.6,50.85,50.55,50.7,65118595,twstock/twse,2026-07-01T08:07:37Z
0050,2025-07-24,51,51.1,50.8,51,80703644,twstock/twse,2026-07-01T08:07:37Z
0050,2025-07-25,51,51.1,50.8,50.9,40414405,twstock/twse,2026-07-01T08:07:37Z
0050,2025-07-28,51.2,51.4,50.9,51.05,53609331,twstock/twse,2026-07-01T08:07:37Z
0050,2025-07-29,51.05,51.05,50.25,50.45,107016033,twstock/twse,2026-07-01T08:07:37Z
0050,2025-07-30,50.8,51.1,50.65,51,84052507,twstock/twse,2026-07-01T08:07:37Z
0050,2025-07-31,51.1,51.6,51.1,51.55,83010418,twstock/twse,2026-07-01T08:07:37Z
0050,2025-08-01,50.8,51.2,50.65,51.1,103281333,twstock/twse,2026-07-01T08:07:37Z
0050,2025-08-04,50.65,50.8,50.4,50.8,88936360,twstock/twse,2026-07-01T08:07:37Z
0050,2025-08-05,51.25,51.45,51.05,51.45,48253208,twstock/twse,2026-07-01T08:07:37Z
0050,2025-08-06,51.1,51.1,50.85,51,51398358,twstock/twse,2026-07-01T08:07:37Z
0050,2025-08-07,51.65,52.6,51.65,52.45,127953769,twstock/twse,2026-07-01T08:07:37Z
0050,2025-08-08,52.55,52.6,52.3,52.45,61743128,twstock/twse,2026-07-01T08:07:37Z
0050,2025-08-11,52.35,53.1,52.05,52.85,74255676,twstock/twse,2026-07-01T08:07:37Z
0050,2025-08-12,52.85,53,52.55,52.9,60122164,twstock/twse,2026-07-01T08:07:37Z
0050,2025-08-13,53.15,53.4,52.95,53.35,78177118,twstock/twse,2026-07-01T08:07:37Z
0050,2025-08-14,53.2,53.3,52.95,53.15,59818527,twstock/twse,2026-07-01T08:07:37Z
0050,2025-08-15,53.15,53.3,52.8,53.15,55175623,twstock/twse,2026-07-01T08:07:37Z
0050,2025-08-18,52.95,53.35,52.8,53.3,48004775,twstock/twse,2026-07-01T08:07:37Z
0050,2025-08-19,53.3,53.3,53.05,53.2,31232902,twstock/twse,2026-07-01T08:07:37Z
0050,2025-08-20,52.55,52.6,51.5,51.7,241376498,twstock/twse,2026-07-01T08:07:37Z
0050,2025-08-21,51.75,52.1,51.75,52,76525276,twstock/twse,2026-07-01T08:07:37Z
0050,2025-08-22,52.05,52.1,51.65,51.75,47853232,twstock/twse,2026-07-01T08:07:37Z
0050,2025-08-25,52.45,52.95,52.35,52.7,64451775,twstock/twse,2026-07-01T08:07:37Z
0050,2025-08-26,52.55,52.85,52.3,52.75,42402036,twstock/twse,2026-07-01T08:07:37Z
0050,2025-08-27,53,53.15,52.9,53,91463591,twstock/twse,2026-07-01T08:07:37Z
0050,2025-08-28,52.8,52.9,52.5,52.5,61856984,twstock/twse,2026-07-01T08:07:37Z
0050,2025-08-29,52.8,52.95,52.5,52.5,37614042,twstock/twse,2026-07-01T08:07:37Z
0050,2025-09-01,52.15,52.45,51.75,52,82748402,twstock/twse,2026-07-01T08:07:37Z
0050,2025-09-02,52.3,52.5,51.95,52,34866736,twstock/twse,2026-07-01T08:07:37Z
0050,2025-09-03,51.9,52.2,51.75,51.95,41247523,twstock/twse,2026-07-01T08:07:37Z
0050,2025-09-04,52.55,52.7,52.25,52.3,38611419,twstock/twse,2026-07-01T08:07:37Z
0050,2025-09-05,52.7,52.9,52.65,52.85,38976905,twstock/twse,2026-07-01T08:07:37Z
0050,2025-09-08,53.4,53.55,53.25,53.35,61781569,twstock/twse,2026-07-01T08:07:37Z
0050,2025-09-09,53.55,53.95,53.5,53.9,57948913,twstock/twse,2026-07-01T08:07:37Z
0050,2025-09-10,54.4,55,54.4,54.95,75585424,twstock/twse,2026-07-01T08:07:37Z
0050,2025-09-11,55.55,55.9,55.25,55.45,87937880,twstock/twse,2026-07-01T08:07:37Z
0050,2025-09-12,55.75,56,55.7,56,59101728,twstock/twse,2026-07-01T08:07:37Z
0050,2025-09-15,56,56.05,55.8,56,56031630,twstock/twse,2026-07-01T08:07:37Z
0050,2025-09-16,56.15,56.85,56.15,56.75,65388179,twstock/twse,2026-07-01T08:07:37Z
0050,2025-09-17,56.6,56.6,56.25,56.35,70590054,twstock/twse,2026-07-01T08:07:37Z
0050,2025-09-18,56.5,56.95,56.25,56.95,45899106,twstock/twse,2026-07-01T08:07:37Z
0050,2025-09-19,57,57.1,56.6,57,74098514,twstock/twse,2026-07-01T08:07:37Z
0050,2025-09-22,57,57.4,56.75,57.4,59170020,twstock/twse,2026-07-01T08:07:37Z
0050,2025-09-23,57.85,58.6,57.85,58.45,92241987,twstock/twse,2026-07-01T08:07:37Z
0050,2025-09-24,58.7,58.95,58.1,58.4,95128957,twstock/twse,2026-07-01T08:07:37Z
0050,2025-09-25,58.35,58.4,58,58.2,59962136,twstock/twse,2026-07-01T08:07:37Z
0050,2025-09-26,57.9,57.9,56.85,57.25,170962034,twstock/twse,2026-07-01T08:07:37Z
0050,2025-09-30,57.55,57.9,57.55,57.8,64586624,twstock/twse,2026-07-01T08:07:37Z
0050,2025-10-01,57.9,58.75,57.9,58.1,77291614,twstock/twse,2026-07-01T08:07:37Z
0050,2025-10-02,59,59.25,58.85,59.2,73803137,twstock/twse,2026-07-01T08:07:37Z
0050,2025-10-03,59.2,60.1,59.05,60.05,76083554,twstock/twse,2026-07-01T08:07:37Z
0050,2025-10-07,61,61.7,60.9,61.7,138001575,twstock/twse,2026-07-01T08:07:37Z
0050,2025-10-08,61,61.15,60.6,61.15,119706336,twstock/twse,2026-07-01T08:07:37Z
0050,2025-10-09,61.85,61.95,61.5,61.6,76478634,twstock/twse,2026-07-01T08:07:37Z
0050,2025-10-13,59.9,61,59.6,61,277610574,twstock/twse,2026-07-01T08:07:37Z
0050,2025-10-14,61.85,62.15,60.65,60.7,163441296,twstock/twse,2026-07-01T08:07:37Z
0050,2025-10-15,61,61.8,60.6,61.8,101918261,twstock/twse,2026-07-01T08:07:37Z
0050,2025-10-16,62.1,63,62.1,63,115801585,twstock/twse,2026-07-01T08:07:37Z
0050,2025-10-17,62.05,62.3,61.9,62.05,166191884,twstock/twse,2026-07-01T08:07:37Z
0050,2025-10-20,62.35,63.2,62.15,63.1,105854638,twstock/twse,2026-07-01T08:07:37Z
0050,2025-10-21,63.4,63.65,63.05,63.2,128793394,twstock/twse,2026-07-01T08:07:37Z
0050,2025-10-22,62.6,62.85,62.25,62.7,124303290,twstock/twse,2026-07-01T08:07:37Z
0050,2025-10-23,62.1,62.4,61.75,62.35,166688171,twstock/twse,2026-07-01T08:07:37Z
0050,2025-10-27,63.75,63.9,63.45,63.8,104776108,twstock/twse,2026-07-01T08:07:37Z
0050,2025-10-28,63.55,63.7,63.2,63.35,99770041,twstock/twse,2026-07-01T08:07:37Z
0050,2025-10-29,63.7,64.45,63.7,64.4,67414369,twstock/twse,2026-07-01T08:07:37Z
0050,2025-10-30,64.6,64.8,64,64.4,95106510,twstock/twse,2026-07-01T08:07:37Z
0050,2025-10-31,64.6,64.8,64.4,64.75,55956524,twstock/twse,2026-07-01T08:07:37Z
0050,2025-11-03,64.45,64.8,63.9,64.15,140157410,twstock/twse,2026-07-01T08:07:37Z
0050,2025-11-04,64.5,64.85,63.85,63.95,88131032,twstock/twse,2026-07-01T08:07:37Z
0050,2025-11-05,62.95,63.15,62.3,63.15,229413552,twstock/twse,2026-07-01T08:07:37Z
0050,2025-11-06,63.35,63.5,63.15,63.3,68680372,twstock/twse,2026-07-01T08:07:37Z
0050,2025-11-07,62.65,62.75,62.4,62.55,111187957,twstock/twse,2026-07-01T08:07:37Z
0050,2025-11-10,62.8,63.35,62.6,63.35,83130868,twstock/twse,2026-07-01T08:07:37Z
0050,2025-11-11,63.65,63.7,62.85,62.9,79723934,twstock/twse,2026-07-01T08:07:37Z
0050,2025-11-12,62.95,63.3,62.75,63.2,62620173,twstock/twse,2026-07-01T08:07:37Z
0050,2025-11-13,62.8,62.95,62.6,62.9,80483242,twstock/twse,2026-07-01T08:07:37Z
0050,2025-11-14,61.65,61.9,61.4,61.7,223192943,twstock/twse,2026-07-01T08:07:37Z
0050,2025-11-17,62,62.2,61.8,61.9,91925734,twstock/twse,2026-07-01T08:07:37Z
0050,2025-11-18,61.3,61.3,60.3,60.45,264956405,twstock/twse,2026-07-01T08:07:37Z
0050,2025-11-19,60.15,60.5,59.9,60.05,151383859,twstock/twse,2026-07-01T08:07:37Z
0050,2025-11-20,61.55,61.95,61.35,61.9,84027889,twstock/twse,2026-07-01T08:07:37Z
0050,2025-11-21,60.1,60.15,59.5,59.85,327691489,twstock/twse,2026-07-01T08:07:37Z
0050,2025-11-24,60.1,60.1,59.45,59.55,162722018,twstock/twse,2026-07-01T08:07:37Z
0050,2025-11-25,60.7,60.75,60.1,60.35,64411018,twstock/twse,2026-07-01T08:07:37Z
0050,2025-11-26,61.1,61.5,61,61.35,75793554,twstock/twse,2026-07-01T08:07:37Z
0050,2025-11-27,61.8,62.1,61.65,61.9,53852335,twstock/twse,2026-07-01T08:07:37Z
0050,2025-11-28,61.95,62.4,61.85,62.35,68386478,twstock/twse,2026-07-01T08:07:37Z
0050,2025-12-01,61.8,61.95,61.4,61.5,103003085,twstock/twse,2026-07-01T08:07:37Z
0050,2025-12-02,61.8,62.2,61.65,61.7,43152711,twstock/twse,2026-07-01T08:07:37Z
0050,2025-12-03,62.4,62.5,62.1,62.3,46546830,twstock/twse,2026-07-01T08:07:37Z
0050,2025-12-04,62.4,62.5,62,62.2,40655322,twstock/twse,2026-07-01T08:07:37Z
0050,2025-12-05,62.45,62.75,62.35,62.75,47277037,twstock/twse,2026-07-01T08:07:37Z
0050,2025-12-08,63,63.7,62.95,63.7,78686347,twstock/twse,2026-07-01T08:07:37Z
0050,2025-12-09,63.8,63.85,63.55,63.6,50671148,twstock/twse,2026-07-01T08:07:37Z
0050,2025-12-10,63.7,64.2,63.65,64.05,66717948,twstock/twse,2026-07-01T08:07:37Z
0050,2025-12-11,64.3,64.5,63.2,63.35,101197570,twstock/twse,2026-07-01T08:07:37Z
0050,2025-12-12,63.55,63.8,63.3,63.45,60240146,twstock/twse,2026-07-01T08:07:37Z
0050,2025-12-15,62.5,62.85,62.4,62.8,114939409,twstock/twse,2026-07-01T08:07:37Z
0050,2025-12-16,62.1,62.25,61.7,62.25,169375708,twstock/twse,2026-07-01T08:07:37Z
0050,2025-12-17,62.15,62.45,61.85,61.9,98504980,twstock/twse,2026-07-01T08:07:37Z
0050,2025-12-18,61.8,62.1,61.55,61.9,117973409,twstock/twse,2026-07-01T08:07:37Z
0050,2025-12-19,62.4,62.75,62.35,62.5,81027467,twstock/twse,2026-07-01T08:07:37Z
0050,2025-12-22,63.3,63.45,63.05,63.4,93882538,twstock/twse,2026-07-01T08:07:37Z
0050,2025-12-23,63.5,63.8,63.5,63.7,101867829,twstock/twse,2026-07-01T08:07:37Z
0050,2025-12-24,63.95,64.05,63.75,63.85,64106420,twstock/twse,2026-07-01T08:07:37Z
0050,2025-12-26,64.2,64.5,64.1,64.4,70816194,twstock/twse,2026-07-01T08:07:37Z
0050,2025-12-29,64.65,65.35,64.6,65.25,86510015,twstock/twse,2026-07-01T08:07:37Z
0050,2025-12-30,64.9,65.3,64.75,65.15,61058197,twstock/twse,2026-07-01T08:07:37Z
0050,2025-12-31,65.1,65.85,64.9,65.6,71868485,twstock/twse,2026-07-01T08:07:37Z
0050,2026-01-02,66,67,65.8,66.95,81135717,twstock/twse,2026-07-01T08:07:37Z
0050,2026-01-05,68.1,70.05,68.05,69.5,232910010,twstock/twse,2026-07-01T08:07:37Z
0050,2026-01-06,69.45,70.4,68.95,70.4,130176548,twstock/twse,2026-07-01T08:07:37Z
0050,2026-01-07,70.4,70.45,69.7,69.85,122267721,twstock/twse,2026-07-01T08:07:37Z
0050,2026-01-08,69.65,70.35,69.4,70.1,74866080,twstock/twse,2026-07-01T08:07:37Z
0050,2026-01-09,69.8,70.25,68.9,69.85,113278257,twstock/twse,2026-07-01T08:07:37Z
0050,2026-01-12,70.5,70.55,70.05,70.35,84346348,twstock/twse,2026-07-01T08:07:37Z
0050,2026-01-13,71.1,71.2,70.3,70.7,103565147,twstock/twse,2026-07-01T08:07:37Z
0050,2026-01-14,70.95,71.1,70.65,70.75,86322515,twstock/twse,2026-07-01T08:07:37Z
0050,2026-01-15,70.7,70.7,70.15,70.65,97455363,twstock/twse,2026-07-01T08:07:37Z
0050,2026-01-16,71.75,72.1,71.2,72,101069992,twstock/twse,2026-07-01T08:07:37Z
0050,2026-01-19,71.7,72.8,71.45,72.6,122970595,twstock/twse,2026-07-01T08:07:37Z
0050,2026-01-20,71.9,72.65,71.85,72.6,111046335,twstock/twse,2026-07-01T08:07:37Z
0050,2026-01-21,71.8,72.5,71.7,71.85,173683092,twstock/twse,2026-07-01T08:07:37Z
0050,2026-01-22,71.9,72.05,71.6,71.8,101703005,twstock/twse,2026-07-01T08:07:37Z
0050,2026-01-23,72.1,72.3,71.8,72.25,70983017,twstock/twse,2026-07-01T08:07:37Z
0050,2026-01-26,72.25,72.65,72.2,72.25,87992466,twstock/twse,2026-07-01T08:07:37Z
0050,2026-01-27,72.4,73.15,72.35,73.05,73059634,twstock/twse,2026-07-01T08:07:37Z
0050,2026-01-28,73.55,74.2,73.5,74.2,90901846,twstock/twse,2026-07-01T08:07:37Z
0050,2026-01-29,74.4,74.5,73.5,73.75,119914950,twstock/twse,2026-07-01T08:07:37Z
0050,2026-01-30,73.15,73.2,72.3,72.6,175275799,twstock/twse,2026-07-01T08:07:37Z
0050,2026-02-02,71.55,71.75,70.9,71.5,234325396,twstock/twse,2026-07-01T08:07:37Z
0050,2026-02-03,73,73.05,72.4,72.95,73734001,twstock/twse,2026-07-01T08:07:37Z
0050,2026-02-04,72.4,73.15,72.3,72.9,59733704,twstock/twse,2026-07-01T08:07:37Z
0050,2026-02-05,72.05,72.25,71.75,72,107575796,twstock/twse,2026-07-01T08:07:37Z
0050,2026-02-06,71.4,72.25,70.8,71.9,110883112,twstock/twse,2026-07-01T08:07:37Z
0050,2026-02-09,74.05,74.15,73.75,73.95,122340661,twstock/twse,2026-07-01T08:07:37Z
0050,2026-02-10,74.65,75.5,74.6,75.5,102315945,twstock/twse,2026-07-01T08:07:37Z
0050,2026-02-11,75.9,77.45,75.9,77.2,120639150,twstock/twse,2026-07-01T08:07:37Z
0050,2026-02-23,78.45,78.45,77.2,77.4,227936939,twstock/twse,2026-07-01T08:07:37Z
0050,2026-02-24,77.95,79.65,77.85,79.4,150367766,twstock/twse,2026-07-01T08:07:37Z
0050,2026-02-25,80.35,81.8,80.25,81.1,167423484,twstock/twse,2026-07-01T08:07:37Z
0050,2026-02-26,81.25,81.5,80.8,81.15,133517321,twstock/twse,2026-07-01T08:07:37Z
0050,2026-03-02,79.5,80.8,79.15,80.35,224651381,twstock/twse,2026-07-01T08:07:37Z
0050,2026-03-03,80.05,80.4,78.65,78.75,324317518,twstock/twse,2026-07-01T08:07:37Z
0050,2026-03-04,77.4,77.45,75.5,75.6,505217770,twstock/twse,2026-07-01T08:07:37Z
0050,2026-03-05,78.3,78.85,76.7,77.4,207004644,twstock/twse,2026-07-01T08:07:37Z
0050,2026-03-06,76.8,77.3,76.3,76.85,151611764,twstock/twse,2026-07-01T08:07:37Z
0050,2026-03-09,73.15,73.6,71.65,73.6,542230074,twstock/twse,2026-07-01T08:07:37Z
0050,2026-03-10,75.9,76.25,74.3,75.2,173870150,twstock/twse,2026-07-01T08:07:37Z
0050,2026-03-11,76.3,78.5,76.1,78.2,151798656,twstock/twse,2026-07-01T08:07:37Z
0050,2026-03-12,77.1,77.6,76.35,76.6,131518817,twstock/twse,2026-07-01T08:07:37Z
0050,2026-03-13,75.15,76.55,75,75.95,115111624,twstock/twse,2026-07-01T08:07:37Z
0050,2026-03-16,76.3,76.7,75.45,75.6,105392137,twstock/twse,2026-07-01T08:07:37Z
0050,2026-03-17,76.45,77,76.3,76.65,63986997,twstock/twse,2026-07-01T08:07:37Z
0050,2026-03-18,77.75,78.05,77.45,77.8,78000193,twstock/twse,2026-07-01T08:07:37Z
0050,2026-03-19,76.6,76.8,75.95,76,141733755,twstock/twse,2026-07-01T08:07:37Z
0050,2026-03-20,76.2,76.4,75.5,75.9,72638922,twstock/twse,2026-07-01T08:07:37Z
0050,2026-03-23,73.5,74.45,73.3,74.25,233385121,twstock/twse,2026-07-01T08:07:37Z
0050,2026-03-24,75.5,75.6,73.8,74.4,90466270,twstock/twse,2026-07-01T08:07:37Z
0050,2026-03-25,76.35,76.65,76,76.2,94344080,twstock/twse,2026-07-01T08:07:37Z
0050,2026-03-26,76.3,76.85,75.6,75.8,80069071,twstock/twse,2026-07-01T08:07:37Z
0050,2026-03-27,74.45,75.1,74.1,75,115798710,twstock/twse,2026-07-01T08:07:37Z
0050,2026-03-30,73.3,74.05,72.8,73.9,175515568,twstock/twse,2026-07-01T08:07:37Z
0050,2026-03-31,73.35,73.45,72.15,72.35,257738774,twstock/twse,2026-07-01T08:07:37Z
0050,2026-04-01,75,75.6,74.6,75.45,130698663,twstock/twse,2026-07-01T08:07:37Z
0050,2026-04-02,75.9,76.05,73.8,73.95,113976137,twstock/twse,2026-07-01T08:07:37Z
0050,2026-04-07,75.15,75.45,74.65,75.3,80449813,twstock/twse,2026-07-01T08:07:37Z
0050,2026-04-08,78.1,79.25,78.1,79.2,235675856,twstock/twse,2026-07-01T08:07:37Z
0050,2026-04-09,79.3,79.4,78.8,79.15,95094893,twstock/twse,2026-07-01T08:07:37Z
0050,2026-04-10,80,80.8,79.95,80.75,120838644,twstock/twse,2026-07-01T08:07:37Z
0050,2026-04-13,80.6,81,80.4,80.6,91689847,twstock/twse,2026-07-01T08:07:37Z
0050,2026-04-14,81.75,83.2,81.75,83.1,129128623,twstock/twse,2026-07-01T08:07:37Z
0050,2026-04-15,84.1,85.1,83.8,84.15,127729350,twstock/twse,2026-07-01T08:07:37Z
0050,2026-04-16,84.75,85.1,84.15,85,80696269,twstock/twse,2026-07-01T08:07:37Z
0050,2026-04-17,84.2,84.5,84,84.15,101258031,twstock/twse,2026-07-01T08:07:37Z
0050,2026-04-20,84.55,85.1,84.45,84.55,100551500,twstock/twse,2026-07-01T08:07:37Z
0050,2026-04-21,85.5,86.1,85,86,75557759,twstock/twse,2026-07-01T08:07:37Z
0050,2026-04-22,85.75,86.6,85.55,86.35,67544248,twstock/twse,2026-07-01T08:07:37Z
0050,2026-04-23,87.65,88.8,85.15,86.35,156715780,twstock/twse,2026-07-01T08:07:37Z
0050,2026-04-24,87.6,89.95,87.55,89.95,129885911,twstock/twse,2026-07-01T08:07:37Z
0050,2026-04-27,92.7,94.25,92.7,93,192038103,twstock/twse,2026-07-01T08:07:37Z
0050,2026-04-28,92.55,93.65,91.9,92,126301332,twstock/twse,2026-07-01T08:07:37Z
0050,2026-04-29,90.7,91.5,90,90.75,103795530,twstock/twse,2026-07-01T08:07:37Z
0050,2026-04-30,91.25,91.9,90.3,90.5,89209769,twstock/twse,2026-07-01T08:07:37Z
0050,2026-05-04,92.5,94.65,92.4,94.6,125270935,twstock/twse,2026-07-01T08:07:37Z
0050,2026-05-05,94.4,94.75,94,94.6,82851869,twstock/twse,2026-07-01T08:07:37Z
0050,2026-05-06,96.05,96.9,94.7,95.75,111759164,twstock/twse,2026-07-01T08:07:37Z
0050,2026-05-07,97.95,98.4,97.4,97.7,117152238,twstock/twse,2026-07-01T08:07:37Z
0050,2026-05-08,97.35,97.7,95.85,97,131188123,twstock/twse,2026-07-01T08:07:37Z
0050,2026-05-11,96.65,97.15,96.5,96.9,96606391,twstock/twse,2026-07-01T08:07:37Z
0050,2026-05-12,96.85,97.35,95.5,96.85,102303450,twstock/twse,2026-07-01T08:07:37Z
0050,2026-05-13,94.85,95.8,94.7,95.5,130654061,twstock/twse,2026-07-01T08:07:37Z
0050,2026-05-14,96.9,97.2,95.75,96.05,57229209,twstock/twse,2026-07-01T08:07:37Z
0050,2026-05-15,97.65,98.25,95.2,95.4,98132989,twstock/twse,2026-07-01T08:07:37Z
0050,2026-05-18,94,95.2,93.3,94.9,118571453,twstock/twse,2026-07-01T08:07:37Z
0050,2026-05-19,94.35,94.7,93.1,93.1,135939820,twstock/twse,2026-07-01T08:07:37Z
0050,2026-05-20,93,93.5,92.45,92.5,121650308,twstock/twse,2026-07-01T08:07:37Z
0050,2026-05-21,94.8,96.05,94.7,95.85,62215954,twstock/twse,2026-07-01T08:07:37Z
0050,2026-05-22,96.3,97.3,96,97.3,64288280,twstock/twse,2026-07-01T08:07:37Z
0050,2026-05-25,99.55,101,99.55,100.8,129483256,twstock/twse,2026-07-01T08:07:37Z
0050,2026-05-26,101.6,101.8,100.1,100.1,93560313,twstock/twse,2026-07-01T08:07:37Z
0050,2026-05-27,102.4,103.9,102,102.55,94959812,twstock/twse,2026-07-01T08:07:37Z
0050,2026-05-28,104,104.25,100.1,100.5,152915695,twstock/twse,2026-07-01T08:07:37Z
0050,2026-05-29,103.2,105.4,102.7,105.4,102355526,twstock/twse,2026-07-01T08:07:37Z
0050,2026-06-01,105.25,106.7,104.5,105.5,135817122,twstock/twse,2026-07-01T08:07:37Z
0050,2026-06-02,106.3,106.3,104.2,105.7,117160979,twstock/twse,2026-07-01T08:07:37Z
0050,2026-06-03,107.3,107.85,107.1,107.6,79592362,twstock/twse,2026-07-01T08:07:37Z
0050,2026-06-04,106.75,107,106.05,106.1,236782252,twstock/twse,2026-07-01T08:07:37Z
0050,2026-06-05,105,105.35,102.8,104.15,337031371,twstock/twse,2026-07-01T08:07:37Z
0050,2026-06-08,98.05,101.3,98.05,100.95,524952235,twstock/twse,2026-07-01T08:07:37Z
0050,2026-06-09,102.1,103.6,101.35,103.5,246039378,twstock/twse,2026-07-01T08:07:37Z
0050,2026-06-10,102.6,102.95,100.2,100.25,192916596,twstock/twse,2026-07-01T08:07:37Z
0050,2026-06-11,100,100.55,97.6,99.85,299040372,twstock/twse,2026-07-01T08:07:37Z
0050,2026-06-12,103.25,103.75,101.55,101.95,76563613,twstock/twse,2026-07-01T08:07:37Z
0050,2026-06-15,105.1,105.5,104.3,105.25,100402843,twstock/twse,2026-07-01T08:07:37Z
0050,2026-06-16,106.05,106.05,104.85,105.9,70824506,twstock/twse,2026-07-01T08:07:37Z
0050,2026-06-17,105,106,104.5,106,100331952,twstock/twse,2026-07-01T08:07:37Z
0050,2026-06-18,107,107.45,106.65,107.3,78557448,twstock/twse,2026-07-01T08:07:37Z
0050,2026-06-22,109.45,111.2,109.45,111.15,116042256,twstock/twse,2026-07-01T08:07:37Z
0050,2026-06-23,112,112.3,110.05,110.1,130786727,twstock/twse,2026-07-01T08:07:37Z
0050,2026-06-24,108,108.1,106.15,107.15,235939737,twstock/twse,2026-07-01T08:07:37Z
0050,2026-06-25,108,108.05,106.35,107.2,96345582,twstock/twse,2026-07-01T08:07:37Z
0050,2026-06-26,105.4,105.85,102.8,103.1,291814760,twstock/twse,2026-07-01T08:07:37Z
0050,2026-06-29,103.35,105.35,103.3,104.45,106661221,twstock/twse,2026-07-01T08:07:37Z
0050,2026-06-30,106.85,108.25,106.75,107.8,107704452,twstock/twse,2026-07-01T08:07:37Z
0050,2026-07-01,109.8,109.95,108.6,109.35,76131395,twstock/twse,2026-07-01T08:07:37Z
0056,2020-01-02,29,29.12,28.99,29.09,12542463,twstock/twse,2026-07-01T08:07:37Z
0056,2020-01-03,29.15,29.43,29.04,29.18,15397477,twstock/twse,2026-07-01T08:07:37Z
0056,2020-01-06,29.18,29.18,28.95,28.96,12664714,twstock/twse,2026-07-01T08:07:37Z
0056,2020-01-07,28.95,28.96,28.48,28.69,28160121,twstock/twse,2026-07-01T08:07:37Z
0056,2020-01-08,28.56,28.69,28.3,28.5,18148599,twstock/twse,2026-07-01T08:07:37Z
0056,2020-01-09,28.56,28.78,28.56,28.7,11167458,twstock/twse,2026-07-01T08:07:37Z
0056,2020-01-10,28.83,28.85,28.65,28.69,9414322,twstock/twse,2026-07-01T08:07:37Z
0056,2020-01-13,28.73,28.85,28.7,28.84,9109161,twstock/twse,2026-07-01T08:07:37Z
0056,2020-01-14,28.91,29.02,28.91,29.02,8836874,twstock/twse,2026-07-01T08:07:37Z
0056,2020-01-15,29.03,29.09,29,29.01,9081284,twstock/twse,2026-07-01T08:07:37Z
0056,2020-01-16,29.11,29.12,28.95,29.1,11087219,twstock/twse,2026-07-01T08:07:37Z
0056,2020-01-17,29.13,29.19,29.09,29.16,11756156,twstock/twse,2026-07-01T08:07:37Z
0056,2020-01-20,29.17,29.22,29.16,29.19,8166082,twstock/twse,2026-07-01T08:07:37Z
0056,2020-01-30,28.5,28.5,27.5,27.7,124629153,twstock/twse,2026-07-01T08:07:37Z
0056,2020-01-31,27.71,28,27.61,27.92,43237283,twstock/twse,2026-07-01T08:07:37Z
0056,2020-02-03,27.42,27.75,26.85,27.74,45081773,twstock/twse,2026-07-01T08:07:37Z
0056,2020-02-04,27.83,28.12,27.71,28.12,15739871,twstock/twse,2026-07-01T08:07:37Z
0056,2020-02-05,28.24,28.25,28,28.08,13922740,twstock/twse,2026-07-01T08:07:37Z
0056,2020-02-06,28.35,28.44,28.18,28.44,15996571,twstock/twse,2026-07-01T08:07:37Z
0056,2020-02-07,28.38,28.38,28.2,28.23,12253406,twstock/twse,2026-07-01T08:07:37Z
0056,2020-02-10,28,28.23,27.8,28.14,18717739,twstock/twse,2026-07-01T08:07:37Z
0056,2020-02-11,28.2,28.34,28.2,28.34,7079932,twstock/twse,2026-07-01T08:07:37Z
0056,2020-02-12,28.36,28.57,28.36,28.56,12239828,twstock/twse,2026-07-01T08:07:37Z
0056,2020-02-13,28.6,28.79,28.6,28.64,14950526,twstock/twse,2026-07-01T08:07:37Z
0056,2020-02-14,28.64,28.82,28.63,28.79,9659751,twstock/twse,2026-07-01T08:07:37Z
0056,2020-02-17,28.78,28.87,28.6,28.8,14439906,twstock/twse,2026-07-01T08:07:37Z
0056,2020-02-18,28.77,28.92,28.74,28.8,12272396,twstock/twse,2026-07-01T08:07:37Z
0056,2020-02-19,28.8,28.99,28.78,28.96,11357954,twstock/twse,2026-07-01T08:07:37Z
0056,2020-02-20,29,29.06,28.87,28.93,8809420,twstock/twse,2026-07-01T08:07:37Z
0056,2020-02-21,28.91,28.99,28.85,28.9,5864280,twstock/twse,2026-07-01T08:07:37Z
0056,2020-02-24,28.77,28.77,28.59,28.7,14095127,twstock/twse,2026-07-01T08:07:37Z
0056,2020-02-25,28.45,28.7,28.36,28.67,11318028,twstock/twse,2026-07-01T08:07:37Z
0056,2020-02-26,28.5,28.55,28.3,28.3,34883285,twstock/twse,2026-07-01T08:07:37Z
0056,2020-02-27,28.3,28.39,27.83,27.9,56537310,twstock/twse,2026-07-01T08:07:37Z
0056,2020-03-02,27.7,27.9,27.2,27.75,48021434,twstock/twse,2026-07-01T08:07:37Z
0056,2020-03-03,28.15,28.2,27.92,27.93,26979859,twstock/twse,2026-07-01T08:07:37Z
0056,2020-03-04,27.93,27.93,27.71,27.86,21853847,twstock/twse,2026-07-01T08:07:37Z
0056,2020-03-05,28.01,28.1,28,28.1,13650787,twstock/twse,2026-07-01T08:07:37Z
0056,2020-03-06,28.01,28.01,27.75,27.88,27963318,twstock/twse,2026-07-01T08:07:37Z
0056,2020-03-09,27.49,27.52,27.17,27.25,96841145,twstock/twse,2026-07-01T08:07:37Z
0056,2020-03-10,26.8,27.26,26.76,27.25,70307269,twstock/twse,2026-07-01T08:07:37Z
0056,2020-03-11,27.34,27.39,26.93,26.97,38279695,twstock/twse,2026-07-01T08:07:37Z
0056,2020-03-12,26.73,26.73,25.71,25.93,155640188,twstock/twse,2026-07-01T08:07:37Z
0056,2020-03-13,24.35,25.32,24.02,25.29,157473670,twstock/twse,2026-07-01T08:07:37Z
0056,2020-03-16,25.1,25.24,24.4,24.41,92824206,twstock/twse,2026-07-01T08:07:37Z
0056,2020-03-17,23.57,24.29,23.43,23.67,103620788,twstock/twse,2026-07-01T08:07:37Z
0056,2020-03-18,23.7,23.82,23.26,23.29,80530934,twstock/twse,2026-07-01T08:07:37Z
0056,2020-03-19,22.88,22.88,21.45,21.85,137455783,twstock/twse,2026-07-01T08:07:37Z
0056,2020-03-20,22.25,23.55,22.21,23.28,88557505,twstock/twse,2026-07-01T08:07:37Z
0056,2020-03-23,22.69,22.8,22.2,22.49,53865745,twstock/twse,2026-07-01T08:07:37Z
0056,2020-03-24,23.1,23.5,23.1,23.38,36966718,twstock/twse,2026-07-01T08:07:37Z
0056,2020-03-25,24.11,24.35,24.01,24.09,57250013,twstock/twse,2026-07-01T08:07:37Z
0056,2020-03-26,24.34,24.34,23.81,24.26,33802267,twstock/twse,2026-07-01T08:07:37Z
0056,2020-03-27,24.73,24.86,24.31,24.35,46776958,twstock/twse,2026-07-01T08:07:37Z
0056,2020-03-30,23.97,24.32,23.8,24.32,23158202,twstock/twse,2026-07-01T08:07:37Z
0056,2020-03-31,24.59,24.65,24.38,24.49,20296378,twstock/twse,2026-07-01T08:07:37Z
0056,2020-04-01,24.49,24.58,24.41,24.52,17899482,twstock/twse,2026-07-01T08:07:37Z
0056,2020-04-06,24.9,24.92,24.5,24.84,23678372,twstock/twse,2026-07-01T08:07:37Z
0056,2020-04-07,25.12,25.29,25.12,25.22,31620054,twstock/twse,2026-07-01T08:07:37Z
0056,2020-04-08,25.22,25.78,25.13,25.77,41028247,twstock/twse,2026-07-01T08:07:37Z
0056,2020-04-09,25.85,26,25.57,25.65,33849421,twstock/twse,2026-07-01T08:07:37Z
0056,2020-04-10,25.65,25.75,25.6,25.73,12990586,twstock/twse,2026-07-01T08:07:37Z
0056,2020-04-13,25.73,25.77,25.51,25.68,16402804,twstock/twse,2026-07-01T08:07:37Z
0056,2020-04-14,25.7,26.05,25.7,26.05,22847925,twstock/twse,2026-07-01T08:07:37Z
0056,2020-04-15,26.2,26.48,26.19,26.47,38186993,twstock/twse,2026-07-01T08:07:37Z
0056,2020-04-16,26.4,26.48,26.15,26.44,20328897,twstock/twse,2026-07-01T08:07:37Z
0056,2020-04-17,26.8,27,26.44,26.5,39596947,twstock/twse,2026-07-01T08:07:37Z
0056,2020-04-20,26.5,26.61,26.38,26.6,17055801,twstock/twse,2026-07-01T08:07:37Z
0056,2020-04-21,26.45,26.59,26.06,26.1,34554572,twstock/twse,2026-07-01T08:07:37Z
0056,2020-04-22,25.9,26.24,25.6,26.23,20875507,twstock/twse,2026-07-01T08:07:37Z
0056,2020-04-23,26.31,26.52,26.25,26.34,15977250,twstock/twse,2026-07-01T08:07:37Z
0056,2020-04-24,26.34,26.39,26.25,26.33,6231428,twstock/twse,2026-07-01T08:07:37Z
0056,2020-04-27,26.68,26.81,26.5,26.79,25093073,twstock/twse,2026-07-01T08:07:37Z
0056,2020-04-28,26.9,26.99,26.75,26.91,17832362,twstock/twse,2026-07-01T08:07:37Z
0056,2020-04-29,26.96,27.11,26.96,27.07,24473149,twstock/twse,2026-07-01T08:07:37Z
0056,2020-04-30,27.2,27.49,27.2,27.46,35888109,twstock/twse,2026-07-01T08:07:37Z
0056,2020-05-04,26.91,27.15,26.7,27.09,26549120,twstock/twse,2026-07-01T08:07:37Z
0056,2020-05-05,27.2,27.49,27.12,27.33,16350420,twstock/twse,2026-07-01T08:07:37Z
0056,2020-05-06,27.47,27.47,27.17,27.32,13113401,twstock/twse,2026-07-01T08:07:37Z
0056,2020-05-07,27.31,27.52,27.27,27.4,17122291,twstock/twse,2026-07-01T08:07:37Z
0056,2020-05-08,27.6,27.66,27.48,27.5,15466458,twstock/twse,2026-07-01T08:07:37Z
0056,2020-05-11,27.64,27.72,27.6,27.66,13102769,twstock/twse,2026-07-01T08:07:37Z
0056,2020-05-12,27.6,27.64,27.52,27.55,10854060,twstock/twse,2026-07-01T08:07:37Z
0056,2020-05-13,27.5,27.77,27.47,27.75,16134554,twstock/twse,2026-07-01T08:07:37Z
0056,2020-05-14,27.65,27.69,27.45,27.48,14959727,twstock/twse,2026-07-01T08:07:37Z
0056,2020-05-15,27.6,27.69,27.23,27.43,13064863,twstock/twse,2026-07-01T08:07:37Z
0056,2020-05-18,27.54,27.54,27.16,27.25,17472865,twstock/twse,2026-07-01T08:07:37Z
0056,2020-05-19,27.5,27.55,27.37,27.43,11247174,twstock/twse,2026-07-01T08:07:37Z
0056,2020-05-20,27.43,27.54,27.42,27.48,11379613,twstock/twse,2026-07-01T08:07:37Z
0056,2020-05-21,27.56,27.74,27.56,27.63,21366548,twstock/twse,2026-07-01T08:07:37Z
0056,2020-05-22,27.63,27.63,27.45,27.45,17176132,twstock/twse,2026-07-01T08:07:37Z
0056,2020-05-25,27.45,27.53,27.15,27.5,14008489,twstock/twse,2026-07-01T08:07:37Z
0056,2020-05-26,27.75,27.85,27.65,27.82,29948312,twstock/twse,2026-07-01T08:07:37Z
0056,2020-05-27,27.86,27.94,27.81,27.85,11105295,twstock/twse,2026-07-01T08:07:37Z
0056,2020-05-28,27.99,28.06,27.79,27.9,17214042,twstock/twse,2026-07-01T08:07:37Z
0056,2020-05-29,27.8,27.9,27.69,27.86,9501469,twstock/twse,2026-07-01T08:07:37Z
0056,2020-06-01,27.87,28.05,27.87,28.05,20312631,twstock/twse,2026-07-01T08:07:37Z
0056,2020-06-02,28.13,28.25,28.13,28.17,12177392,twstock/twse,2026-07-01T08:07:37Z
0056,2020-06-03,28.3,28.51,28.3,28.48,35129801,twstock/twse,2026-07-01T08:07:37Z
0056,2020-06-04,28.67,28.75,28.55,28.67,22446841,twstock/twse,2026-07-01T08:07:37Z
0056,2020-06-05,28.75,28.83,28.71,28.8,25602799,twstock/twse,2026-07-01T08:07:37Z
0056,2020-06-08,28.88,28.95,28.84,28.88,21691353,twstock/twse,2026-07-01T08:07:37Z
0056,2020-06-09,28.9,28.9,28.76,28.84,14746772,twstock/twse,2026-07-01T08:07:37Z
0056,2020-06-10,28.82,28.92,28.71,28.86,14838503,twstock/twse,2026-07-01T08:07:37Z
0056,2020-06-11,28.87,28.94,28.4,28.43,24213694,twstock/twse,2026-07-01T08:07:37Z
0056,2020-06-12,27.95,28.29,27.73,28.29,31763940,twstock/twse,2026-07-01T08:07:37Z
0056,2020-06-15,28.3,28.49,28.11,28.13,21979239,twstock/twse,2026-07-01T08:07:37Z
0056,2020-06-16,28.35,28.6,28.32,28.45,21509885,twstock/twse,2026-07-01T08:07:37Z
0056,2020-06-17,28.56,28.57,28.35,28.46,17282815,twstock/twse,2026-07-01T08:07:37Z
0056,2020-06-18,28.48,28.58,28.4,28.55,20154608,twstock/twse,2026-07-01T08:07:37Z
0056,2020-06-19,28.62,28.72,28.55,28.56,20043397,twstock/twse,2026-07-01T08:07:37Z
0056,2020-06-22,28.56,28.57,28.45,28.48,11469267,twstock/twse,2026-07-01T08:07:37Z
0056,2020-06-23,28.51,28.6,28.45,28.54,8516307,twstock/twse,2026-07-01T08:07:37Z
0056,2020-06-24,28.6,28.6,28.53,28.54,9145329,twstock/twse,2026-07-01T08:07:37Z
0056,2020-06-29,28.5,28.52,28.39,28.51,12288886,twstock/twse,2026-07-01T08:07:37Z
0056,2020-06-30,28.52,28.58,28.52,28.56,6842112,twstock/twse,2026-07-01T08:07:37Z
0056,2020-07-01,28.58,28.9,28.58,28.79,24801002,twstock/twse,2026-07-01T08:07:37Z
0056,2020-07-02,28.82,29.1,28.82,29.09,28779385,twstock/twse,2026-07-01T08:07:37Z
0056,2020-07-03,29.26,29.4,29.26,29.33,27369274,twstock/twse,2026-07-01T08:07:37Z
0056,2020-07-06,29.47,29.83,29.47,29.83,40108006,twstock/twse,2026-07-01T08:07:37Z
0056,2020-07-07,29.9,30.02,29.4,29.43,29450474,twstock/twse,2026-07-01T08:07:37Z
0056,2020-07-08,29.46,29.79,29.46,29.72,33803590,twstock/twse,2026-07-01T08:07:37Z
0056,2020-07-09,29.82,29.96,29.74,29.74,19108602,twstock/twse,2026-07-01T08:07:37Z
0056,2020-07-10,29.75,29.84,29.4,29.52,20578158,twstock/twse,2026-07-01T08:07:37Z
0056,2020-07-13,29.54,29.7,29.54,29.65,11432964,twstock/twse,2026-07-01T08:07:37Z
0056,2020-07-14,29.64,29.72,29.58,29.58,8895265,twstock/twse,2026-07-01T08:07:37Z
0056,2020-07-15,29.75,29.9,29.53,29.53,12411430,twstock/twse,2026-07-01T08:07:37Z
0056,2020-07-16,29.66,29.79,29.59,29.63,10555747,twstock/twse,2026-07-01T08:07:37Z
0056,2020-07-17,29.72,29.77,29.59,29.59,10808962,twstock/twse,2026-07-01T08:07:37Z
0056,2020-07-20,29.57,29.61,29.36,29.55,18207052,twstock/twse,2026-07-01T08:07:37Z
0056,2020-07-21,29.68,29.89,29.68,29.84,24848154,twstock/twse,2026-07-01T08:07:37Z
0056,2020-07-22,29.83,30,29.83,29.97,29209047,twstock/twse,2026-07-01T08:07:37Z
0056,2020-07-23,29.95,30.19,29.92,30.17,38609649,twstock/twse,2026-07-01T08:07:37Z
0056,2020-07-24,30.13,30.25,29.8,29.85,14920664,twstock/twse,2026-07-01T08:07:37Z
0056,2020-07-27,29.9,30,29.79,29.84,11376560,twstock/twse,2026-07-01T08:07:37Z
0056,2020-07-28,29.86,29.92,29.45,29.46,13765945,twstock/twse,2026-07-01T08:07:37Z
0056,2020-07-29,29.46,29.8,29.46,29.62,8609260,twstock/twse,2026-07-01T08:07:37Z
0056,2020-07-30,29.78,30,29.72,29.99,10907454,twstock/twse,2026-07-01T08:07:37Z
0056,2020-07-31,30.02,30.25,30,30.24,22951359,twstock/twse,2026-07-01T08:07:37Z
0056,2020-08-03,30.24,30.24,30,30.01,7603998,twstock/twse,2026-07-01T08:07:37Z
0056,2020-08-04,30.01,30.22,30.01,30.17,7233411,twstock/twse,2026-07-01T08:07:37Z
0056,2020-08-05,30.39,30.63,30.39,30.62,18210722,twstock/twse,2026-07-01T08:07:37Z
0056,2020-08-06,30.75,30.89,30.63,30.7,9289461,twstock/twse,2026-07-01T08:07:37Z
0056,2020-08-07,30.71,30.75,30.64,30.65,6495515,twstock/twse,2026-07-01T08:07:37Z
0056,2020-08-10,30.75,30.75,30.54,30.6,8358933,twstock/twse,2026-07-01T08:07:37Z
0056,2020-08-11,30.55,30.59,30.33,30.35,9909105,twstock/twse,2026-07-01T08:07:37Z
0056,2020-08-12,30.35,30.35,30.1,30.22,9668429,twstock/twse,2026-07-01T08:07:37Z
0056,2020-08-13,30.33,30.43,30.3,30.32,4156018,twstock/twse,2026-07-01T08:07:37Z
0056,2020-08-14,30.33,30.65,30.3,30.63,9267599,twstock/twse,2026-07-01T08:07:37Z
0056,2020-08-17,30.75,30.96,30.7,30.96,14768755,twstock/twse,2026-07-01T08:07:37Z
0056,2020-08-18,30.96,30.99,30.79,30.9,6211119,twstock/twse,2026-07-01T08:07:37Z
0056,2020-08-19,30.9,31.11,30.73,30.77,7058372,twstock/twse,2026-07-01T08:07:37Z
0056,2020-08-20,30.71,30.71,29.3,29.79,58616370,twstock/twse,2026-07-01T08:07:37Z
0056,2020-08-21,29.99,30.14,29.92,30.11,20862404,twstock/twse,2026-07-01T08:07:37Z
0056,2020-08-24,30.15,30.23,30,30.14,15430477,twstock/twse,2026-07-01T08:07:37Z
0056,2020-08-25,30.28,30.54,30.25,30.44,20537509,twstock/twse,2026-07-01T08:07:37Z
0056,2020-08-26,30.44,30.45,30.25,30.43,14741136,twstock/twse,2026-07-01T08:07:37Z
0056,2020-08-27,30.46,30.49,30.3,30.33,6585320,twstock/twse,2026-07-01T08:07:37Z
0056,2020-08-28,30.3,30.3,30.15,30.24,5794762,twstock/twse,2026-07-01T08:07:37Z
0056,2020-08-31,30.33,30.39,30.15,30.16,7103937,twstock/twse,2026-07-01T08:07:37Z
0056,2020-09-01,30.16,30.18,29.93,30.06,7214124,twstock/twse,2026-07-01T08:07:37Z
0056,2020-09-02,30.15,30.25,30.06,30.14,4185526,twstock/twse,2026-07-01T08:07:37Z
0056,2020-09-03,30.2,30.37,30.17,30.25,13060579,twstock/twse,2026-07-01T08:07:37Z
0056,2020-09-04,29.9,30.09,29.8,30.09,14756702,twstock/twse,2026-07-01T08:07:37Z
0056,2020-09-07,30.09,30.15,29.94,29.96,13876295,twstock/twse,2026-07-01T08:07:37Z
0056,2020-09-08,30,30.05,29.84,29.97,17247949,twstock/twse,2026-07-01T08:07:37Z
0056,2020-09-09,29.75,29.88,29.55,29.85,20227863,twstock/twse,2026-07-01T08:07:37Z
0056,2020-09-10,29.9,29.91,29.84,29.85,7957383,twstock/twse,2026-07-01T08:07:37Z
0056,2020-09-11,29.8,29.84,29.74,29.75,7585380,twstock/twse,2026-07-01T08:07:37Z
0056,2020-09-14,29.75,30,29.75,29.98,11904487,twstock/twse,2026-07-01T08:07:37Z
0056,2020-09-15,30.02,30.18,30,30.1,12414974,twstock/twse,2026-07-01T08:07:37Z
0056,2020-09-16,30.17,30.28,30.16,30.25,13149207,twstock/twse,2026-07-01T08:07:37Z
0056,2020-09-17,30.25,30.27,30.09,30.23,10053909,twstock/twse,2026-07-01T08:07:37Z
0056,2020-09-18,30.23,30.23,30.09,30.2,7215817,twstock/twse,2026-07-01T08:07:37Z
0056,2020-09-21,30.12,30.14,30.03,30.03,6763073,twstock/twse,2026-07-01T08:07:37Z
0056,2020-09-22,29.97,29.97,29.62,29.8,21489944,twstock/twse,2026-07-01T08:07:37Z
0056,2020-09-23,29.8,29.9,29.56,29.7,16031005,twstock/twse,2026-07-01T08:07:37Z
0056,2020-09-24,29.42,29.44,28.99,29.06,51452070,twstock/twse,2026-07-01T08:07:37Z
0056,2020-09-25,29.17,29.25,28.67,28.9,38323354,twstock/twse,2026-07-01T08:07:37Z
0056,2020-09-28,29.05,29.38,29.05,29.38,10585266,twstock/twse,2026-07-01T08:07:37Z
0056,2020-09-29,29.51,29.58,29.26,29.4,8791030,twstock/twse,2026-07-01T08:07:37Z
0056,2020-09-30,29.41,29.52,29.35,29.48,5386192,twstock/twse,2026-07-01T08:07:37Z
0056,2020-10-05,29.49,29.58,29.39,29.45,10253888,twstock/twse,2026-07-01T08:07:37Z
0056,2020-10-06,29.61,29.72,29.57,29.68,10459079,twstock/twse,2026-07-01T08:07:37Z
0056,2020-10-07,29.68,29.68,29.52,29.65,8346420,twstock/twse,2026-07-01T08:07:37Z
0056,2020-10-08,29.84,29.85,29.68,29.76,9353669,twstock/twse,2026-07-01T08:07:37Z
0056,2020-10-12,29.94,29.94,29.71,29.74,28494351,twstock/twse,2026-07-01T08:07:37Z
0056,2020-10-13,29.76,29.79,29.61,29.71,14263155,twstock/twse,2026-07-01T08:07:37Z
0056,2020-10-14,29.71,29.77,29.68,29.74,9642193,twstock/twse,2026-07-01T08:07:37Z
0056,2020-10-15,29.75,29.75,29.51,29.69,23918261,twstock/twse,2026-07-01T08:07:37Z
0056,2020-10-16,29.65,29.69,29.52,29.56,23391242,twstock/twse,2026-07-01T08:07:37Z
0056,2020-10-19,29.6,29.69,29.57,29.64,16637092,twstock/twse,2026-07-01T08:07:37Z
0056,2020-10-20,29.64,29.65,29.59,29.64,15658005,twstock/twse,2026-07-01T08:07:37Z
0056,2020-10-21,29.65,29.7,29.55,29.59,23972337,twstock/twse,2026-07-01T08:07:37Z
0056,2020-10-22,29.58,29.59,29.51,29.59,19455042,twstock/twse,2026-07-01T08:07:37Z
0056,2020-10-23,29.6,29.64,29.56,29.63,13173245,twstock/twse,2026-07-01T08:07:37Z
0056,2020-10-26,29.66,29.79,29.66,29.69,28407616,twstock/twse,2026-07-01T08:07:37Z
0056,2020-10-27,29.61,29.69,29.55,29.69,35940682,twstock/twse,2026-07-01T08:07:37Z
0056,2020-10-28,28.44,28.49,28.11,28.19,111463996,twstock/twse,2026-07-01T08:07:37Z
0056,2020-10-29,28.11,28.14,27.78,27.98,53681771,twstock/twse,2026-07-01T08:07:37Z
0056,2020-10-30,27.99,27.99,27.8,27.8,38919511,twstock/twse,2026-07-01T08:07:37Z
0056,2020-11-02,27.8,27.85,27.6,27.72,31242373,twstock/twse,2026-07-01T08:07:37Z
0056,2020-11-03,27.89,28.02,27.88,28.01,15769851,twstock/twse,2026-07-01T08:07:37Z
0056,2020-11-04,28.1,28.1,27.92,28.05,17467032,twstock/twse,2026-07-01T08:07:37Z
0056,2020-11-05,28.1,28.17,28.06,28.12,9577513,twstock/twse,2026-07-01T08:07:37Z
0056,2020-11-06,28.17,28.26,28.12,28.19,19648371,twstock/twse,2026-07-01T08:07:37Z
0056,2020-11-09,28.35,28.45,28.35,28.4,20151246,twstock/twse,2026-07-01T08:07:37Z
0056,2020-11-10,28.48,28.48,28.23,28.29,22373366,twstock/twse,2026-07-01T08:07:37Z
0056,2020-11-11,28.35,28.51,28.27,28.5,10925556,twstock/twse,2026-07-01T08:07:37Z
0056,2020-11-12,28.51,28.57,28.35,28.4,14828977,twstock/twse,2026-07-01T08:07:37Z
0056,2020-11-13,28.4,28.53,28.38,28.53,8842027,twstock/twse,2026-07-01T08:07:37Z
0056,2020-11-16,28.68,28.82,28.68,28.8,20118091,twstock/twse,2026-07-01T08:07:37Z
0056,2020-11-17,28.98,28.99,28.8,28.81,15297071,twstock/twse,2026-07-01T08:07:37Z
0056,2020-11-18,28.82,28.9,28.81,28.9,8617666,twstock/twse,2026-07-01T08:07:37Z
0056,2020-11-19,28.9,28.91,28.85,28.86,7537854,twstock/twse,2026-07-01T08:07:37Z
0056,2020-11-20,28.86,28.88,28.83,28.88,7071001,twstock/twse,2026-07-01T08:07:37Z
0056,2020-11-23,28.93,29.19,28.93,29.14,11697665,twstock/twse,2026-07-01T08:07:37Z
0056,2020-11-24,29.18,29.21,29.1,29.11,10496226,twstock/twse,2026-07-01T08:07:37Z
0056,2020-11-25,29.15,29.19,28.98,29.01,12053673,twstock/twse,2026-07-01T08:07:37Z
0056,2020-11-26,29.01,29.15,29.01,29.15,7325738,twstock/twse,2026-07-01T08:07:37Z
0056,2020-11-27,29.15,29.34,29.1,29.32,12563047,twstock/twse,2026-07-01T08:07:37Z
0056,2020-11-30,29.34,29.49,29.34,29.35,11188394,twstock/twse,2026-07-01T08:07:37Z
0056,2020-12-01,29.36,29.39,29.21,29.35,8194436,twstock/twse,2026-07-01T08:07:37Z
0056,2020-12-02,29.35,29.48,29.34,29.44,15249736,twstock/twse,2026-07-01T08:07:37Z
0056,2020-12-03,29.45,29.59,29.41,29.45,13909915,twstock/twse,2026-07-01T08:07:37Z
0056,2020-12-04,29.53,29.69,29.53,29.68,24188090,twstock/twse,2026-07-01T08:07:37Z
0056,2020-12-07,29.72,29.96,29.69,29.85,30109726,twstock/twse,2026-07-01T08:07:37Z
0056,2020-12-08,29.85,29.95,29.83,29.9,24947013,twstock/twse,2026-07-01T08:07:37Z
0056,2020-12-09,29.97,30.17,29.97,30.14,31857102,twstock/twse,2026-07-01T08:07:37Z
0056,2020-12-10,30.07,30.09,29.88,29.94,22179912,twstock/twse,2026-07-01T08:07:37Z
0056,2020-12-11,29.94,30.02,29.51,29.81,18196472,twstock/twse,2026-07-01T08:07:37Z
0056,2020-12-14,29.81,29.89,29.74,29.82,9761352,twstock/twse,2026-07-01T08:07:37Z
0056,2020-12-15,29.81,29.81,29.46,29.51,21394884,twstock/twse,2026-07-01T08:07:37Z
0056,2020-12-16,29.52,29.8,29.52,29.8,11708444,twstock/twse,2026-07-01T08:07:37Z
0056,2020-12-17,29.79,29.8,29.6,29.66,6851120,twstock/twse,2026-07-01T08:07:37Z
0056,2020-12-18,29.66,29.69,29.59,29.61,7582162,twstock/twse,2026-07-01T08:07:37Z
0056,2020-12-21,29.6,29.61,29.4,29.6,11899445,twstock/twse,2026-07-01T08:07:37Z
0056,2020-12-22,29.59,29.59,29.41,29.43,12432823,twstock/twse,2026-07-01T08:07:37Z
0056,2020-12-23,29.39,29.42,29.35,29.42,11399457,twstock/twse,2026-07-01T08:07:37Z
0056,2020-12-24,29.43,29.54,29.43,29.48,6341654,twstock/twse,2026-07-01T08:07:37Z
0056,2020-12-25,29.51,29.58,29.48,29.51,13691719,twstock/twse,2026-07-01T08:07:37Z
0056,2020-12-28,29.52,29.75,29.52,29.75,15334102,twstock/twse,2026-07-01T08:07:37Z
0056,2020-12-29,29.76,29.82,29.65,29.67,10127621,twstock/twse,2026-07-01T08:07:37Z
0056,2020-12-30,29.7,29.79,29.65,29.78,11263363,twstock/twse,2026-07-01T08:07:37Z
0056,2020-12-31,29.81,30,29.76,29.95,21262912,twstock/twse,2026-07-01T08:07:37Z
0056,2021-01-04,29.95,29.99,29.8,29.94,14680663,twstock/twse,2026-07-01T08:07:37Z
0056,2021-01-05,29.94,30.04,29.87,30.02,32407326,twstock/twse,2026-07-01T08:07:37Z
0056,2021-01-06,30.08,30.21,29.9,30,23934914,twstock/twse,2026-07-01T08:07:37Z
0056,2021-01-07,30.05,30.23,30.04,30.22,32357050,twstock/twse,2026-07-01T08:07:37Z
0056,2021-01-08,30.35,30.47,30.25,30.46,26867681,twstock/twse,2026-07-01T08:07:37Z
0056,2021-01-11,30.49,30.67,30.47,30.61,23404753,twstock/twse,2026-07-01T08:07:37Z
0056,2021-01-12,30.61,30.61,30.32,30.35,15159957,twstock/twse,2026-07-01T08:07:37Z
0056,2021-01-13,30.49,30.72,30.49,30.69,26314594,twstock/twse,2026-07-01T08:07:37Z
0056,2021-01-14,30.75,31.01,30.71,30.92,29597950,twstock/twse,2026-07-01T08:07:37Z
0056,2021-01-15,31.06,31.13,30.73,30.79,21323649,twstock/twse,2026-07-01T08:07:37Z
0056,2021-01-18,30.75,30.75,30.21,30.61,18463553,twstock/twse,2026-07-01T08:07:37Z
0056,2021-01-19,30.61,30.78,30.61,30.74,14502235,twstock/twse,2026-07-01T08:07:37Z
0056,2021-01-20,30.74,30.74,30.21,30.25,20536621,twstock/twse,2026-07-01T08:07:37Z
0056,2021-01-21,30.25,30.44,30.23,30.3,13357516,twstock/twse,2026-07-01T08:07:37Z
0056,2021-01-22,30.25,30.58,30.23,30.53,12875370,twstock/twse,2026-07-01T08:07:37Z
0056,2021-01-25,30.5,30.84,30.41,30.83,17721831,twstock/twse,2026-07-01T08:07:37Z
0056,2021-01-26,30.9,30.98,30.58,30.68,11467465,twstock/twse,2026-07-01T08:07:37Z
0056,2021-01-27,30.76,31,30.76,30.95,21474545,twstock/twse,2026-07-01T08:07:37Z
0056,2021-01-28,30.61,30.94,30.5,30.72,14009792,twstock/twse,2026-07-01T08:07:37Z
0056,2021-01-29,30.73,30.77,30.21,30.26,12351255,twstock/twse,2026-07-01T08:07:37Z
0056,2021-02-01,30.2,30.26,29.99,30.25,9435712,twstock/twse,2026-07-01T08:07:37Z
0056,2021-02-02,30.28,30.56,30.28,30.5,6762633,twstock/twse,2026-07-01T08:07:37Z
0056,2021-02-03,30.55,30.6,30.48,30.51,4808492,twstock/twse,2026-07-01T08:07:37Z
0056,2021-02-04,30.51,30.58,30.39,30.51,5530540,twstock/twse,2026-07-01T08:07:37Z
0056,2021-02-05,30.56,30.64,30.53,30.55,7813471,twstock/twse,2026-07-01T08:07:37Z
0056,2021-02-17,30.9,31.01,30.82,31,20260474,twstock/twse,2026-07-01T08:07:37Z
0056,2021-02-18,31,31.21,30.95,31.13,17630279,twstock/twse,2026-07-01T08:07:37Z
0056,2021-02-19,31.13,31.13,30.92,31.12,7244765,twstock/twse,2026-07-01T08:07:37Z
0056,2021-02-22,31.27,31.54,31.27,31.5,17181656,twstock/twse,2026-07-01T08:07:37Z
0056,2021-02-23,31.5,31.8,31.33,31.8,15380313,twstock/twse,2026-07-01T08:07:37Z
0056,2021-02-24,31.8,32.02,31.8,31.8,14888282,twstock/twse,2026-07-01T08:07:37Z
0056,2021-02-25,32,32.09,31.9,32.01,11561187,twstock/twse,2026-07-01T08:07:37Z
0056,2021-02-26,31.95,31.98,31.78,31.9,11351529,twstock/twse,2026-07-01T08:07:37Z
0056,2021-03-02,32.05,32.13,31.89,31.9,9562366,twstock/twse,2026-07-01T08:07:37Z
0056,2021-03-03,31.9,31.95,31.79,31.93,10617816,twstock/twse,2026-07-01T08:07:37Z
0056,2021-03-04,31.93,31.93,31.77,31.8,8055425,twstock/twse,2026-07-01T08:07:37Z
0056,2021-03-05,31.67,31.8,31.55,31.8,10297301,twstock/twse,2026-07-01T08:07:37Z
0056,2021-03-08,32,32.08,31.85,32,12611331,twstock/twse,2026-07-01T08:07:37Z
0056,2021-03-09,32,32.01,31.84,32,7785093,twstock/twse,2026-07-01T08:07:37Z
0056,2021-03-10,32.13,32.22,32.06,32.1,9917251,twstock/twse,2026-07-01T08:07:37Z
0056,2021-03-11,32.14,32.33,32.14,32.33,13380806,twstock/twse,2026-07-01T08:07:37Z
0056,2021-03-12,32.4,32.45,32.33,32.43,13611221,twstock/twse,2026-07-01T08:07:37Z
0056,2021-03-15,32.54,32.75,32.54,32.74,11615884,twstock/twse,2026-07-01T08:07:37Z
0056,2021-03-16,32.9,33,32.89,32.99,13769017,twstock/twse,2026-07-01T08:07:37Z
0056,2021-03-17,33,33.02,32.88,32.95,10036579,twstock/twse,2026-07-01T08:07:37Z
0056,2021-03-18,33.18,33.55,33.18,33.53,10953413,twstock/twse,2026-07-01T08:07:37Z
0056,2021-03-19,33.33,33.61,33.25,33.6,11713437,twstock/twse,2026-07-01T08:07:37Z
0056,2021-03-22,33.6,33.69,33.44,33.6,10071687,twstock/twse,2026-07-01T08:07:37Z
0056,2021-03-23,33.7,33.79,33.59,33.66,7622297,twstock/twse,2026-07-01T08:07:37Z
0056,2021-03-24,33.66,33.75,33.55,33.65,7852468,twstock/twse,2026-07-01T08:07:37Z
0056,2021-03-25,33.65,33.66,33.4,33.66,9252867,twstock/twse,2026-07-01T08:07:37Z
0056,2021-03-26,33.8,33.8,33.72,33.8,11964451,twstock/twse,2026-07-01T08:07:37Z
0056,2021-03-29,33.92,34.35,33.92,34.34,9515821,twstock/twse,2026-07-01T08:07:37Z
0056,2021-03-30,34.36,34.6,34.32,34.6,6756100,twstock/twse,2026-07-01T08:07:37Z
0056,2021-03-31,34.6,34.86,34.6,34.63,16167364,twstock/twse,2026-07-01T08:07:37Z
0056,2021-04-01,34.65,34.78,34.54,34.61,9299056,twstock/twse,2026-07-01T08:07:37Z
0056,2021-04-06,34.98,34.98,34.7,34.74,11917950,twstock/twse,2026-07-01T08:07:37Z
0056,2021-04-07,34.74,34.75,34.67,34.71,6188680,twstock/twse,2026-07-01T08:07:37Z
0056,2021-04-08,34.72,34.75,34.67,34.75,7512545,twstock/twse,2026-07-01T08:07:37Z
0056,2021-04-09,34.75,34.76,34.64,34.7,7735811,twstock/twse,2026-07-01T08:07:37Z
0056,2021-04-12,34.7,34.75,34.67,34.69,5431455,twstock/twse,2026-07-01T08:07:37Z
0056,2021-04-13,34.69,34.73,34.45,34.47,15257286,twstock/twse,2026-07-01T08:07:37Z
0056,2021-04-14,34.47,34.48,33.92,34.35,18567567,twstock/twse,2026-07-01T08:07:37Z
0056,2021-04-15,34.35,34.53,34.32,34.5,6292180,twstock/twse,2026-07-01T08:07:37Z
0056,2021-04-16,34.84,34.94,34.61,34.94,24287652,twstock/twse,2026-07-01T08:07:37Z
0056,2021-04-19,34.99,35.2,34.99,35.2,13976139,twstock/twse,2026-07-01T08:07:37Z
0056,2021-04-20,35.25,35.41,35.25,35.33,11210838,twstock/twse,2026-07-01T08:07:37Z
0056,2021-04-21,35.33,35.53,35.25,35.53,8257351,twstock/twse,2026-07-01T08:07:37Z
0056,2021-04-22,35.6,35.85,35.25,35.4,11787539,twstock/twse,2026-07-01T08:07:37Z
0056,2021-04-23,35.38,35.38,35.1,35.3,13539590,twstock/twse,2026-07-01T08:07:37Z
0056,2021-04-26,35.58,35.99,35.58,35.99,9877318,twstock/twse,2026-07-01T08:07:37Z
0056,2021-04-27,35.99,35.99,35.86,35.98,5613853,twstock/twse,2026-07-01T08:07:37Z
0056,2021-04-28,35.98,35.99,35.86,35.98,5318577,twstock/twse,2026-07-01T08:07:37Z
0056,2021-04-29,35.98,36.17,35.88,36.12,8074218,twstock/twse,2026-07-01T08:07:37Z
0056,2021-05-03,36.12,36.17,35.9,35.91,15937856,twstock/twse,2026-07-01T08:07:37Z
0056,2021-05-04,35.91,35.99,34.66,35.3,43613672,twstock/twse,2026-07-01T08:07:37Z
0056,2021-05-05,35.24,35.74,35.02,35.35,35620486,twstock/twse,2026-07-01T08:07:37Z
0056,2021-05-06,35.41,35.6,34.96,35.3,19198886,twstock/twse,2026-07-01T08:07:37Z
0056,2021-05-07,35.35,35.74,35.35,35.72,8075154,twstock/twse,2026-07-01T08:07:37Z
0056,2021-05-10,35.87,35.9,35.76,35.88,6277912,twstock/twse,2026-07-01T08:07:37Z
0056,2021-05-11,35.72,35.72,34.45,34.7,49340348,twstock/twse,2026-07-01T08:07:37Z
0056,2021-05-12,34.26,34.43,32.07,33.5,88410957,twstock/twse,2026-07-01T08:07:37Z
0056,2021-05-13,32.95,33.86,32.33,33.4,52099430,twstock/twse,2026-07-01T08:07:37Z
0056,2021-05-14,33.5,34.02,33.45,33.65,25656196,twstock/twse,2026-07-01T08:07:37Z
0056,2021-05-17,32.18,33.3,32.18,32.75,73622584,twstock/twse,2026-07-01T08:07:37Z
0056,2021-05-18,33.01,34.01,32.96,34.01,22687429,twstock/twse,2026-07-01T08:07:37Z
0056,2021-05-19,33.98,34.18,33.71,34.1,14347448,twstock/twse,2026-07-01T08:07:37Z
0056,2021-05-20,34,34.1,33.66,33.86,12325646,twstock/twse,2026-07-01T08:07:37Z
0056,2021-05-21,34.2,34.4,33.78,34,12327045,twstock/twse,2026-07-01T08:07:37Z
0056,2021-05-24,33.84,34.1,33.65,34.05,19631541,twstock/twse,2026-07-01T08:07:37Z
0056,2021-05-25,34.28,34.34,34.15,34.34,9957924,twstock/twse,2026-07-01T08:07:37Z
0056,2021-05-26,34.4,34.42,34.22,34.32,8542300,twstock/twse,2026-07-01T08:07:37Z
0056,2021-05-27,34.24,34.29,33.94,34.28,8615907,twstock/twse,2026-07-01T08:07:37Z
0056,2021-05-28,34.5,34.55,34.32,34.55,8746363,twstock/twse,2026-07-01T08:07:37Z
0056,2021-05-31,34.6,34.77,34.55,34.75,8619023,twstock/twse,2026-07-01T08:07:37Z
0056,2021-06-01,34.82,35.06,34.74,35.06,16294396,twstock/twse,2026-07-01T08:07:37Z
0056,2021-06-02,35.06,35.23,34.86,34.96,7356960,twstock/twse,2026-07-01T08:07:37Z
0056,2021-06-03,35.1,35.13,34.9,34.95,5748869,twstock/twse,2026-07-01T08:07:37Z
0056,2021-06-04,34.8,34.87,34.72,34.77,7009671,twstock/twse,2026-07-01T08:07:37Z
0056,2021-06-07,34.77,34.79,34.19,34.72,13536435,twstock/twse,2026-07-01T08:07:37Z
0056,2021-06-08,34.77,34.78,34.56,34.65,6533264,twstock/twse,2026-07-01T08:07:37Z
0056,2021-06-09,34.61,34.61,34.37,34.45,8043082,twstock/twse,2026-07-01T08:07:37Z
0056,2021-06-10,34.45,34.63,34.4,34.6,7629980,twstock/twse,2026-07-01T08:07:37Z
0056,2021-06-11,34.6,34.66,34.54,34.55,7302156,twstock/twse,2026-07-01T08:07:37Z
0056,2021-06-15,34.59,34.74,34.53,34.65,5219504,twstock/twse,2026-07-01T08:07:37Z
0056,2021-06-16,34.62,34.78,34.58,34.78,8364699,twstock/twse,2026-07-01T08:07:37Z
0056,2021-06-17,34.67,34.9,34.57,34.9,4712941,twstock/twse,2026-07-01T08:07:37Z
0056,2021-06-18,35,35,34.89,34.91,4544274,twstock/twse,2026-07-01T08:07:37Z
0056,2021-06-21,34.85,34.85,34.5,34.55,13835491,twstock/twse,2026-07-01T08:07:37Z
0056,2021-06-22,34.7,34.77,34.41,34.43,10587582,twstock/twse,2026-07-01T08:07:37Z
0056,2021-06-23,34.5,34.53,34.34,34.45,10314750,twstock/twse,2026-07-01T08:07:37Z
0056,2021-06-24,34.45,34.7,34.45,34.66,3556442,twstock/twse,2026-07-01T08:07:37Z
0056,2021-06-25,34.78,34.94,34.74,34.74,6776565,twstock/twse,2026-07-01T08:07:37Z
0056,2021-06-28,34.8,35.1,34.8,35.1,10825640,twstock/twse,2026-07-01T08:07:37Z
0056,2021-06-29,35.14,35.15,34.62,34.8,14013485,twstock/twse,2026-07-01T08:07:37Z
0056,2021-06-30,34.89,35.03,34.8,35,9701116,twstock/twse,2026-07-01T08:07:37Z
0056,2021-07-01,35.16,35.35,34.84,35,38129526,twstock/twse,2026-07-01T08:07:37Z
0056,2021-07-02,35.08,35.28,35.04,35.2,10721415,twstock/twse,2026-07-01T08:07:37Z
0056,2021-07-05,35.54,35.69,35.38,35.69,12613943,twstock/twse,2026-07-01T08:07:37Z
0056,2021-07-06,35.85,36.05,35.8,35.91,12132510,twstock/twse,2026-07-01T08:07:37Z
0056,2021-07-07,35.83,35.86,35.51,35.61,11398642,twstock/twse,2026-07-01T08:07:37Z
0056,2021-07-08,35.83,35.88,35.49,35.8,14766850,twstock/twse,2026-07-01T08:07:37Z
0056,2021-07-09,35.77,35.77,35.3,35.44,14915032,twstock/twse,2026-07-01T08:07:37Z
0056,2021-07-12,35.65,35.67,35.05,35.27,18624613,twstock/twse,2026-07-01T08:07:37Z
0056,2021-07-13,35.33,35.45,34.8,34.85,29235742,twstock/twse,2026-07-01T08:07:37Z
0056,2021-07-14,34.89,34.9,34.35,34.48,28313869,twstock/twse,2026-07-01T08:07:37Z
0056,2021-07-15,34.53,35,34.53,34.98,11662097,twstock/twse,2026-07-01T08:07:37Z
0056,2021-07-16,34.96,35.15,34.81,35.12,11701272,twstock/twse,2026-07-01T08:07:37Z
0056,2021-07-19,35.12,35.15,34.99,35.14,5265744,twstock/twse,2026-07-01T08:07:37Z
0056,2021-07-20,34.95,34.96,34.5,34.56,23553277,twstock/twse,2026-07-01T08:07:37Z
0056,2021-07-21,34.76,34.87,33.93,34.13,49284279,twstock/twse,2026-07-01T08:07:37Z
0056,2021-07-22,34.2,34.46,34.07,34.21,17122392,twstock/twse,2026-07-01T08:07:37Z
0056,2021-07-23,34.5,34.5,34.25,34.47,7068247,twstock/twse,2026-07-01T08:07:37Z
0056,2021-07-26,34.51,34.67,34.4,34.5,11019752,twstock/twse,2026-07-01T08:07:37Z
0056,2021-07-27,34.5,34.52,33.99,34.07,22963415,twstock/twse,2026-07-01T08:07:37Z
0056,2021-07-28,34.07,34.07,33.25,33.89,43354939,twstock/twse,2026-07-01T08:07:37Z
0056,2021-07-29,34.06,34.2,33.86,34.1,19638314,twstock/twse,2026-07-01T08:07:37Z
0056,2021-07-30,34.2,34.22,33.88,33.9,28741697,twstock/twse,2026-07-01T08:07:37Z
0056,2021-08-02,34.03,34.03,33.63,34,19027608,twstock/twse,2026-07-01T08:07:37Z
0056,2021-08-03,34.01,34.16,33.98,34.15,6509353,twstock/twse,2026-07-01T08:07:37Z
0056,2021-08-04,34.18,34.35,34.17,34.35,5507529,twstock/twse,2026-07-01T08:07:37Z
0056,2021-08-05,34.4,34.4,34.14,34.2,7141944,twstock/twse,2026-07-01T08:07:37Z
0056,2021-08-06,34.2,34.25,34.02,34.25,9393314,twstock/twse,2026-07-01T08:07:37Z
0056,2021-08-09,34.22,34.22,33.88,34.1,12330056,twstock/twse,2026-07-01T08:07:37Z
0056,2021-08-10,34.1,34.18,33.71,33.79,29648031,twstock/twse,2026-07-01T08:07:37Z
0056,2021-08-11,33.72,33.79,33.24,33.49,35589485,twstock/twse,2026-07-01T08:07:37Z
0056,2021-08-12,33.52,33.52,33.33,33.51,11302339,twstock/twse,2026-07-01T08:07:37Z
0056,2021-08-13,33.56,33.58,33.2,33.27,25144420,twstock/twse,2026-07-01T08:07:37Z
0056,2021-08-16,33.28,33.28,32.74,32.86,52400299,twstock/twse,2026-07-01T08:07:37Z
0056,2021-08-17,32.9,33.08,32.48,32.53,32411406,twstock/twse,2026-07-01T08:07:37Z
0056,2021-08-18,32.38,33.07,32.13,33.07,26797263,twstock/twse,2026-07-01T08:07:37Z
0056,2021-08-19,32.88,32.88,32.29,32.32,45729062,twstock/twse,2026-07-01T08:07:37Z
0056,2021-08-20,32.4,32.49,32,32.26,25525603,twstock/twse,2026-07-01T08:07:37Z
0056,2021-08-23,32.52,32.9,32.52,32.88,16614441,twstock/twse,2026-07-01T08:07:37Z
0056,2021-08-24,33.01,33.08,32.66,32.8,20751854,twstock/twse,2026-07-01T08:07:37Z
0056,2021-08-25,32.95,33,32.8,33,10262757,twstock/twse,2026-07-01T08:07:37Z
0056,2021-08-26,33.1,33.12,32.78,32.99,17740828,twstock/twse,2026-07-01T08:07:37Z
0056,2021-08-27,32.96,33.12,32.83,33.11,8882675,twstock/twse,2026-07-01T08:07:37Z
0056,2021-08-30,33.22,33.29,33.15,33.29,8667157,twstock/twse,2026-07-01T08:07:37Z
0056,2021-08-31,33.3,33.38,33.05,33.38,10047050,twstock/twse,2026-07-01T08:07:37Z
0056,2021-09-01,33.35,33.41,33.2,33.39,11103015,twstock/twse,2026-07-01T08:07:37Z
0056,2021-09-02,33.39,33.41,33.09,33.16,11372589,twstock/twse,2026-07-01T08:07:37Z
0056,2021-09-03,33.25,33.33,33.17,33.24,7209986,twstock/twse,2026-07-01T08:07:37Z
0056,2021-09-06,33.25,33.33,33.01,33.07,19065194,twstock/twse,2026-07-01T08:07:37Z
0056,2021-09-07,33.07,33.19,33.04,33.16,8905124,twstock/twse,2026-07-01T08:07:37Z
0056,2021-09-08,33.24,33.24,32.73,32.8,29968362,twstock/twse,2026-07-01T08:07:37Z
0056,2021-09-09,32.75,32.96,32.63,32.94,7071231,twstock/twse,2026-07-01T08:07:37Z
0056,2021-09-10,33,33.22,32.94,33.22,7127193,twstock/twse,2026-07-01T08:07:37Z
0056,2021-09-13,33.23,33.52,33.23,33.41,12555069,twstock/twse,2026-07-01T08:07:37Z
0056,2021-09-14,33.57,33.59,33.31,33.36,9187609,twstock/twse,2026-07-01T08:07:37Z
0056,2021-09-15,33.36,33.36,33.11,33.33,9045007,twstock/twse,2026-07-01T08:07:37Z
0056,2021-09-16,33.34,33.43,33.19,33.28,12703605,twstock/twse,2026-07-01T08:07:37Z
0056,2021-09-17,33.28,33.46,33.24,33.42,7427343,twstock/twse,2026-07-01T08:07:37Z
0056,2021-09-22,32.9,33.01,32.68,32.9,42323235,twstock/twse,2026-07-01T08:07:37Z
0056,2021-09-23,33.03,33.17,33.03,33.08,11988044,twstock/twse,2026-07-01T08:07:37Z
0056,2021-09-24,33.26,33.39,33.22,33.3,11145863,twstock/twse,2026-07-01T08:07:37Z
0056,2021-09-27,33.33,33.39,33.21,33.3,15610226,twstock/twse,2026-07-01T08:07:37Z
0056,2021-09-28,33.08,33.17,32.88,33.08,16510239,twstock/twse,2026-07-01T08:07:37Z
0056,2021-09-29,32.7,32.82,32.59,32.7,47279038,twstock/twse,2026-07-01T08:07:37Z
0056,2021-09-30,32.75,32.81,32.56,32.77,22529098,twstock/twse,2026-07-01T08:07:37Z
0056,2021-10-01,32.58,32.6,32.1,32.26,80476958,twstock/twse,2026-07-01T08:07:37Z
0056,2021-10-04,32.38,32.4,31.81,31.84,60626133,twstock/twse,2026-07-01T08:07:37Z
0056,2021-10-05,31.6,31.96,31.42,31.96,37288065,twstock/twse,2026-07-01T08:07:37Z
0056,2021-10-06,32.07,32.08,31.71,31.88,41521061,twstock/twse,2026-07-01T08:07:37Z
0056,2021-10-07,32.47,32.69,32.1,32.57,69438110,twstock/twse,2026-07-01T08:07:37Z
0056,2021-10-08,32.61,32.7,32.48,32.59,34877963,twstock/twse,2026-07-01T08:07:37Z
0056,2021-10-12,32.6,32.6,32.2,32.24,59424394,twstock/twse,2026-07-01T08:07:37Z
0056,2021-10-13,32.42,32.47,32.06,32.17,44907866,twstock/twse,2026-07-01T08:07:37Z
0056,2021-10-14,32.29,32.33,32,32.18,34993285,twstock/twse,2026-07-01T08:07:37Z
0056,2021-10-15,32.33,32.35,32.25,32.31,25709014,twstock/twse,2026-07-01T08:07:37Z
0056,2021-10-18,32.45,32.46,32.25,32.36,51205215,twstock/twse,2026-07-01T08:07:37Z
0056,2021-10-19,32.45,32.46,32.28,32.4,37440562,twstock/twse,2026-07-01T08:07:37Z
0056,2021-10-20,32.47,32.49,32.3,32.37,69718108,twstock/twse,2026-07-01T08:07:37Z
0056,2021-10-21,32.38,32.43,32.29,32.4,99076318,twstock/twse,2026-07-01T08:07:37Z
0056,2021-10-22,30.71,30.87,30.59,30.84,148804731,twstock/twse,2026-07-01T08:07:37Z
0056,2021-10-25,30.83,30.88,30.68,30.86,53827225,twstock/twse,2026-07-01T08:07:37Z
0056,2021-10-26,30.92,31.09,30.88,31.05,34796302,twstock/twse,2026-07-01T08:07:37Z
0056,2021-10-27,31.05,31.16,30.97,31.15,24585636,twstock/twse,2026-07-01T08:07:37Z
0056,2021-10-28,31.2,31.42,31.18,31.39,23559049,twstock/twse,2026-07-01T08:07:37Z
0056,2021-10-29,31.5,31.52,31.2,31.45,18799073,twstock/twse,2026-07-01T08:07:37Z
0056,2021-11-01,31.54,31.65,31.49,31.56,21338625,twstock/twse,2026-07-01T08:07:37Z
0056,2021-11-02,31.66,31.77,31.48,31.53,25280289,twstock/twse,2026-07-01T08:07:37Z
0056,2021-11-03,31.55,31.77,31.55,31.77,14294336,twstock/twse,2026-07-01T08:07:37Z
0056,2021-11-04,31.89,31.99,31.85,31.86,14666568,twstock/twse,2026-07-01T08:07:37Z
0056,2021-11-05,31.9,31.95,31.71,31.95,16911957,twstock/twse,2026-07-01T08:07:37Z
0056,2021-11-08,32.05,32.4,32.01,32.39,38329143,twstock/twse,2026-07-01T08:07:37Z
0056,2021-11-09,32.47,32.5,32.3,32.35,33391170,twstock/twse,2026-07-01T08:07:37Z
0056,2021-11-10,32.41,32.52,32.34,32.34,35965792,twstock/twse,2026-07-01T08:07:37Z
0056,2021-11-11,32.3,32.4,32.14,32.15,22875963,twstock/twse,2026-07-01T08:07:37Z
0056,2021-11-12,32.19,32.25,32.1,32.2,21019709,twstock/twse,2026-07-01T08:07:37Z
0056,2021-11-15,32.4,32.51,32.36,32.43,26955772,twstock/twse,2026-07-01T08:07:37Z
0056,2021-11-16,32.45,32.6,32.43,32.59,30860830,twstock/twse,2026-07-01T08:07:37Z
0056,2021-11-17,32.64,32.71,32.59,32.71,20190199,twstock/twse,2026-07-01T08:07:37Z
0056,2021-11-18,32.85,33.06,32.84,32.98,46147802,twstock/twse,2026-07-01T08:07:37Z
0056,2021-11-19,33.14,33.18,32.88,32.93,21477592,twstock/twse,2026-07-01T08:07:37Z
0056,2021-11-22,33,33.05,32.9,32.93,14458491,twstock/twse,2026-07-01T08:07:37Z
0056,2021-11-23,32.91,32.92,32.6,32.63,16739347,twstock/twse,2026-07-01T08:07:37Z
0056,2021-11-24,32.62,32.73,32.5,32.61,11411990,twstock/twse,2026-07-01T08:07:37Z
0056,2021-11-25,32.69,32.72,32.62,32.65,7528466,twstock/twse,2026-07-01T08:07:37Z
0056,2021-11-26,32.64,32.65,32.35,32.35,24101251,twstock/twse,2026-07-01T08:07:37Z
0056,2021-11-29,32,32.33,31.96,32.22,26531658,twstock/twse,2026-07-01T08:07:37Z
0056,2021-11-30,32.39,32.52,32.3,32.3,11727142,twstock/twse,2026-07-01T08:07:37Z
0056,2021-12-01,32.28,32.54,32.16,32.5,8905367,twstock/twse,2026-07-01T08:07:37Z
0056,2021-12-02,32.5,32.53,32.38,32.47,8573577,twstock/twse,2026-07-01T08:07:37Z
0056,2021-12-03,32.61,32.72,32.6,32.65,12025258,twstock/twse,2026-07-01T08:07:37Z
0056,2021-12-06,32.74,32.86,32.53,32.86,15625454,twstock/twse,2026-07-01T08:07:37Z
0056,2021-12-07,32.95,33.03,32.82,33.03,21687219,twstock/twse,2026-07-01T08:07:37Z
0056,2021-12-08,33.25,33.31,33.15,33.18,24324219,twstock/twse,2026-07-01T08:07:37Z
0056,2021-12-09,33.31,33.41,33.18,33.32,21978596,twstock/twse,2026-07-01T08:07:37Z
0056,2021-12-10,33.32,33.41,33.18,33.3,15779599,twstock/twse,2026-07-01T08:07:37Z
0056,2021-12-13,33.32,33.45,33.32,33.33,10997498,twstock/twse,2026-07-01T08:07:37Z
0056,2021-12-14,33.31,33.31,32.95,32.95,22553872,twstock/twse,2026-07-01T08:07:37Z
0056,2021-12-15,32.95,33.1,32.85,33.04,8416324,twstock/twse,2026-07-01T08:07:37Z
0056,2021-12-16,33.29,33.45,33.29,33.45,32040086,twstock/twse,2026-07-01T08:07:37Z
0056,2021-12-17,33.4,33.47,33.3,33.43,21971694,twstock/twse,2026-07-01T08:07:37Z
0056,2021-12-20,33.45,33.45,33.32,33.41,20227874,twstock/twse,2026-07-01T08:07:37Z
0056,2021-12-21,33.35,33.38,33.2,33.36,9723085,twstock/twse,2026-07-01T08:07:37Z
0056,2021-12-22,33.38,33.4,33.28,33.3,8543897,twstock/twse,2026-07-01T08:07:37Z
0056,2021-12-23,33.36,33.4,33.34,33.34,6095515,twstock/twse,2026-07-01T08:07:37Z
0056,2021-12-24,33.41,33.46,33.29,33.29,9653717,twstock/twse,2026-07-01T08:07:37Z
0056,2021-12-27,33.3,33.4,33.3,33.38,11201779,twstock/twse,2026-07-01T08:07:37Z
0056,2021-12-28,33.46,33.6,33.45,33.56,18055025,twstock/twse,2026-07-01T08:07:37Z
0056,2021-12-29,33.56,33.64,33.56,33.61,11094305,twstock/twse,2026-07-01T08:07:37Z
0056,2021-12-30,33.64,33.65,33.57,33.58,8937879,twstock/twse,2026-07-01T08:07:37Z
0056,2022-01-03,33.65,33.71,33.35,33.42,15530936,twstock/twse,2026-07-01T08:07:37Z
0056,2022-01-04,33.42,33.5,33.39,33.41,8794918,twstock/twse,2026-07-01T08:07:37Z
0056,2022-01-05,33.41,33.5,33.35,33.45,8753519,twstock/twse,2026-07-01T08:07:37Z
0056,2022-01-06,33.4,33.5,33.31,33.41,14111185,twstock/twse,2026-07-01T08:07:37Z
0056,2022-01-07,33.51,33.59,33.11,33.17,26021518,twstock/twse,2026-07-01T08:07:37Z
0056,2022-01-10,33.25,33.3,33.12,33.27,10192455,twstock/twse,2026-07-01T08:07:37Z
0056,2022-01-11,33.29,33.29,33.16,33.2,13994292,twstock/twse,2026-07-01T08:07:37Z
0056,2022-01-12,33.31,33.38,33.05,33.1,21714458,twstock/twse,2026-07-01T08:07:37Z
0056,2022-01-13,33.1,33.28,33.1,33.2,11159495,twstock/twse,2026-07-01T08:07:37Z
0056,2022-01-14,33.22,33.22,32.86,33.15,27673276,twstock/twse,2026-07-01T08:07:37Z
0056,2022-01-17,33.15,33.23,33.05,33.22,13122766,twstock/twse,2026-07-01T08:07:37Z
0056,2022-01-18,33.28,33.52,33.24,33.45,32694225,twstock/twse,2026-07-01T08:07:37Z
0056,2022-01-19,33.25,33.39,33.16,33.21,17417032,twstock/twse,2026-07-01T08:07:37Z
0056,2022-01-20,33.2,33.38,33.18,33.36,12683938,twstock/twse,2026-07-01T08:07:37Z
0056,2022-01-21,33.14,33.14,32.8,32.84,45772132,twstock/twse,2026-07-01T08:07:37Z
0056,2022-01-24,32.63,32.72,32.26,32.72,33551885,twstock/twse,2026-07-01T08:07:37Z
0056,2022-01-25,32.5,32.53,32.26,32.34,43001010,twstock/twse,2026-07-01T08:07:37Z
0056,2022-01-26,32.34,32.55,32.33,32.4,20078670,twstock/twse,2026-07-01T08:07:37Z
0056,2022-02-07,32.53,33,32.48,33,20463646,twstock/twse,2026-07-01T08:07:37Z
0056,2022-02-08,33.06,33.31,33.04,33.3,18963931,twstock/twse,2026-07-01T08:07:37Z
0056,2022-02-09,33.4,33.5,33.37,33.5,17732982,twstock/twse,2026-07-01T08:07:37Z
0056,2022-02-10,33.6,33.6,33.41,33.49,11461962,twstock/twse,2026-07-01T08:07:37Z
0056,2022-02-11,33.45,33.48,33.35,33.43,7638929,twstock/twse,2026-07-01T08:07:37Z
0056,2022-02-14,33.3,33.3,33.05,33.13,17480599,twstock/twse,2026-07-01T08:07:37Z
0056,2022-02-15,33.14,33.25,33.08,33.1,10328094,twstock/twse,2026-07-01T08:07:37Z
0056,2022-02-16,33.35,33.4,33.11,33.27,22173640,twstock/twse,2026-07-01T08:07:37Z
0056,2022-02-17,33.31,33.43,33.27,33.34,10135072,twstock/twse,2026-07-01T08:07:37Z
0056,2022-02-18,33.26,33.5,33.13,33.5,12636486,twstock/twse,2026-07-01T08:07:37Z
0056,2022-02-21,33.45,33.82,33.35,33.8,27189436,twstock/twse,2026-07-01T08:07:37Z
0056,2022-02-22,33.73,33.73,33.21,33.49,23337662,twstock/twse,2026-07-01T08:07:37Z
0056,2022-02-23,33.52,33.76,33.52,33.75,12105068,twstock/twse,2026-07-01T08:07:37Z
0056,2022-02-24,33.5,33.54,33.11,33.19,25673983,twstock/twse,2026-07-01T08:07:37Z
0056,2022-02-25,33.29,33.48,33.15,33.33,14180234,twstock/twse,2026-07-01T08:07:37Z
0056,2022-03-01,33.4,33.88,33.4,33.88,26128835,twstock/twse,2026-07-01T08:07:37Z
0056,2022-03-02,33.88,34.01,33.74,33.97,16406554,twstock/twse,2026-07-01T08:07:37Z
0056,2022-03-03,34.15,34.25,34.07,34.22,22814942,twstock/twse,2026-07-01T08:07:37Z
0056,2022-03-04,34.01,34.35,33.97,34.04,17161636,twstock/twse,2026-07-01T08:07:37Z
0056,2022-03-07,33.83,33.84,33.18,33.45,41804418,twstock/twse,2026-07-01T08:07:37Z
0056,2022-03-08,33.12,33.37,32.75,33,36937661,twstock/twse,2026-07-01T08:07:37Z
0056,2022-03-09,33.22,33.38,33.18,33.36,10929094,twstock/twse,2026-07-01T08:07:37Z
0056,2022-03-10,33.79,33.96,33.75,33.89,16371839,twstock/twse,2026-07-01T08:07:37Z
0056,2022-03-11,33.89,33.95,33.81,33.9,10166375,twstock/twse,2026-07-01T08:07:37Z
0056,2022-03-14,33.93,34.15,33.93,34.13,13850545,twstock/twse,2026-07-01T08:07:37Z
0056,2022-03-15,34.15,34.16,33.75,33.78,14124694,twstock/twse,2026-07-01T08:07:37Z
0056,2022-03-16,34.01,34.07,33.39,33.71,20568298,twstock/twse,2026-07-01T08:07:37Z
0056,2022-03-17,34.01,34.06,33.8,34.01,10266824,twstock/twse,2026-07-01T08:07:37Z
0056,2022-03-18,34.03,34.03,33.8,33.9,8153964,twstock/twse,2026-07-01T08:07:37Z
0056,2022-03-21,33.9,34,33.9,33.95,6134491,twstock/twse,2026-07-01T08:07:37Z
0056,2022-03-22,33.95,33.96,33.85,33.87,6059121,twstock/twse,2026-07-01T08:07:37Z
0056,2022-03-23,33.95,34.01,33.92,33.96,6330810,twstock/twse,2026-07-01T08:07:37Z
0056,2022-03-24,33.96,33.99,33.87,33.96,4318371,twstock/twse,2026-07-01T08:07:37Z
0056,2022-03-25,33.99,33.99,33.76,33.81,9770588,twstock/twse,2026-07-01T08:07:37Z
0056,2022-03-28,33.53,33.78,33.38,33.78,18838879,twstock/twse,2026-07-01T08:07:37Z
0056,2022-03-29,33.8,33.83,33.61,33.64,9096579,twstock/twse,2026-07-01T08:07:37Z
0056,2022-03-30,33.81,33.81,33.54,33.7,10544335,twstock/twse,2026-07-01T08:07:37Z
0056,2022-03-31,33.7,33.71,33.61,33.63,6235135,twstock/twse,2026-07-01T08:07:37Z
0056,2022-04-01,33.46,33.55,33.28,33.55,11414177,twstock/twse,2026-07-01T08:07:37Z
0056,2022-04-06,33.51,33.51,33.28,33.47,21746421,twstock/twse,2026-07-01T08:07:37Z
0056,2022-04-07,33.31,33.35,32.9,32.9,55301082,twstock/twse,2026-07-01T08:07:37Z
0056,2022-04-08,33.05,33.18,32.98,33.17,14919307,twstock/twse,2026-07-01T08:07:37Z
0056,2022-04-11,33.23,33.25,32.74,32.81,37694479,twstock/twse,2026-07-01T08:07:37Z
0056,2022-04-12,32.72,32.79,32.51,32.69,35677722,twstock/twse,2026-07-01T08:07:37Z
0056,2022-04-13,32.75,33.11,32.75,33.11,10523833,twstock/twse,2026-07-01T08:07:37Z
0056,2022-04-14,33.18,33.19,33.05,33.07,6570247,twstock/twse,2026-07-01T08:07:37Z
0056,2022-04-15,32.91,32.98,32.8,32.9,12880053,twstock/twse,2026-07-01T08:07:37Z
0056,2022-04-18,32.8,32.81,32.58,32.68,23170195,twstock/twse,2026-07-01T08:07:37Z
0056,2022-04-19,32.72,32.95,32.72,32.85,5595949,twstock/twse,2026-07-01T08:07:37Z
0056,2022-04-20,32.87,32.93,32.7,32.83,8330132,twstock/twse,2026-07-01T08:07:37Z
0056,2022-04-21,32.92,33,32.83,32.9,5763901,twstock/twse,2026-07-01T08:07:37Z
0056,2022-04-22,32.66,32.82,32.61,32.78,8919597,twstock/twse,2026-07-01T08:07:37Z
0056,2022-04-25,32.36,32.36,31.91,32.03,60947216,twstock/twse,2026-07-01T08:07:37Z
0056,2022-04-26,32.11,32.15,31.89,31.93,28779840,twstock/twse,2026-07-01T08:07:37Z
0056,2022-04-27,31.34,31.54,31.16,31.48,37740132,twstock/twse,2026-07-01T08:07:37Z
0056,2022-04-28,31.55,31.72,31.39,31.72,15918179,twstock/twse,2026-07-01T08:07:37Z
0056,2022-04-29,31.99,32.05,31.86,32.01,10718600,twstock/twse,2026-07-01T08:07:37Z
0056,2022-05-03,32.01,32.1,31.84,32.09,8457957,twstock/twse,2026-07-01T08:07:37Z
0056,2022-05-04,32.09,32.32,32.09,32.31,5705558,twstock/twse,2026-07-01T08:07:37Z
0056,2022-05-05,32.5,32.63,32.4,32.54,8784436,twstock/twse,2026-07-01T08:07:37Z
0056,2022-05-06,31.95,32.25,31.89,32.25,15199748,twstock/twse,2026-07-01T08:07:37Z
0056,2022-05-09,31.92,31.93,31.57,31.57,26344029,twstock/twse,2026-07-01T08:07:37Z
0056,2022-05-10,31.18,31.67,31.08,31.65,18466204,twstock/twse,2026-07-01T08:07:37Z
0056,2022-05-11,31.46,31.5,31.14,31.17,29647565,twstock/twse,2026-07-01T08:07:37Z
0056,2022-05-12,31.05,31.1,30.62,30.63,38172733,twstock/twse,2026-07-01T08:07:37Z
0056,2022-05-13,30.7,30.86,30.65,30.8,19693063,twstock/twse,2026-07-01T08:07:37Z
0056,2022-05-16,30.99,31,30.54,30.72,30261427,twstock/twse,2026-07-01T08:07:37Z
0056,2022-05-17,30.8,30.83,30.66,30.69,15703736,twstock/twse,2026-07-01T08:07:37Z
0056,2022-05-18,30.78,31.01,30.75,31.01,12078001,twstock/twse,2026-07-01T08:07:37Z
0056,2022-05-19,30.51,30.69,30.44,30.68,22405166,twstock/twse,2026-07-01T08:07:37Z
0056,2022-05-20,30.69,30.84,30.69,30.72,8140960,twstock/twse,2026-07-01T08:07:37Z
0056,2022-05-23,30.81,30.92,30.75,30.86,8200030,twstock/twse,2026-07-01T08:07:37Z
0056,2022-05-24,30.87,30.93,30.65,30.7,10863242,twstock/twse,2026-07-01T08:07:37Z
0056,2022-05-25,30.71,30.91,30.69,30.88,6495344,twstock/twse,2026-07-01T08:07:37Z
0056,2022-05-26,31,31.06,30.73,30.8,12145015,twstock/twse,2026-07-01T08:07:37Z
0056,2022-05-27,30.95,31.13,30.92,31.08,6364381,twstock/twse,2026-07-01T08:07:37Z
0056,2022-05-30,31.39,31.49,31.33,31.43,10635180,twstock/twse,2026-07-01T08:07:37Z
0056,2022-05-31,31.44,31.44,31.19,31.4,6849157,twstock/twse,2026-07-01T08:07:37Z
0056,2022-06-01,31.4,31.6,31.38,31.52,4717890,twstock/twse,2026-07-01T08:07:37Z
0056,2022-06-02,31.39,31.46,31.29,31.4,5838502,twstock/twse,2026-07-01T08:07:37Z
0056,2022-06-06,31.38,31.52,31.24,31.48,11936646,twstock/twse,2026-07-01T08:07:37Z
0056,2022-06-07,31.41,31.47,31.31,31.44,8228884,twstock/twse,2026-07-01T08:07:37Z
0056,2022-06-08,31.6,31.62,31.53,31.6,5989454,twstock/twse,2026-07-01T08:07:37Z
0056,2022-06-09,31.45,31.45,31.3,31.3,11455907,twstock/twse,2026-07-01T08:07:37Z
0056,2022-06-10,31.05,31.13,30.96,31.08,13028804,twstock/twse,2026-07-01T08:07:37Z
0056,2022-06-13,30.52,30.57,30.39,30.51,44085447,twstock/twse,2026-07-01T08:07:37Z
0056,2022-06-14,30.27,30.48,30.16,30.48,28105683,twstock/twse,2026-07-01T08:07:37Z
0056,2022-06-15,30.33,30.5,30.26,30.39,16457372,twstock/twse,2026-07-01T08:07:37Z
0056,2022-06-16,30.54,30.6,29.89,29.94,64866086,twstock/twse,2026-07-01T08:07:37Z
0056,2022-06-17,29.66,29.72,29.35,29.62,53659039,twstock/twse,2026-07-01T08:07:37Z
0056,2022-06-20,29.62,29.64,28.82,28.87,62693560,twstock/twse,2026-07-01T08:07:37Z
0056,2022-06-21,29,29.3,28.87,29.28,19744129,twstock/twse,2026-07-01T08:07:37Z
0056,2022-06-22,29.24,29.25,28.48,28.5,51667680,twstock/twse,2026-07-01T08:07:37Z
0056,2022-06-23,28.54,28.62,27.91,28.05,56015311,twstock/twse,2026-07-01T08:07:37Z
0056,2022-06-24,28.23,28.4,28.02,28.1,25121941,twstock/twse,2026-07-01T08:07:37Z
0056,2022-06-27,28.52,28.92,28.5,28.86,22348067,twstock/twse,2026-07-01T08:07:37Z
0056,2022-06-28,28.74,28.74,28.35,28.53,23401496,twstock/twse,2026-07-01T08:07:37Z
0056,2022-06-29,28.29,28.39,28.1,28.14,24943431,twstock/twse,2026-07-01T08:07:37Z
0056,2022-06-30,28,28,27.47,27.56,62073146,twstock/twse,2026-07-01T08:07:37Z
0056,2022-07-01,27.5,27.55,26.77,26.81,74307501,twstock/twse,2026-07-01T08:07:37Z
0056,2022-07-04,26.81,27.05,26.49,26.68,44496983,twstock/twse,2026-07-01T08:07:37Z
0056,2022-07-05,26.99,27.19,26.5,26.96,31543555,twstock/twse,2026-07-01T08:07:37Z
0056,2022-07-06,26.94,26.96,26.3,26.32,65783478,twstock/twse,2026-07-01T08:07:37Z
0056,2022-07-07,26.36,26.79,26.14,26.76,31643052,twstock/twse,2026-07-01T08:07:37Z
0056,2022-07-08,27.03,27.41,27,27.25,30533497,twstock/twse,2026-07-01T08:07:37Z
0056,2022-07-11,27.36,27.42,27.1,27.25,17570276,twstock/twse,2026-07-01T08:07:37Z
0056,2022-07-12,26.85,26.85,26.41,26.62,39669073,twstock/twse,2026-07-01T08:07:37Z
0056,2022-07-13,27.21,27.25,27.05,27.08,30798587,twstock/twse,2026-07-01T08:07:37Z
0056,2022-07-14,26.96,27.24,26.78,27.18,14228581,twstock/twse,2026-07-01T08:07:37Z
0056,2022-07-15,27.18,27.22,26.97,27.09,20488431,twstock/twse,2026-07-01T08:07:37Z
0056,2022-07-18,27.23,27.48,27.1,27.48,19495244,twstock/twse,2026-07-01T08:07:37Z
0056,2022-07-19,27.41,27.69,27.31,27.68,10965309,twstock/twse,2026-07-01T08:07:37Z
0056,2022-07-20,28,28.1,27.95,28,20868295,twstock/twse,2026-07-01T08:07:37Z
0056,2022-07-21,28.06,28.38,28,28.38,12791005,twstock/twse,2026-07-01T08:07:37Z
0056,2022-07-22,28.49,28.49,28.29,28.4,16289049,twstock/twse,2026-07-01T08:07:37Z
0056,2022-07-25,28.29,28.37,28.1,28.33,13062325,twstock/twse,2026-07-01T08:07:37Z
0056,2022-07-26,28.22,28.26,28.01,28.12,18358263,twstock/twse,2026-07-01T08:07:37Z
0056,2022-07-27,28.04,28.25,27.94,28.25,12820866,twstock/twse,2026-07-01T08:07:37Z
0056,2022-07-28,28.48,28.48,28.13,28.18,19330744,twstock/twse,2026-07-01T08:07:37Z
0056,2022-07-29,28.36,28.55,28.36,28.55,19122191,twstock/twse,2026-07-01T08:07:37Z
0056,2022-08-01,28.62,28.78,28.36,28.76,14217329,twstock/twse,2026-07-01T08:07:37Z
0056,2022-08-02,28.42,28.48,28.26,28.45,34600396,twstock/twse,2026-07-01T08:07:37Z
0056,2022-08-03,28.39,28.45,28.24,28.44,19272355,twstock/twse,2026-07-01T08:07:37Z
0056,2022-08-04,28.43,28.45,28.13,28.43,26484009,twstock/twse,2026-07-01T08:07:37Z
0056,2022-08-05,28.54,28.87,28.54,28.87,22462110,twstock/twse,2026-07-01T08:07:37Z
0056,2022-08-08,28.75,28.88,28.57,28.87,18869632,twstock/twse,2026-07-01T08:07:37Z
0056,2022-08-09,28.85,29.09,28.73,29.07,15374825,twstock/twse,2026-07-01T08:07:37Z
0056,2022-08-10,28.82,28.91,28.77,28.81,21114714,twstock/twse,2026-07-01T08:07:37Z
0056,2022-08-11,29.08,29.15,29.06,29.12,16406795,twstock/twse,2026-07-01T08:07:37Z
0056,2022-08-12,29.14,29.3,29.11,29.3,11430658,twstock/twse,2026-07-01T08:07:37Z
0056,2022-08-15,29.32,29.32,29.11,29.22,22996317,twstock/twse,2026-07-01T08:07:37Z
0056,2022-08-16,29.21,29.25,29.11,29.24,18022640,twstock/twse,2026-07-01T08:07:37Z
0056,2022-08-17,29.23,29.28,29.16,29.28,10449040,twstock/twse,2026-07-01T08:07:37Z
0056,2022-08-18,29.19,29.29,29.08,29.29,11971122,twstock/twse,2026-07-01T08:07:37Z
0056,2022-08-19,29.29,29.45,29.21,29.42,11003484,twstock/twse,2026-07-01T08:07:37Z
0056,2022-08-22,29.19,29.28,29.09,29.25,23381789,twstock/twse,2026-07-01T08:07:37Z
0056,2022-08-23,29.07,29.09,28.9,28.93,38898079,twstock/twse,2026-07-01T08:07:37Z
0056,2022-08-24,28.98,29.02,28.76,28.8,26947097,twstock/twse,2026-07-01T08:07:37Z
0056,2022-08-25,28.91,29.04,28.85,28.94,11327238,twstock/twse,2026-07-01T08:07:37Z
0056,2022-08-26,29.1,29.16,29.03,29.1,14480033,twstock/twse,2026-07-01T08:07:37Z
0056,2022-08-29,28.44,28.52,28.29,28.45,53315667,twstock/twse,2026-07-01T08:07:37Z
0056,2022-08-30,28.47,28.68,28.44,28.67,21516300,twstock/twse,2026-07-01T08:07:37Z
0056,2022-08-31,28.5,28.79,28.43,28.79,21591324,twstock/twse,2026-07-01T08:07:37Z
0056,2022-09-01,28.49,28.51,28.32,28.44,33955732,twstock/twse,2026-07-01T08:07:37Z
0056,2022-09-02,28.4,28.45,28.1,28.1,38603398,twstock/twse,2026-07-01T08:07:37Z
0056,2022-09-05,28.06,28.2,27.96,28.18,25707885,twstock/twse,2026-07-01T08:07:37Z
0056,2022-09-06,28.25,28.3,28.01,28.08,29900310,twstock/twse,2026-07-01T08:07:37Z
0056,2022-09-07,28,28,27.78,27.9,31677680,twstock/twse,2026-07-01T08:07:37Z
0056,2022-09-08,28.02,28.28,27.83,28.25,14662560,twstock/twse,2026-07-01T08:07:37Z
0056,2022-09-12,28.48,28.62,28.4,28.56,13903904,twstock/twse,2026-07-01T08:07:37Z
0056,2022-09-13,28.66,28.75,28.64,28.71,11196273,twstock/twse,2026-07-01T08:07:37Z
0056,2022-09-14,28.16,28.37,28.11,28.35,19627900,twstock/twse,2026-07-01T08:07:37Z
0056,2022-09-15,28.34,28.65,28.31,28.59,9308364,twstock/twse,2026-07-01T08:07:37Z
0056,2022-09-16,28.39,28.41,28.2,28.28,26873076,twstock/twse,2026-07-01T08:07:37Z
0056,2022-09-19,28.41,28.41,28.06,28.06,23122441,twstock/twse,2026-07-01T08:07:37Z
0056,2022-09-20,28.18,28.22,27.94,27.98,30712238,twstock/twse,2026-07-01T08:07:37Z
0056,2022-09-21,27.97,27.97,27.54,27.64,46998178,twstock/twse,2026-07-01T08:07:37Z
0056,2022-09-22,27.35,27.35,27.05,27.17,49685863,twstock/twse,2026-07-01T08:07:37Z
0056,2022-09-23,27.13,27.28,27,27.06,34900666,twstock/twse,2026-07-01T08:07:37Z
0056,2022-09-26,26.8,26.83,26.19,26.33,104865685,twstock/twse,2026-07-01T08:07:37Z
0056,2022-09-27,26.33,26.47,26.16,26.33,43346762,twstock/twse,2026-07-01T08:07:37Z
0056,2022-09-28,26.34,26.37,25.79,25.83,86786671,twstock/twse,2026-07-01T08:07:37Z
0056,2022-09-29,26.09,26.11,25.71,25.81,46169612,twstock/twse,2026-07-01T08:07:37Z
0056,2022-09-30,25.61,25.78,25.47,25.78,46215204,twstock/twse,2026-07-01T08:07:37Z
0056,2022-10-03,25.54,25.76,25.46,25.67,36723381,twstock/twse,2026-07-01T08:07:37Z
0056,2022-10-04,26.25,26.28,25.96,26.27,114288475,twstock/twse,2026-07-01T08:07:37Z
0056,2022-10-05,26.57,26.72,26.48,26.62,108705441,twstock/twse,2026-07-01T08:07:37Z
0056,2022-10-06,26.63,26.63,26.48,26.57,64478159,twstock/twse,2026-07-01T08:07:37Z
0056,2022-10-07,26.45,26.45,26.27,26.28,75751249,twstock/twse,2026-07-01T08:07:37Z
0056,2022-10-11,25.9,25.98,25.75,25.85,103040566,twstock/twse,2026-07-01T08:07:37Z
0056,2022-10-12,25.83,25.91,25.62,25.82,73354089,twstock/twse,2026-07-01T08:07:37Z
0056,2022-10-13,25.81,25.86,25.5,25.53,73477324,twstock/twse,2026-07-01T08:07:37Z
0056,2022-10-14,25.97,26.06,25.8,25.91,54389495,twstock/twse,2026-07-01T08:07:37Z
0056,2022-10-17,25.73,25.79,25.33,25.77,145478621,twstock/twse,2026-07-01T08:07:37Z
0056,2022-10-18,26.07,26.09,25.66,25.84,149537572,twstock/twse,2026-07-01T08:07:37Z
0056,2022-10-19,23.93,24.08,23.7,23.95,181769611,twstock/twse,2026-07-01T08:07:37Z
0056,2022-10-20,23.82,23.82,23.36,23.65,103398774,twstock/twse,2026-07-01T08:07:37Z
0056,2022-10-21,23.71,23.81,23.58,23.58,44523766,twstock/twse,2026-07-01T08:07:37Z
0056,2022-10-24,23.88,23.94,23.68,23.69,30018617,twstock/twse,2026-07-01T08:07:37Z
0056,2022-10-25,23.71,23.75,23.36,23.4,52904756,twstock/twse,2026-07-01T08:07:37Z
0056,2022-10-26,23.41,23.5,23.28,23.41,32375041,twstock/twse,2026-07-01T08:07:37Z
0056,2022-10-27,23.48,23.59,23.43,23.58,20434565,twstock/twse,2026-07-01T08:07:37Z
0056,2022-10-28,23.56,23.56,23.29,23.31,36164505,twstock/twse,2026-07-01T08:07:37Z
0056,2022-10-31,23.52,23.53,23.37,23.48,17018710,twstock/twse,2026-07-01T08:07:37Z
0056,2022-11-01,23.5,23.59,23.45,23.55,17674500,twstock/twse,2026-07-01T08:07:37Z
0056,2022-11-02,23.57,23.69,23.55,23.67,13399369,twstock/twse,2026-07-01T08:07:37Z
0056,2022-11-03,23.42,23.6,23.34,23.58,18885110,twstock/twse,2026-07-01T08:07:37Z
0056,2022-11-04,23.5,23.65,23.39,23.64,19682507,twstock/twse,2026-07-01T08:07:37Z
0056,2022-11-07,23.78,24.08,23.78,24.06,31677777,twstock/twse,2026-07-01T08:07:37Z
0056,2022-11-08,24.26,24.35,24.18,24.23,33695268,twstock/twse,2026-07-01T08:07:37Z
0056,2022-11-09,24.4,24.62,24.38,24.61,33363482,twstock/twse,2026-07-01T08:07:37Z
0056,2022-11-10,24.58,24.59,24.5,24.53,18845997,twstock/twse,2026-07-01T08:07:37Z
0056,2022-11-11,25.3,25.34,24.9,25,39084604,twstock/twse,2026-07-01T08:07:37Z
0056,2022-11-14,25.1,25.43,25.09,25.42,43667980,twstock/twse,2026-07-01T08:07:37Z
0056,2022-11-15,25.42,25.56,25.27,25.55,40312056,twstock/twse,2026-07-01T08:07:37Z
0056,2022-11-16,25.6,25.64,25.38,25.53,39756523,twstock/twse,2026-07-01T08:07:37Z
0056,2022-11-17,25.5,25.6,25.3,25.58,28705386,twstock/twse,2026-07-01T08:07:37Z
0056,2022-11-18,25.63,25.74,25.4,25.43,23536689,twstock/twse,2026-07-01T08:07:37Z
0056,2022-11-21,25.43,25.47,25.21,25.22,20833325,twstock/twse,2026-07-01T08:07:37Z
0056,2022-11-22,25.22,25.22,25.05,25.1,19736450,twstock/twse,2026-07-01T08:07:37Z
0056,2022-11-23,25.22,25.33,25.22,25.3,12474781,twstock/twse,2026-07-01T08:07:37Z
0056,2022-11-24,25.4,25.54,25.38,25.54,16107796,twstock/twse,2026-07-01T08:07:37Z
0056,2022-11-25,25.57,25.65,25.5,25.52,20108679,twstock/twse,2026-07-01T08:07:37Z
0056,2022-11-28,25.32,25.42,25.17,25.32,26451802,twstock/twse,2026-07-01T08:07:37Z
0056,2022-11-29,25.3,25.5,25.18,25.47,16102007,twstock/twse,2026-07-01T08:07:37Z
0056,2022-11-30,25.48,25.66,25.46,25.65,20374247,twstock/twse,2026-07-01T08:07:37Z
0056,2022-12-01,25.85,25.97,25.76,25.82,29969588,twstock/twse,2026-07-01T08:07:37Z
0056,2022-12-02,25.79,25.8,25.67,25.73,16416569,twstock/twse,2026-07-01T08:07:37Z
0056,2022-12-05,25.73,25.95,25.73,25.87,21764889,twstock/twse,2026-07-01T08:07:37Z
0056,2022-12-06,25.87,25.87,25.6,25.61,32699363,twstock/twse,2026-07-01T08:07:37Z
0056,2022-12-07,25.52,25.58,25.33,25.44,27415598,twstock/twse,2026-07-01T08:07:37Z
0056,2022-12-08,25.42,25.42,25.17,25.29,23188831,twstock/twse,2026-07-01T08:07:37Z
0056,2022-12-09,25.41,25.52,25.4,25.51,12305807,twstock/twse,2026-07-01T08:07:37Z
0056,2022-12-12,25.45,25.5,25.26,25.5,14714212,twstock/twse,2026-07-01T08:07:37Z
0056,2022-12-13,25.53,25.62,25.5,25.53,13993465,twstock/twse,2026-07-01T08:07:37Z
0056,2022-12-14,25.56,25.72,25.56,25.68,11454095,twstock/twse,2026-07-01T08:07:37Z
0056,2022-12-15,25.68,25.79,25.63,25.7,14186994,twstock/twse,2026-07-01T08:07:37Z
0056,2022-12-16,25.46,25.78,25.37,25.7,30005466,twstock/twse,2026-07-01T08:07:37Z
0056,2022-12-19,25.69,25.81,25.58,25.73,13486811,twstock/twse,2026-07-01T08:07:37Z
0056,2022-12-20,25.69,25.72,25.29,25.3,31412889,twstock/twse,2026-07-01T08:07:37Z
0056,2022-12-21,25.35,25.4,25.31,25.34,12111056,twstock/twse,2026-07-01T08:07:37Z
0056,2022-12-22,25.5,25.69,25.48,25.67,10953757,twstock/twse,2026-07-01T08:07:37Z
0056,2022-12-23,25.49,25.61,25.41,25.6,8332974,twstock/twse,2026-07-01T08:07:37Z
0056,2022-12-26,25.6,25.63,25.52,25.58,12787131,twstock/twse,2026-07-01T08:07:37Z
0056,2022-12-27,25.6,25.7,25.6,25.63,8137307,twstock/twse,2026-07-01T08:07:37Z
0056,2022-12-28,25.55,25.55,25.3,25.38,27215693,twstock/twse,2026-07-01T08:07:37Z
0056,2022-12-29,25.22,25.36,25.09,25.29,19445546,twstock/twse,2026-07-01T08:07:37Z
0056,2022-12-30,25.46,25.5,25.4,25.4,8002875,twstock/twse,2026-07-01T08:07:37Z
0056,2023-01-03,25.28,25.5,25.19,25.49,14697328,twstock/twse,2026-07-01T08:07:37Z
0056,2023-01-04,25.49,25.55,25.41,25.45,11096326,twstock/twse,2026-07-01T08:07:37Z
0056,2023-01-05,25.55,25.6,25.43,25.46,11847142,twstock/twse,2026-07-01T08:07:37Z
0056,2023-01-06,25.45,25.68,25.45,25.66,17681355,twstock/twse,2026-07-01T08:07:37Z
0056,2023-01-09,25.9,25.96,25.8,25.94,33738588,twstock/twse,2026-07-01T08:07:37Z
0056,2023-01-10,25.98,26.07,25.97,26.06,24159176,twstock/twse,2026-07-01T08:07:37Z
0056,2023-01-11,26.07,26.15,26.06,26.07,13044478,twstock/twse,2026-07-01T08:07:37Z
0056,2023-01-12,26.08,26.11,25.92,25.99,12532852,twstock/twse,2026-07-01T08:07:37Z
0056,2023-01-13,26.05,26.12,25.98,25.98,14995414,twstock/twse,2026-07-01T08:07:37Z
0056,2023-01-16,26.05,26.07,26,26.02,19646580,twstock/twse,2026-07-01T08:07:37Z
0056,2023-01-17,26.04,26.07,26.01,26.06,11517923,twstock/twse,2026-07-01T08:07:37Z
0056,2023-01-30,26.47,26.55,26.4,26.53,36670683,twstock/twse,2026-07-01T08:07:37Z
0056,2023-01-31,26.55,26.68,26.53,26.54,24540865,twstock/twse,2026-07-01T08:07:37Z
0056,2023-02-01,26.6,26.68,26.59,26.67,16136394,twstock/twse,2026-07-01T08:07:37Z
0056,2023-02-02,26.81,27,26.78,26.99,27994766,twstock/twse,2026-07-01T08:07:37Z
0056,2023-02-03,27,27.05,26.85,27,19933183,twstock/twse,2026-07-01T08:07:37Z
0056,2023-02-06,26.98,26.98,26.85,26.92,29012613,twstock/twse,2026-07-01T08:07:37Z
0056,2023-02-07,26.91,26.96,26.85,26.94,11749214,twstock/twse,2026-07-01T08:07:37Z
0056,2023-02-08,27.03,27.17,27.02,27.15,18358328,twstock/twse,2026-07-01T08:07:37Z
0056,2023-02-09,27.14,27.17,27.04,27.15,11851284,twstock/twse,2026-07-01T08:07:37Z
0056,2023-02-10,27.15,27.15,26.97,27.02,21079717,twstock/twse,2026-07-01T08:07:37Z
0056,2023-02-13,26.99,27.01,26.82,26.97,21046591,twstock/twse,2026-07-01T08:07:37Z
0056,2023-02-14,27.01,27.15,27.01,27.13,11507347,twstock/twse,2026-07-01T08:07:37Z
0056,2023-02-15,27.13,27.16,27.03,27.05,16108083,twstock/twse,2026-07-01T08:07:37Z
0056,2023-02-16,27.07,27.35,27.07,27.33,31021361,twstock/twse,2026-07-01T08:07:37Z
0056,2023-02-17,27.23,27.25,27.17,27.24,14818392,twstock/twse,2026-07-01T08:07:37Z
0056,2023-02-20,27.27,27.42,27.25,27.41,17239749,twstock/twse,2026-07-01T08:07:37Z
0056,2023-02-21,27.41,27.55,27.36,27.53,29201103,twstock/twse,2026-07-01T08:07:37Z
0056,2023-02-22,27.38,27.42,27.24,27.4,26061795,twstock/twse,2026-07-01T08:07:37Z
0056,2023-02-23,27.4,27.78,27.4,27.74,36632142,twstock/twse,2026-07-01T08:07:37Z
0056,2023-02-24,27.77,27.85,27.65,27.67,44514038,twstock/twse,2026-07-01T08:07:37Z
0056,2023-03-01,27.58,27.72,27.42,27.72,20105562,twstock/twse,2026-07-01T08:07:37Z
0056,2023-03-02,27.73,27.79,27.57,27.78,12311076,twstock/twse,2026-07-01T08:07:37Z
0056,2023-03-03,27.85,28,27.85,27.95,16442144,twstock/twse,2026-07-01T08:07:37Z
0056,2023-03-06,28.07,28.3,28.07,28.25,24351495,twstock/twse,2026-07-01T08:07:37Z
0056,2023-03-07,28.29,28.4,28.2,28.38,16092974,twstock/twse,2026-07-01T08:07:37Z
0056,2023-03-08,28.29,28.37,28.18,28.37,21829363,twstock/twse,2026-07-01T08:07:37Z
0056,2023-03-09,28.37,28.38,28.21,28.24,19961989,twstock/twse,2026-07-01T08:07:37Z
0056,2023-03-10,28,28.01,27.83,27.86,41886499,twstock/twse,2026-07-01T08:07:37Z
0056,2023-03-13,27.7,27.96,27.55,27.93,46914192,twstock/twse,2026-07-01T08:07:37Z
0056,2023-03-14,27.73,27.79,27.6,27.66,27208830,twstock/twse,2026-07-01T08:07:37Z
0056,2023-03-15,27.81,27.92,27.66,27.66,20343991,twstock/twse,2026-07-01T08:07:37Z
0056,2023-03-16,27.57,27.6,27.4,27.5,37894030,twstock/twse,2026-07-01T08:07:37Z
0056,2023-03-17,27.55,27.76,27.54,27.76,21014063,twstock/twse,2026-07-01T08:07:37Z
0056,2023-03-20,27.77,27.81,27.7,27.76,17688222,twstock/twse,2026-07-01T08:07:37Z
0056,2023-03-21,27.8,27.9,27.8,27.84,10477157,twstock/twse,2026-07-01T08:07:37Z
0056,2023-03-22,27.91,28.08,27.91,28.05,19083942,twstock/twse,2026-07-01T08:07:37Z
0056,2023-03-23,28.03,28.21,28.03,28.12,17215730,twstock/twse,2026-07-01T08:07:37Z
0056,2023-03-24,28.16,28.28,28.12,28.26,25079572,twstock/twse,2026-07-01T08:07:37Z
0056,2023-03-27,28.26,28.37,28.2,28.31,25965592,twstock/twse,2026-07-01T08:07:37Z
0056,2023-03-28,28.31,28.33,28.05,28.06,23111491,twstock/twse,2026-07-01T08:07:37Z
0056,2023-03-29,28.06,28.23,28.05,28.15,12298079,twstock/twse,2026-07-01T08:07:37Z
0056,2023-03-30,28.28,28.32,28.2,28.29,19920889,twstock/twse,2026-07-01T08:07:37Z
0056,2023-03-31,28.37,28.55,28.37,28.43,26477094,twstock/twse,2026-07-01T08:07:37Z
0056,2023-04-06,28.43,28.47,28.28,28.47,21595887,twstock/twse,2026-07-01T08:07:37Z
0056,2023-04-07,28.48,28.52,28.41,28.43,10948603,twstock/twse,2026-07-01T08:07:37Z
0056,2023-04-10,28.45,28.52,28.42,28.5,13134092,twstock/twse,2026-07-01T08:07:37Z
0056,2023-04-11,28.5,28.72,28.5,28.7,16691958,twstock/twse,2026-07-01T08:07:37Z
0056,2023-04-12,28.7,28.85,28.7,28.85,14178009,twstock/twse,2026-07-01T08:07:37Z
0056,2023-04-13,28.85,28.85,28.7,28.71,20849338,twstock/twse,2026-07-01T08:07:37Z
0056,2023-04-14,28.71,28.76,28.64,28.74,12394017,twstock/twse,2026-07-01T08:07:37Z
0056,2023-04-17,28.74,28.82,28.72,28.8,14936886,twstock/twse,2026-07-01T08:07:37Z
0056,2023-04-18,28.83,28.85,28.61,28.67,17759658,twstock/twse,2026-07-01T08:07:37Z
0056,2023-04-19,28.67,28.74,28.53,28.55,12559901,twstock/twse,2026-07-01T08:07:37Z
0056,2023-04-20,28.48,28.52,28.37,28.43,14012295,twstock/twse,2026-07-01T08:07:37Z
0056,2023-04-21,28.43,28.5,28.16,28.19,23096921,twstock/twse,2026-07-01T08:07:37Z
0056,2023-04-24,28.18,28.31,28.08,28.27,11310486,twstock/twse,2026-07-01T08:07:37Z
0056,2023-04-25,28.3,28.33,27.74,27.8,60846403,twstock/twse,2026-07-01T08:07:37Z
0056,2023-04-26,27.7,27.84,27.61,27.84,27630253,twstock/twse,2026-07-01T08:07:37Z
0056,2023-04-27,27.85,28.11,27.77,28.02,11687702,twstock/twse,2026-07-01T08:07:37Z
0056,2023-04-28,28.18,28.25,28.13,28.23,9788742,twstock/twse,2026-07-01T08:07:37Z
0056,2023-05-02,28.25,28.44,28.2,28.44,14076807,twstock/twse,2026-07-01T08:07:37Z
0056,2023-05-03,28.38,28.42,28.28,28.42,11700143,twstock/twse,2026-07-01T08:07:37Z
0056,2023-05-04,28.34,28.45,28.28,28.45,8375431,twstock/twse,2026-07-01T08:07:37Z
0056,2023-05-05,28.45,28.49,28.43,28.47,8817163,twstock/twse,2026-07-01T08:07:37Z
0056,2023-05-08,28.52,28.69,28.52,28.67,16391243,twstock/twse,2026-07-01T08:07:37Z
0056,2023-05-09,28.67,28.69,28.53,28.64,10167712,twstock/twse,2026-07-01T08:07:37Z
0056,2023-05-10,28.64,28.65,28.5,28.54,10875547,twstock/twse,2026-07-01T08:07:37Z
0056,2023-05-11,28.54,28.57,28.38,28.4,13333884,twstock/twse,2026-07-01T08:07:37Z
0056,2023-05-12,28.37,28.47,28.19,28.45,10622823,twstock/twse,2026-07-01T08:07:37Z
0056,2023-05-15,28.41,28.45,28.3,28.42,13211147,twstock/twse,2026-07-01T08:07:37Z
0056,2023-05-16,28.43,28.71,28.43,28.65,21669927,twstock/twse,2026-07-01T08:07:37Z
0056,2023-05-17,28.65,28.83,28.62,28.76,25797921,twstock/twse,2026-07-01T08:07:37Z
0056,2023-05-18,28.85,29.11,28.85,29.05,44743854,twstock/twse,2026-07-01T08:07:37Z
0056,2023-05-19,29.13,29.35,29.08,29.31,37934460,twstock/twse,2026-07-01T08:07:37Z
0056,2023-05-22,29.32,29.44,29.31,29.35,22525446,twstock/twse,2026-07-01T08:07:37Z
0056,2023-05-23,29.37,29.44,29.24,29.37,19031332,twstock/twse,2026-07-01T08:07:37Z
0056,2023-05-24,29.33,29.44,29.26,29.43,15983319,twstock/twse,2026-07-01T08:07:37Z
0056,2023-05-25,29.7,29.82,29.59,29.78,30291319,twstock/twse,2026-07-01T08:07:37Z
0056,2023-05-26,29.91,30.25,29.91,30.13,53075246,twstock/twse,2026-07-01T08:07:37Z
0056,2023-05-29,30.6,30.74,30.55,30.65,61312963,twstock/twse,2026-07-01T08:07:37Z
0056,2023-05-30,30.69,30.76,30.44,30.52,36387462,twstock/twse,2026-07-01T08:07:37Z
0056,2023-05-31,30.52,30.6,30.43,30.49,21188282,twstock/twse,2026-07-01T08:07:37Z
0056,2023-06-01,30.47,30.47,30.35,30.47,15794244,twstock/twse,2026-07-01T08:07:37Z
0056,2023-06-02,30.6,31.14,30.6,30.93,46006587,twstock/twse,2026-07-01T08:07:37Z
0056,2023-06-05,30.95,31.13,30.88,31.1,28543441,twstock/twse,2026-07-01T08:07:37Z
0056,2023-06-06,31.1,31.21,31.01,31.15,25845612,twstock/twse,2026-07-01T08:07:37Z
0056,2023-06-07,31.16,31.5,31.16,31.46,24678209,twstock/twse,2026-07-01T08:07:37Z
0056,2023-06-08,31.46,31.48,31.22,31.24,33341307,twstock/twse,2026-07-01T08:07:37Z
0056,2023-06-09,31.4,31.8,31.4,31.78,37668583,twstock/twse,2026-07-01T08:07:37Z
0056,2023-06-12,31.85,32.05,31.69,31.78,52764018,twstock/twse,2026-07-01T08:07:37Z
0056,2023-06-13,31.96,32.25,31.95,32.2,67258490,twstock/twse,2026-07-01T08:07:37Z
0056,2023-06-14,32.2,32.46,32.17,32.32,41413881,twstock/twse,2026-07-01T08:07:37Z
0056,2023-06-15,32.45,32.8,32.45,32.69,50509421,twstock/twse,2026-07-01T08:07:37Z
0056,2023-06-16,32.77,32.99,32.52,32.78,39698750,twstock/twse,2026-07-01T08:07:37Z
0056,2023-06-19,32.77,32.79,32.6,32.73,28448024,twstock/twse,2026-07-01T08:07:37Z
0056,2023-06-20,32.68,32.69,32.35,32.48,36531305,twstock/twse,2026-07-01T08:07:37Z
0056,2023-06-21,32.48,32.87,32.43,32.83,32084430,twstock/twse,2026-07-01T08:07:37Z
0056,2023-06-26,32.7,32.8,32.5,32.77,26069241,twstock/twse,2026-07-01T08:07:37Z
0056,2023-06-27,32.64,32.64,32.13,32.18,50236406,twstock/twse,2026-07-01T08:07:37Z
0056,2023-06-28,32.28,32.48,32.28,32.3,19239805,twstock/twse,2026-07-01T08:07:37Z
0056,2023-06-29,32.47,32.67,32.4,32.53,20873353,twstock/twse,2026-07-01T08:07:37Z
0056,2023-06-30,32.53,32.67,32.42,32.67,15822537,twstock/twse,2026-07-01T08:07:37Z
0056,2023-07-03,32.89,33.33,32.89,33.24,41875917,twstock/twse,2026-07-01T08:07:37Z
0056,2023-07-04,33.51,34,33.45,33.91,78515279,twstock/twse,2026-07-01T08:07:37Z
0056,2023-07-05,33.99,33.99,33.53,33.71,61889050,twstock/twse,2026-07-01T08:07:37Z
0056,2023-07-06,33.42,33.74,33.25,33.34,72968085,twstock/twse,2026-07-01T08:07:37Z
0056,2023-07-07,33.17,33.3,32.87,33.08,67955574,twstock/twse,2026-07-01T08:07:37Z
0056,2023-07-10,33.08,33.33,33.08,33.18,38223790,twstock/twse,2026-07-01T08:07:37Z
0056,2023-07-11,33.42,33.82,33.42,33.8,41975847,twstock/twse,2026-07-01T08:07:37Z
0056,2023-07-12,33.95,34.35,33.93,34.3,68385686,twstock/twse,2026-07-01T08:07:37Z
0056,2023-07-13,34.85,35.46,34.62,34.82,122390269,twstock/twse,2026-07-01T08:07:37Z
0056,2023-07-14,35.35,35.6,34.88,35.54,112799327,twstock/twse,2026-07-01T08:07:37Z
0056,2023-07-17,35.55,35.96,35.55,35.94,128015843,twstock/twse,2026-07-01T08:07:37Z
0056,2023-07-18,35.64,35.7,34.61,35.11,99848847,twstock/twse,2026-07-01T08:07:37Z
0056,2023-07-19,35.29,35.5,34.24,34.36,91098088,twstock/twse,2026-07-01T08:07:37Z
0056,2023-07-20,34.34,34.82,34.25,34.71,42508384,twstock/twse,2026-07-01T08:07:37Z
0056,2023-07-21,34.26,35.4,34.25,35.26,70716271,twstock/twse,2026-07-01T08:07:37Z
0056,2023-07-24,35.54,36.04,35.27,35.99,148950671,twstock/twse,2026-07-01T08:07:37Z
0056,2023-07-25,36.25,36.6,36.04,36.05,114776632,twstock/twse,2026-07-01T08:07:37Z
0056,2023-07-26,36.05,36.3,35.73,36.02,61247648,twstock/twse,2026-07-01T08:07:37Z
0056,2023-07-27,36.34,36.53,36.02,36.1,47529889,twstock/twse,2026-07-01T08:07:37Z
0056,2023-07-28,36.18,36.6,35.82,36.58,79647957,twstock/twse,2026-07-01T08:07:37Z
0056,2023-07-31,36.66,37.25,35.61,35.74,97223861,twstock/twse,2026-07-01T08:07:37Z
0056,2023-08-01,35.66,35.97,35.15,35.73,66592025,twstock/twse,2026-07-01T08:07:37Z
0056,2023-08-02,35.73,35.96,34.45,34.51,100972065,twstock/twse,2026-07-01T08:07:37Z
0056,2023-08-04,34.4,35.04,34.17,34.74,64508107,twstock/twse,2026-07-01T08:07:37Z
0056,2023-08-07,34.8,35.7,34.8,35.7,42350444,twstock/twse,2026-07-01T08:07:37Z
0056,2023-08-08,35.83,36.1,35.26,35.59,38218348,twstock/twse,2026-07-01T08:07:37Z
0056,2023-08-09,35.49,35.79,35.22,35.35,27534964,twstock/twse,2026-07-01T08:07:37Z
0056,2023-08-10,35.13,35.14,34.27,34.43,60837295,twstock/twse,2026-07-01T08:07:37Z
0056,2023-08-11,34.57,34.85,34.5,34.56,22348639,twstock/twse,2026-07-01T08:07:37Z
0056,2023-08-14,34.45,34.62,34.08,34.28,39188057,twstock/twse,2026-07-01T08:07:37Z
0056,2023-08-15,34.86,35,34.75,34.85,23861184,twstock/twse,2026-07-01T08:07:37Z
0056,2023-08-16,34.63,35.14,34.5,35.14,29769602,twstock/twse,2026-07-01T08:07:37Z
0056,2023-08-17,35,35.4,34.77,35.33,26834033,twstock/twse,2026-07-01T08:07:37Z
0056,2023-08-18,35.31,35.45,34.62,34.84,38406792,twstock/twse,2026-07-01T08:07:37Z
0056,2023-08-21,34.97,35.15,34.76,34.85,17023720,twstock/twse,2026-07-01T08:07:37Z
0056,2023-08-22,35.27,35.31,35.04,35.11,22352342,twstock/twse,2026-07-01T08:07:37Z
0056,2023-08-23,35.1,35.44,35.01,35.43,19941714,twstock/twse,2026-07-01T08:07:37Z
0056,2023-08-24,35.72,36.3,35.61,35.76,57369301,twstock/twse,2026-07-01T08:07:37Z
0056,2023-08-25,35.42,35.59,35.09,35.14,31813269,twstock/twse,2026-07-01T08:07:37Z
0056,2023-08-28,35.14,35.2,34.77,35.06,25932930,twstock/twse,2026-07-01T08:07:37Z
0056,2023-08-29,35.12,35.21,34.95,35.16,11968525,twstock/twse,2026-07-01T08:07:37Z
0056,2023-08-30,35.45,35.59,35.3,35.35,14829220,twstock/twse,2026-07-01T08:07:37Z
0056,2023-08-31,35.18,35.32,35.05,35.31,9798100,twstock/twse,2026-07-01T08:07:37Z
0056,2023-09-01,35.31,35.4,35.07,35.12,12469524,twstock/twse,2026-07-01T08:07:37Z
0056,2023-09-04,35.12,35.28,35,35.27,15260653,twstock/twse,2026-07-01T08:07:37Z
0056,2023-09-05,35.27,35.43,35.18,35.43,15638130,twstock/twse,2026-07-01T08:07:37Z
0056,2023-09-06,35.47,35.66,35.47,35.6,20479510,twstock/twse,2026-07-01T08:07:37Z
0056,2023-09-07,35.54,35.56,35.4,35.45,11302943,twstock/twse,2026-07-01T08:07:37Z
0056,2023-09-08,35.43,35.46,35.27,35.42,11055751,twstock/twse,2026-07-01T08:07:37Z
0056,2023-09-11,35.42,35.42,34.53,34.79,48515390,twstock/twse,2026-07-01T08:07:37Z
0056,2023-09-12,34.8,34.93,34.55,34.8,17968911,twstock/twse,2026-07-01T08:07:37Z
0056,2023-09-13,34.8,34.93,34.74,34.86,12190825,twstock/twse,2026-07-01T08:07:37Z
0056,2023-09-14,35.04,35.36,35.04,35.31,21529643,twstock/twse,2026-07-01T08:07:37Z
0056,2023-09-15,35.47,35.64,35.38,35.58,27244227,twstock/twse,2026-07-01T08:07:37Z
0056,2023-09-18,35.31,35.43,35.26,35.31,23833890,twstock/twse,2026-07-01T08:07:37Z
0056,2023-09-19,35.42,35.45,35.1,35.14,15566243,twstock/twse,2026-07-01T08:07:37Z
0056,2023-09-20,35.14,35.38,35,35.05,16603282,twstock/twse,2026-07-01T08:07:37Z
0056,2023-09-21,34.74,34.77,34.48,34.7,39240797,twstock/twse,2026-07-01T08:07:37Z
0056,2023-09-22,34.37,34.9,34.34,34.89,15405546,twstock/twse,2026-07-01T08:07:37Z
0056,2023-09-25,34.89,35.1,34.89,35.08,12904452,twstock/twse,2026-07-01T08:07:37Z
0056,2023-09-26,34.99,35.08,34.76,34.76,19927651,twstock/twse,2026-07-01T08:07:37Z
0056,2023-09-27,34.71,34.92,34.62,34.87,11153422,twstock/twse,2026-07-01T08:07:37Z
0056,2023-09-28,35.04,35.26,34.97,35.06,13338289,twstock/twse,2026-07-01T08:07:37Z
0056,2023-10-02,35.25,35.84,35.25,35.74,39949942,twstock/twse,2026-07-01T08:07:37Z
0056,2023-10-03,35.97,36,35.6,35.6,69470970,twstock/twse,2026-07-01T08:07:37Z
0056,2023-10-04,35.16,35.4,35.08,35.39,45639045,twstock/twse,2026-07-01T08:07:37Z
0056,2023-10-05,35.58,35.74,35.5,35.69,23705439,twstock/twse,2026-07-01T08:07:37Z
0056,2023-10-06,35.73,35.9,35.68,35.79,29996808,twstock/twse,2026-07-01T08:07:37Z
0056,2023-10-11,36.03,36.22,35.69,35.78,52560900,twstock/twse,2026-07-01T08:07:37Z
0056,2023-10-12,35.8,36,35.76,35.98,24896521,twstock/twse,2026-07-01T08:07:37Z
0056,2023-10-13,35.91,35.94,35.58,35.72,59696232,twstock/twse,2026-07-01T08:07:37Z
0056,2023-10-16,35.58,35.58,35.43,35.52,72791020,twstock/twse,2026-07-01T08:07:37Z
0056,2023-10-17,35.67,35.73,35.24,35.27,101406052,twstock/twse,2026-07-01T08:07:37Z
0056,2023-10-18,35.27,35.27,34.68,34.9,168641463,twstock/twse,2026-07-01T08:07:37Z
0056,2023-10-19,33.7,33.7,33.41,33.65,115494490,twstock/twse,2026-07-01T08:07:37Z
0056,2023-10-20,33.25,33.49,33,33.4,60470953,twstock/twse,2026-07-01T08:07:37Z
0056,2023-10-23,33.15,33.35,33.06,33.08,44220850,twstock/twse,2026-07-01T08:07:37Z
0056,2023-10-24,33.08,33.47,32.99,33.47,25905750,twstock/twse,2026-07-01T08:07:37Z
0056,2023-10-25,33.61,33.69,33.53,33.62,21375462,twstock/twse,2026-07-01T08:07:37Z
0056,2023-10-26,32.99,33.18,32.92,33.1,60959949,twstock/twse,2026-07-01T08:07:37Z
0056,2023-10-27,33.14,33.32,33.07,33.13,18029839,twstock/twse,2026-07-01T08:07:37Z
0056,2023-10-30,33.15,33.31,33.11,33.23,13844304,twstock/twse,2026-07-01T08:07:37Z
0056,2023-10-31,33.34,33.35,32.64,32.69,53093468,twstock/twse,2026-07-01T08:07:37Z
0056,2023-11-01,32.82,32.9,32.68,32.89,17680375,twstock/twse,2026-07-01T08:07:37Z
0056,2023-11-02,33.26,33.55,33.26,33.52,20093755,twstock/twse,2026-07-01T08:07:37Z
0056,2023-11-03,33.75,33.76,33.63,33.69,14575602,twstock/twse,2026-07-01T08:07:37Z
0056,2023-11-06,33.92,34.25,33.92,34.24,26517411,twstock/twse,2026-07-01T08:07:37Z
0056,2023-11-07,34.24,34.24,34.03,34.23,12713582,twstock/twse,2026-07-01T08:07:37Z
0056,2023-11-08,34.27,34.69,34.27,34.54,24510974,twstock/twse,2026-07-01T08:07:37Z
0056,2023-11-09,34.54,34.6,34.45,34.55,16915146,twstock/twse,2026-07-01T08:07:37Z
0056,2023-11-10,34.48,34.48,34.33,34.43,15047571,twstock/twse,2026-07-01T08:07:37Z
0056,2023-11-13,34.69,34.73,34.48,34.54,15072111,twstock/twse,2026-07-01T08:07:37Z
0056,2023-11-14,34.65,34.73,34.58,34.68,22737440,twstock/twse,2026-07-01T08:07:37Z
0056,2023-11-15,34.97,35.15,34.78,34.83,38461349,twstock/twse,2026-07-01T08:07:37Z
0056,2023-11-16,34.89,34.96,34.7,34.77,19828612,twstock/twse,2026-07-01T08:07:37Z
0056,2023-11-17,34.77,34.92,34.77,34.82,17533416,twstock/twse,2026-07-01T08:07:37Z
0056,2023-11-20,34.86,34.9,34.76,34.9,17168991,twstock/twse,2026-07-01T08:07:37Z
0056,2023-11-21,35.15,35.34,35.15,35.3,50911668,twstock/twse,2026-07-01T08:07:37Z
0056,2023-11-22,35.16,35.16,34.97,35.05,20257570,twstock/twse,2026-07-01T08:07:37Z
0056,2023-11-23,35.05,35.07,34.88,34.97,13003170,twstock/twse,2026-07-01T08:07:37Z
0056,2023-11-24,34.97,35.01,34.93,34.94,9304389,twstock/twse,2026-07-01T08:07:37Z
0056,2023-11-27,34.96,34.99,34.72,34.75,25130493,twstock/twse,2026-07-01T08:07:37Z
0056,2023-11-28,34.79,34.95,34.76,34.9,11674533,twstock/twse,2026-07-01T08:07:37Z
0056,2023-11-29,34.9,35.18,34.9,35.09,22540506,twstock/twse,2026-07-01T08:07:37Z
0056,2023-11-30,35.09,35.11,34.94,35.08,11829019,twstock/twse,2026-07-01T08:07:37Z
0056,2023-12-01,35.07,35.16,34.98,35.13,16992308,twstock/twse,2026-07-01T08:07:37Z
0056,2023-12-04,35.2,35.29,35.17,35.19,16739928,twstock/twse,2026-07-01T08:07:37Z
0056,2023-12-05,35.1,35.1,34.92,35.05,19733232,twstock/twse,2026-07-01T08:07:37Z
0056,2023-12-06,35.19,35.38,35.19,35.31,29001618,twstock/twse,2026-07-01T08:07:37Z
0056,2023-12-07,35.3,35.41,35.19,35.25,16096014,twstock/twse,2026-07-01T08:07:37Z
0056,2023-12-08,35.57,35.59,35.4,35.42,19560828,twstock/twse,2026-07-01T08:07:37Z
0056,2023-12-11,35.59,35.62,35.42,35.47,14783388,twstock/twse,2026-07-01T08:07:37Z
0056,2023-12-12,35.65,35.67,35.56,35.58,25498739,twstock/twse,2026-07-01T08:07:37Z
0056,2023-12-13,35.77,36.06,35.77,36.06,60814678,twstock/twse,2026-07-01T08:07:37Z
0056,2023-12-14,36.47,36.55,36.38,36.55,51642419,twstock/twse,2026-07-01T08:07:37Z
0056,2023-12-15,36.63,36.7,36.35,36.36,29554677,twstock/twse,2026-07-01T08:07:37Z
0056,2023-12-18,36.35,36.44,36.12,36.38,24003381,twstock/twse,2026-07-01T08:07:37Z
0056,2023-12-19,36.38,36.38,35.92,36.1,29275593,twstock/twse,2026-07-01T08:07:37Z
0056,2023-12-20,36.13,36.58,36.13,36.57,31120000,twstock/twse,2026-07-01T08:07:37Z
0056,2023-12-21,36.25,36.36,36.1,36.33,18007318,twstock/twse,2026-07-01T08:07:37Z
0056,2023-12-22,36.38,36.43,36.3,36.37,21236072,twstock/twse,2026-07-01T08:07:37Z
0056,2023-12-25,36.45,36.67,36.45,36.65,29209177,twstock/twse,2026-07-01T08:07:37Z
0056,2023-12-26,36.7,37,36.68,37,40735026,twstock/twse,2026-07-01T08:07:37Z
0056,2023-12-27,37.14,37.42,37.14,37.42,53652287,twstock/twse,2026-07-01T08:07:37Z
0056,2023-12-28,37.43,37.54,37.27,37.33,30018610,twstock/twse,2026-07-01T08:07:37Z
0056,2023-12-29,37.33,37.47,37.25,37.4,21509629,twstock/twse,2026-07-01T08:07:37Z
0056,2024-01-02,37.45,37.5,37,37.17,35537298,twstock/twse,2026-07-01T08:07:37Z
0056,2024-01-03,37,37,36.59,36.68,87773322,twstock/twse,2026-07-01T08:07:37Z
0056,2024-01-04,36.65,36.75,36.55,36.59,35761413,twstock/twse,2026-07-01T08:07:37Z
0056,2024-01-05,36.6,36.77,36.51,36.55,30342640,twstock/twse,2026-07-01T08:07:37Z
0056,2024-01-08,36.67,36.86,36.53,36.57,38195402,twstock/twse,2026-07-01T08:07:37Z
0056,2024-01-09,36.78,36.85,36.45,36.49,31438890,twstock/twse,2026-07-01T08:07:37Z
0056,2024-01-10,36.4,36.4,36.18,36.24,39924734,twstock/twse,2026-07-01T08:07:37Z
0056,2024-01-11,36.25,36.41,36.24,36.39,27001143,twstock/twse,2026-07-01T08:07:37Z
0056,2024-01-12,36.33,36.4,36.19,36.33,35529586,twstock/twse,2026-07-01T08:07:37Z
0056,2024-01-15,36.42,36.62,36.36,36.42,59273765,twstock/twse,2026-07-01T08:07:37Z
0056,2024-01-16,36.45,36.46,36.09,36.37,129123068,twstock/twse,2026-07-01T08:07:37Z
0056,2024-01-17,35.63,35.63,35.17,35.19,130063501,twstock/twse,2026-07-01T08:07:37Z
0056,2024-01-18,35.19,35.32,34.95,35.12,42061030,twstock/twse,2026-07-01T08:07:37Z
0056,2024-01-19,35.41,35.65,35.23,35.65,24764994,twstock/twse,2026-07-01T08:07:37Z
0056,2024-01-22,35.78,36.14,35.78,36.14,30891391,twstock/twse,2026-07-01T08:07:37Z
0056,2024-01-23,36.15,36.28,36.09,36.2,21334343,twstock/twse,2026-07-01T08:07:37Z
0056,2024-01-24,36.27,36.34,36.22,36.23,19364997,twstock/twse,2026-07-01T08:07:37Z
0056,2024-01-25,36.33,36.39,36.24,36.29,24252322,twstock/twse,2026-07-01T08:07:37Z
0056,2024-01-26,36.29,36.29,36.01,36.07,20740993,twstock/twse,2026-07-01T08:07:37Z
0056,2024-01-29,36.07,36.31,36.02,36.28,22427662,twstock/twse,2026-07-01T08:07:37Z
0056,2024-01-30,36.32,36.41,36.25,36.36,24343773,twstock/twse,2026-07-01T08:07:37Z
0056,2024-01-31,36.33,36.33,36.15,36.2,15693607,twstock/twse,2026-07-01T08:07:37Z
0056,2024-02-01,36.2,36.31,36.2,36.3,12024433,twstock/twse,2026-07-01T08:07:37Z
0056,2024-02-02,36.48,36.54,36.41,36.45,28249346,twstock/twse,2026-07-01T08:07:37Z
0056,2024-02-05,36.41,36.46,36.23,36.45,20356431,twstock/twse,2026-07-01T08:07:37Z
0056,2024-02-15,36.72,36.99,36.7,36.86,60823778,twstock/twse,2026-07-01T08:07:37Z
0056,2024-02-16,36.94,37.21,36.94,37.07,42509559,twstock/twse,2026-07-01T08:07:37Z
0056,2024-02-19,37.12,37.15,37.03,37.14,24001024,twstock/twse,2026-07-01T08:07:37Z
0056,2024-02-20,37.25,37.46,37.17,37.39,38447152,twstock/twse,2026-07-01T08:07:37Z
0056,2024-02-21,37.39,37.4,37.26,37.29,19447516,twstock/twse,2026-07-01T08:07:37Z
0056,2024-02-22,37.5,37.7,37.45,37.65,37518219,twstock/twse,2026-07-01T08:07:37Z
0056,2024-02-23,37.82,37.98,37.59,37.59,32016301,twstock/twse,2026-07-01T08:07:37Z
0056,2024-02-26,37.59,37.68,37.5,37.68,25614064,twstock/twse,2026-07-01T08:07:37Z
0056,2024-02-27,37.68,37.83,37.25,37.51,22779907,twstock/twse,2026-07-01T08:07:37Z
0056,2024-02-29,37.5,37.8,37.4,37.7,17928005,twstock/twse,2026-07-01T08:07:37Z
0056,2024-03-01,37.7,37.82,37.66,37.74,16985197,twstock/twse,2026-07-01T08:07:37Z
0056,2024-03-04,37.89,38.18,37.89,38,39839439,twstock/twse,2026-07-01T08:07:37Z
0056,2024-03-05,38.05,38.18,37.85,38.16,27963033,twstock/twse,2026-07-01T08:07:37Z
0056,2024-03-06,38.12,38.61,38.07,38.53,31150555,twstock/twse,2026-07-01T08:07:37Z
0056,2024-03-07,38.7,38.82,38.4,38.68,33014261,twstock/twse,2026-07-01T08:07:37Z
0056,2024-03-08,38.97,39.15,38.28,38.45,48578539,twstock/twse,2026-07-01T08:07:37Z
0056,2024-03-11,38.44,38.6,38.39,38.43,26629376,twstock/twse,2026-07-01T08:07:37Z
0056,2024-03-12,38.51,38.99,38.51,38.99,24100990,twstock/twse,2026-07-01T08:07:37Z
0056,2024-03-13,39.13,39.36,38.93,39.08,24276065,twstock/twse,2026-07-01T08:07:37Z
0056,2024-03-14,39.09,39.17,38.65,38.72,25577995,twstock/twse,2026-07-01T08:07:37Z
0056,2024-03-15,38.71,39.03,38.64,39.02,28781228,twstock/twse,2026-07-01T08:07:37Z
0056,2024-03-18,39.06,39.36,39.04,39.36,30177556,twstock/twse,2026-07-01T08:07:37Z
0056,2024-03-19,39.36,39.75,39.26,39.7,28091374,twstock/twse,2026-07-01T08:07:37Z
0056,2024-03-20,39.84,40.15,39.56,39.63,28962368,twstock/twse,2026-07-01T08:07:37Z
0056,2024-03-21,39.94,39.95,39.65,39.93,19003280,twstock/twse,2026-07-01T08:07:37Z
0056,2024-03-22,39.93,40.08,39.7,39.8,28192993,twstock/twse,2026-07-01T08:07:37Z
0056,2024-03-25,39.82,39.9,39.6,39.62,20922299,twstock/twse,2026-07-01T08:07:37Z
0056,2024-03-26,39.6,39.84,38.8,39.24,32556344,twstock/twse,2026-07-01T08:07:37Z
0056,2024-03-27,39.24,39.61,39.15,39.55,14207399,twstock/twse,2026-07-01T08:07:37Z
0056,2024-03-28,39.55,39.78,39.4,39.74,15720560,twstock/twse,2026-07-01T08:07:37Z
0056,2024-03-29,39.75,39.97,39.53,39.86,19042878,twstock/twse,2026-07-01T08:07:37Z
0056,2024-04-01,39.89,39.95,39.58,39.59,22222957,twstock/twse,2026-07-01T08:07:37Z
0056,2024-04-02,39.62,39.93,39.61,39.88,22831822,twstock/twse,2026-07-01T08:07:37Z
0056,2024-04-03,39.69,39.92,39.68,39.75,23896335,twstock/twse,2026-07-01T08:07:37Z
0056,2024-04-08,39.77,39.94,39.66,39.92,27796171,twstock/twse,2026-07-01T08:07:37Z
0056,2024-04-09,39.94,40,39.93,39.99,17278538,twstock/twse,2026-07-01T08:07:37Z
0056,2024-04-10,40.12,40.35,40.11,40.2,21483686,twstock/twse,2026-07-01T08:07:37Z
0056,2024-04-11,40.06,40.11,39.84,40.09,28341038,twstock/twse,2026-07-01T08:07:37Z
0056,2024-04-12,40.06,40.09,39.88,39.98,20498867,twstock/twse,2026-07-01T08:07:37Z
0056,2024-04-15,39.73,39.82,39.5,39.62,64026912,twstock/twse,2026-07-01T08:07:37Z
0056,2024-04-16,39.15,39.15,38.27,38.49,120260174,twstock/twse,2026-07-01T08:07:37Z
0056,2024-04-17,38.6,39,38.57,38.94,91668732,twstock/twse,2026-07-01T08:07:37Z
0056,2024-04-18,38.15,38.36,37.97,38.18,59625281,twstock/twse,2026-07-01T08:07:37Z
0056,2024-04-19,37.82,37.83,36.65,37.27,119816327,twstock/twse,2026-07-01T08:07:37Z
0056,2024-04-22,37.27,37.35,36.83,36.92,47296190,twstock/twse,2026-07-01T08:07:37Z
0056,2024-04-23,37.19,37.34,36.94,37.12,18430265,twstock/twse,2026-07-01T08:07:37Z
0056,2024-04-24,37.46,37.85,37.46,37.85,17743438,twstock/twse,2026-07-01T08:07:37Z
0056,2024-04-25,37.59,37.63,37.38,37.51,18067586,twstock/twse,2026-07-01T08:07:37Z
0056,2024-04-26,37.66,37.84,37.66,37.69,12143787,twstock/twse,2026-07-01T08:07:37Z
0056,2024-04-29,38,38.4,38,38.34,18872662,twstock/twse,2026-07-01T08:07:37Z
0056,2024-04-30,38.34,38.42,38.21,38.32,7453993,twstock/twse,2026-07-01T08:07:37Z
0056,2024-06-03,40.32,40.45,40.05,40.32,13203068,twstock/twse,2026-07-01T08:07:37Z
0056,2024-06-04,40.32,40.32,39.96,40.01,14909366,twstock/twse,2026-07-01T08:07:37Z
0056,2024-06-05,40.02,40.05,39.8,39.86,19830345,twstock/twse,2026-07-01T08:07:37Z
0056,2024-06-06,40.07,40.1,39.83,40.05,18890321,twstock/twse,2026-07-01T08:07:37Z
0056,2024-06-07,40.05,40.09,39.93,40.01,11447395,twstock/twse,2026-07-01T08:07:37Z
0056,2024-06-11,39.98,40.02,39.85,39.95,21211677,twstock/twse,2026-07-01T08:07:37Z
0056,2024-06-12,39.95,40.02,39.9,39.97,12680169,twstock/twse,2026-07-01T08:07:37Z
0056,2024-06-13,40.2,40.45,40.19,40.42,23039780,twstock/twse,2026-07-01T08:07:37Z
0056,2024-06-14,40.42,40.56,40.41,40.55,12846134,twstock/twse,2026-07-01T08:07:37Z
0056,2024-06-17,40.56,40.85,40.55,40.79,15853680,twstock/twse,2026-07-01T08:07:37Z
0056,2024-06-18,40.8,40.98,40.8,40.96,16293465,twstock/twse,2026-07-01T08:07:37Z
0056,2024-06-19,40.98,41.62,40.98,41.52,22260906,twstock/twse,2026-07-01T08:07:37Z
0056,2024-06-20,41.52,41.96,41.51,41.95,18677851,twstock/twse,2026-07-01T08:07:37Z
0056,2024-06-21,41.67,41.96,41.61,41.9,17794434,twstock/twse,2026-07-01T08:07:37Z
0056,2024-06-24,41.84,41.84,41.35,41.41,29229807,twstock/twse,2026-07-01T08:07:37Z
0056,2024-06-25,41.27,41.36,40.81,41.3,24996435,twstock/twse,2026-07-01T08:07:37Z
0056,2024-06-26,41.3,41.57,41.01,41.2,35474885,twstock/twse,2026-07-01T08:07:37Z
0056,2024-06-27,41.01,41.05,40.8,40.91,24807723,twstock/twse,2026-07-01T08:07:37Z
0056,2024-06-28,40.97,41.35,40.97,41.12,19596148,twstock/twse,2026-07-01T08:07:37Z
0056,2024-07-01,41.42,41.44,41.25,41.35,69434298,twstock/twse,2026-07-01T08:07:37Z
0056,2024-07-02,41.29,41.29,40.86,41.1,71792545,twstock/twse,2026-07-01T08:07:37Z
0056,2024-07-03,41.34,41.43,41.24,41.42,33512155,twstock/twse,2026-07-01T08:07:37Z
0056,2024-07-04,41.58,41.9,41.56,41.88,33488960,twstock/twse,2026-07-01T08:07:37Z
0056,2024-07-05,41.9,42.01,41.85,41.94,36938826,twstock/twse,2026-07-01T08:07:37Z
0056,2024-07-08,41.95,42.19,41.79,42.14,37372136,twstock/twse,2026-07-01T08:07:37Z
0056,2024-07-09,42.2,42.37,41.8,42.09,35675718,twstock/twse,2026-07-01T08:07:37Z
0056,2024-07-10,42.1,42.35,42.09,42.34,22136226,twstock/twse,2026-07-01T08:07:37Z
0056,2024-07-11,42.5,42.77,42.39,42.65,28924182,twstock/twse,2026-07-01T08:07:37Z
0056,2024-07-12,42.49,42.55,42.17,42.39,50404379,twstock/twse,2026-07-01T08:07:37Z
0056,2024-07-15,42.5,42.54,42.16,42.37,70148220,twstock/twse,2026-07-01T08:07:37Z
0056,2024-07-16,41.44,41.44,41.18,41.3,77999693,twstock/twse,2026-07-01T08:07:37Z
0056,2024-07-17,41.3,41.31,40.92,41,53001263,twstock/twse,2026-07-01T08:07:37Z
0056,2024-07-18,40.6,40.6,40.13,40.4,60156136,twstock/twse,2026-07-01T08:07:37Z
0056,2024-07-19,40.33,40.35,39.66,39.81,65355747,twstock/twse,2026-07-01T08:07:37Z
0056,2024-07-22,39.8,39.81,38.55,39.04,78475579,twstock/twse,2026-07-01T08:07:37Z
0056,2024-07-23,39.26,39.53,39.26,39.47,30671507,twstock/twse,2026-07-01T08:07:37Z
0056,2024-07-26,38.51,38.82,38.3,38.82,100566799,twstock/twse,2026-07-01T08:07:37Z
0056,2024-07-29,39.01,39.22,38.34,38.42,60157125,twstock/twse,2026-07-01T08:07:37Z
0056,2024-07-30,38.3,38.38,37.67,38.37,51606445,twstock/twse,2026-07-01T08:07:37Z
0056,2024-07-31,38.23,38.48,38.09,38.37,26290043,twstock/twse,2026-07-01T08:07:37Z
0056,2024-08-01,38.85,39.15,38.78,39.15,23174049,twstock/twse,2026-07-01T08:07:37Z
0056,2024-08-02,38.42,38.47,37.94,38,64915191,twstock/twse,2026-07-01T08:07:37Z
0056,2024-08-05,37.21,37.21,34.8,35.11,135847990,twstock/twse,2026-07-01T08:07:37Z
0056,2024-08-06,35.8,36.39,34.45,35.81,82000006,twstock/twse,2026-07-01T08:07:37Z
0056,2024-08-07,35.9,37,35.82,36.99,30659606,twstock/twse,2026-07-01T08:07:37Z
0056,2024-08-08,36.51,36.82,36.3,36.77,26335839,twstock/twse,2026-07-01T08:07:37Z
0056,2024-08-09,37.34,37.62,37.15,37.35,24790915,twstock/twse,2026-07-01T08:07:37Z
0056,2024-08-12,37.62,38,37.61,37.88,18990746,twstock/twse,2026-07-01T08:07:37Z
0056,2024-08-13,38.28,38.28,37.86,37.98,17611926,twstock/twse,2026-07-01T08:07:37Z
0056,2024-08-14,38.26,38.48,38.21,38.36,16072473,twstock/twse,2026-07-01T08:07:37Z
0056,2024-08-15,38.41,38.56,38.16,38.17,16596770,twstock/twse,2026-07-01T08:07:37Z
0056,2024-08-16,38.61,38.86,38.6,38.82,31625244,twstock/twse,2026-07-01T08:07:37Z
0056,2024-08-19,38.82,39,38.7,38.83,23526323,twstock/twse,2026-07-01T08:07:37Z
0056,2024-08-20,38.85,39.04,38.85,38.91,10792105,twstock/twse,2026-07-01T08:07:37Z
0056,2024-08-21,38.87,38.87,38.59,38.66,16613057,twstock/twse,2026-07-01T08:07:37Z
0056,2024-08-22,38.67,38.8,38.55,38.58,8646509,twstock/twse,2026-07-01T08:07:37Z
0056,2024-08-23,38.5,38.62,38.26,38.61,16252359,twstock/twse,2026-07-01T08:07:37Z
0056,2024-08-26,38.7,39.16,38.7,39.02,17627261,twstock/twse,2026-07-01T08:07:37Z
0056,2024-08-27,38.87,38.9,38.68,38.87,11774230,twstock/twse,2026-07-01T08:07:37Z
0056,2024-08-28,38.89,39,38.79,38.99,8032047,twstock/twse,2026-07-01T08:07:37Z
0056,2024-08-29,38.78,39.02,38.63,39.01,10722852,twstock/twse,2026-07-01T08:07:37Z
0056,2024-08-30,39.05,39.15,39.05,39.06,9050448,twstock/twse,2026-07-01T08:07:37Z
0056,2024-09-02,39.11,39.21,39.05,39.06,9030301,twstock/twse,2026-07-01T08:07:37Z
0056,2024-09-03,39.14,39.14,38.91,38.98,12408511,twstock/twse,2026-07-01T08:07:37Z
0056,2024-09-04,37.67,38,36.97,37.59,77205397,twstock/twse,2026-07-01T08:07:37Z
0056,2024-09-05,37.8,38,37.49,37.63,23301770,twstock/twse,2026-07-01T08:07:37Z
0056,2024-09-06,37.66,37.95,37.3,37.87,18673157,twstock/twse,2026-07-01T08:07:37Z
0056,2024-09-09,37.12,37.66,37.01,37.66,35278208,twstock/twse,2026-07-01T08:07:37Z
0056,2024-09-10,37.83,37.83,37.02,37.18,37398245,twstock/twse,2026-07-01T08:07:37Z
0056,2024-09-11,37.18,37.32,37.09,37.15,17199777,twstock/twse,2026-07-01T08:07:37Z
0056,2024-09-12,37.61,37.8,37.44,37.77,13181841,twstock/twse,2026-07-01T08:07:37Z
0056,2024-09-13,38.09,38.09,37.75,37.82,13223123,twstock/twse,2026-07-01T08:07:37Z
0056,2024-09-16,37.9,37.98,37.82,37.98,15454898,twstock/twse,2026-07-01T08:07:37Z
0056,2024-09-18,37.97,38,37.56,37.72,28480993,twstock/twse,2026-07-01T08:07:37Z
0056,2024-09-19,37.72,38.07,37.62,37.97,13618023,twstock/twse,2026-07-01T08:07:37Z
0056,2024-09-20,38.27,38.39,38.1,38.15,13338221,twstock/twse,2026-07-01T08:07:37Z
0056,2024-09-23,38.29,38.37,38.2,38.25,15733486,twstock/twse,2026-07-01T08:07:37Z
0056,2024-09-24,38.25,38.25,37.96,38.24,18360322,twstock/twse,2026-07-01T08:07:37Z
0056,2024-09-25,38.49,38.78,38.49,38.73,16028672,twstock/twse,2026-07-01T08:07:37Z
0056,2024-09-26,38.87,38.97,38.7,38.75,21173222,twstock/twse,2026-07-01T08:07:37Z
0056,2024-09-27,38.85,39.02,38.85,39.01,19176401,twstock/twse,2026-07-01T08:07:37Z
0056,2024-09-30,39,39,38.61,38.66,37425513,twstock/twse,2026-07-01T08:07:37Z
0056,2024-10-01,38.7,38.77,38.43,38.57,67272403,twstock/twse,2026-07-01T08:07:37Z
0056,2024-10-04,38.5,38.62,38.21,38.35,76604868,twstock/twse,2026-07-01T08:07:37Z
0056,2024-10-07,38.59,38.67,38.38,38.64,49307517,twstock/twse,2026-07-01T08:07:37Z
0056,2024-10-08,38.5,38.56,38.16,38.43,60403980,twstock/twse,2026-07-01T08:07:37Z
0056,2024-10-09,38.51,38.63,38.41,38.43,32390088,twstock/twse,2026-07-01T08:07:37Z
0056,2024-10-11,38.56,38.68,38.5,38.6,38822992,twstock/twse,2026-07-01T08:07:37Z
0056,2024-10-14,38.7,38.74,38.53,38.7,48401938,twstock/twse,2026-07-01T08:07:37Z
0056,2024-10-15,38.8,39.1,38.8,39.1,40686129,twstock/twse,2026-07-01T08:07:37Z
0056,2024-10-16,38.86,39.04,38.7,39.02,102173261,twstock/twse,2026-07-01T08:07:37Z
0056,2024-10-17,38.01,38.16,37.97,38.12,70230590,twstock/twse,2026-07-01T08:07:37Z
0056,2024-10-18,38.33,38.35,38,38.06,59252057,twstock/twse,2026-07-01T08:07:37Z
0056,2024-10-21,38.06,38.24,38.06,38.09,20710507,twstock/twse,2026-07-01T08:07:37Z
0056,2024-10-22,38.09,38.2,37.95,38.16,17257374,twstock/twse,2026-07-01T08:07:37Z
0056,2024-10-23,38.2,38.24,37.99,38.01,33493904,twstock/twse,2026-07-01T08:07:37Z
0056,2024-10-24,38,38,37.74,37.81,61266715,twstock/twse,2026-07-01T08:07:37Z
0056,2024-10-25,37.83,38.01,37.83,37.97,16334025,twstock/twse,2026-07-01T08:07:37Z
0056,2024-10-28,38,38.09,37.85,37.94,28196784,twstock/twse,2026-07-01T08:07:37Z
0056,2024-10-29,37.88,37.88,37.28,37.49,75357047,twstock/twse,2026-07-01T08:07:37Z
0056,2024-10-30,37.55,37.66,37.33,37.42,36419349,twstock/twse,2026-07-01T08:07:37Z
0056,2024-11-01,36.99,37.39,36.31,37.34,55751401,twstock/twse,2026-07-01T08:07:37Z
0056,2024-11-04,37.44,37.49,37.2,37.48,24863473,twstock/twse,2026-07-01T08:07:37Z
0056,2024-11-05,37.37,37.68,37.33,37.68,22108664,twstock/twse,2026-07-01T08:07:37Z
0056,2024-11-06,37.68,37.94,37.2,37.79,23086094,twstock/twse,2026-07-01T08:07:37Z
0056,2024-11-07,37.8,38.24,37.78,38.16,24417938,twstock/twse,2026-07-01T08:07:37Z
0056,2024-11-08,38.3,38.45,38.1,38.13,20509100,twstock/twse,2026-07-01T08:07:37Z
0056,2024-11-11,38.13,38.13,37.82,38.08,33458998,twstock/twse,2026-07-01T08:07:37Z
0056,2024-11-12,37.77,37.77,37.5,37.52,71869190,twstock/twse,2026-07-01T08:07:37Z
0056,2024-11-13,37.52,37.57,37.27,37.49,39480945,twstock/twse,2026-07-01T08:07:37Z
0056,2024-11-14,37.45,37.46,36.99,37.08,70953656,twstock/twse,2026-07-01T08:07:37Z
0056,2024-11-15,37.13,37.28,37.04,37.14,28818374,twstock/twse,2026-07-01T08:07:37Z
0056,2024-11-18,37.1,37.2,36.94,37,55065947,twstock/twse,2026-07-01T08:07:37Z
0056,2024-11-19,37.1,37.35,36.96,37.25,23319244,twstock/twse,2026-07-01T08:07:37Z
0056,2024-11-20,37.28,37.38,37.04,37.1,27237199,twstock/twse,2026-07-01T08:07:37Z
0056,2024-11-21,37,37.16,36.86,37.1,21231209,twstock/twse,2026-07-01T08:07:37Z
0056,2024-11-22,37.16,37.49,37.16,37.33,16582826,twstock/twse,2026-07-01T08:07:37Z
0056,2024-11-25,37.54,37.71,37.47,37.48,17737064,twstock/twse,2026-07-01T08:07:37Z
0056,2024-11-26,37.3,37.5,37.1,37.31,23284930,twstock/twse,2026-07-01T08:07:37Z
0056,2024-11-27,37.31,37.31,36.66,36.71,94481703,twstock/twse,2026-07-01T08:07:37Z
0056,2024-11-28,36.71,36.74,36.26,36.5,63491654,twstock/twse,2026-07-01T08:07:37Z
0056,2024-11-29,36.32,36.65,35.98,36.6,32104849,twstock/twse,2026-07-01T08:07:37Z
0056,2024-12-02,36.72,37.02,36.72,37.02,20111648,twstock/twse,2026-07-01T08:07:37Z
0056,2024-12-03,37.33,37.39,37,37.05,29582824,twstock/twse,2026-07-01T08:07:37Z
0056,2024-12-04,37.08,37.17,36.98,37.09,15787103,twstock/twse,2026-07-01T08:07:37Z
0056,2024-12-05,37.1,37.27,37.1,37.21,14984421,twstock/twse,2026-07-01T08:07:37Z
0056,2024-12-06,37.25,37.43,37.24,37.3,24594351,twstock/twse,2026-07-01T08:07:37Z
0056,2024-12-09,37.35,37.35,37.2,37.3,34591437,twstock/twse,2026-07-01T08:07:37Z
0056,2024-12-10,37.31,37.31,37.03,37.05,31569439,twstock/twse,2026-07-01T08:07:37Z
0056,2024-12-11,36.94,37,36.85,36.91,32433339,twstock/twse,2026-07-01T08:07:37Z
0056,2024-12-12,37,37.11,36.96,37.02,12261951,twstock/twse,2026-07-01T08:07:37Z
0056,2024-12-13,37,37,36.74,36.88,43299235,twstock/twse,2026-07-01T08:07:37Z
0056,2024-12-16,36.94,37,36.49,36.54,58680625,twstock/twse,2026-07-01T08:07:37Z
0056,2024-12-17,36.56,36.57,36.48,36.48,40984507,twstock/twse,2026-07-01T08:07:37Z
0056,2024-12-18,36.48,36.8,36.38,36.8,18652871,twstock/twse,2026-07-01T08:07:37Z
0056,2024-12-19,36.35,36.66,36.25,36.63,36483118,twstock/twse,2026-07-01T08:07:37Z
0056,2024-12-20,36.56,36.64,36.37,36.42,35513650,twstock/twse,2026-07-01T08:07:37Z
0056,2024-12-23,36.71,36.91,36.69,36.85,17367824,twstock/twse,2026-07-01T08:07:37Z
0056,2024-12-24,36.9,37.08,36.9,36.96,13747893,twstock/twse,2026-07-01T08:07:37Z
0056,2024-12-25,37.09,37.12,36.93,36.99,19910025,twstock/twse,2026-07-01T08:07:37Z
0056,2024-12-26,37,37.13,37,37.09,17166213,twstock/twse,2026-07-01T08:07:37Z
0056,2024-12-27,37.1,37.11,37.01,37.05,15866846,twstock/twse,2026-07-01T08:07:37Z
0056,2024-12-30,37.05,37.06,36.83,36.83,33355258,twstock/twse,2026-07-01T08:07:37Z
0056,2024-12-31,36.78,36.79,36.55,36.68,43703594,twstock/twse,2026-07-01T08:07:37Z
0056,2025-01-02,36.64,36.82,36.6,36.7,84042975,twstock/twse,2026-07-01T08:07:37Z
0056,2025-01-03,36.87,36.91,36.68,36.78,53340553,twstock/twse,2026-07-01T08:07:37Z
0056,2025-01-06,37.05,37.3,36.99,37.22,58190990,twstock/twse,2026-07-01T08:07:37Z
0056,2025-01-07,37.45,37.48,37.28,37.3,41543251,twstock/twse,2026-07-01T08:07:37Z
0056,2025-01-08,37.29,37.36,37.23,37.3,32447157,twstock/twse,2026-07-01T08:07:37Z
0056,2025-01-09,37.28,37.3,36.69,36.73,113831909,twstock/twse,2026-07-01T08:07:37Z
0056,2025-01-10,36.59,36.72,36.5,36.56,101073482,twstock/twse,2026-07-01T08:07:37Z
0056,2025-01-13,36.45,36.55,35.82,36,178994031,twstock/twse,2026-07-01T08:07:37Z
0056,2025-01-14,36.03,36.36,36,36.36,48880595,twstock/twse,2026-07-01T08:07:37Z
0056,2025-01-15,36.43,36.45,36.08,36.12,80983415,twstock/twse,2026-07-01T08:07:37Z
0056,2025-01-16,36.52,36.58,36.38,36.39,72321774,twstock/twse,2026-07-01T08:07:37Z
0056,2025-01-17,35.58,35.58,35.3,35.35,113551346,twstock/twse,2026-07-01T08:07:37Z
0056,2025-01-20,35.49,35.53,35.42,35.52,39426120,twstock/twse,2026-07-01T08:07:37Z
0056,2025-01-21,35.55,35.69,35.51,35.64,26302869,twstock/twse,2026-07-01T08:07:37Z
0056,2025-01-22,35.75,35.78,35.63,35.78,26577801,twstock/twse,2026-07-01T08:07:37Z
0056,2025-02-03,35,35.48,34.92,35.45,110193036,twstock/twse,2026-07-01T08:07:37Z
0056,2025-02-04,35.5,35.75,35.18,35.2,69632221,twstock/twse,2026-07-01T08:07:37Z
0056,2025-02-05,35.38,35.72,35.37,35.62,24143546,twstock/twse,2026-07-01T08:07:37Z
0056,2025-02-06,35.63,35.77,35.63,35.71,23795018,twstock/twse,2026-07-01T08:07:37Z
0056,2025-02-07,35.71,35.86,35.71,35.85,14201795,twstock/twse,2026-07-01T08:07:37Z
0056,2025-02-10,35.84,35.9,35.72,35.88,28097710,twstock/twse,2026-07-01T08:07:37Z
0056,2025-02-11,35.89,36.09,35.88,36.02,17152659,twstock/twse,2026-07-01T08:07:37Z
0056,2025-02-12,36.05,36.2,36.02,36.02,16744695,twstock/twse,2026-07-01T08:07:37Z
0056,2025-02-13,36.18,36.4,36.07,36.34,26402284,twstock/twse,2026-07-01T08:07:37Z
0056,2025-02-14,36.35,36.36,36.24,36.29,19975845,twstock/twse,2026-07-01T08:07:37Z
0056,2025-02-17,36.3,36.68,36.3,36.6,32514485,twstock/twse,2026-07-01T08:07:37Z
0056,2025-02-18,36.63,36.69,36.54,36.68,21401849,twstock/twse,2026-07-01T08:07:37Z
0056,2025-02-19,36.68,36.88,36.68,36.84,22684028,twstock/twse,2026-07-01T08:07:37Z
0056,2025-02-20,36.85,36.92,36.82,36.83,21700875,twstock/twse,2026-07-01T08:07:37Z
0056,2025-02-21,36.84,37,36.83,37,24015382,twstock/twse,2026-07-01T08:07:37Z
0056,2025-02-24,36.85,37,36.76,36.98,26423573,twstock/twse,2026-07-01T08:07:37Z
0056,2025-02-25,36.85,36.98,36.72,36.9,28134913,twstock/twse,2026-07-01T08:07:37Z
0056,2025-02-26,36.9,37.1,36.75,37.09,25008089,twstock/twse,2026-07-01T08:07:37Z
0056,2025-02-27,37.09,37.17,36.7,36.71,49877632,twstock/twse,2026-07-01T08:07:37Z
0056,2025-03-03,36.47,36.58,36.3,36.53,62866445,twstock/twse,2026-07-01T08:07:37Z
0056,2025-03-04,36.14,36.5,36,36.46,48673695,twstock/twse,2026-07-01T08:07:37Z
0056,2025-03-05,36.5,36.79,36.46,36.7,17860718,twstock/twse,2026-07-01T08:07:37Z
0056,2025-03-06,36.72,36.89,36.72,36.76,18980571,twstock/twse,2026-07-01T08:07:37Z
0056,2025-03-07,36.63,36.79,36.53,36.6,24459714,twstock/twse,2026-07-01T08:07:37Z
0056,2025-03-10,36.62,36.69,36.36,36.42,41164450,twstock/twse,2026-07-01T08:07:37Z
0056,2025-03-11,36,36.3,35.65,36.17,96719856,twstock/twse,2026-07-01T08:07:37Z
0056,2025-03-12,36.17,36.26,36.09,36.17,24392464,twstock/twse,2026-07-01T08:07:37Z
0056,2025-03-13,36.42,36.44,35.93,35.93,46000884,twstock/twse,2026-07-01T08:07:37Z
0056,2025-03-14,35.93,36.02,35.81,35.89,42101746,twstock/twse,2026-07-01T08:07:37Z
0056,2025-03-17,36,36.21,35.96,36.13,24316271,twstock/twse,2026-07-01T08:07:37Z
0056,2025-03-18,36.32,36.42,36.22,36.41,16611483,twstock/twse,2026-07-01T08:07:37Z
0056,2025-03-19,36.5,36.51,36.12,36.15,30408470,twstock/twse,2026-07-01T08:07:37Z
0056,2025-03-20,36.31,36.47,36.31,36.46,15817053,twstock/twse,2026-07-01T08:07:37Z
0056,2025-03-21,36.5,36.5,36.33,36.4,18028233,twstock/twse,2026-07-01T08:07:37Z
0056,2025-03-24,36.48,36.5,36.24,36.3,38202879,twstock/twse,2026-07-01T08:07:37Z
0056,2025-03-25,36.45,36.51,36.17,36.25,35446685,twstock/twse,2026-07-01T08:07:37Z
0056,2025-03-26,36.3,36.42,36.28,36.35,17057134,twstock/twse,2026-07-01T08:07:37Z
0056,2025-03-27,36.15,36.16,36,36.07,60906168,twstock/twse,2026-07-01T08:07:37Z
0056,2025-03-28,36.02,36.03,35.56,35.8,148134549,twstock/twse,2026-07-01T08:07:37Z
0056,2025-03-31,35.35,35.42,34.58,34.76,257484789,twstock/twse,2026-07-01T08:07:37Z
0056,2025-04-01,34.86,35.28,34.82,35.26,81159165,twstock/twse,2026-07-01T08:07:37Z
0056,2025-04-02,35.34,35.38,35.13,35.17,81359279,twstock/twse,2026-07-01T08:07:37Z
0056,2025-04-07,31.66,31.66,31.66,31.66,114971758,twstock/twse,2026-07-01T08:07:37Z
0056,2025-04-08,30.02,30.89,29.98,30.6,403715049,twstock/twse,2026-07-01T08:07:37Z
0056,2025-04-09,30.6,30.63,28.49,28.69,431050205,twstock/twse,2026-07-01T08:07:37Z
0056,2025-04-10,31.55,31.55,31.55,31.55,30033027,twstock/twse,2026-07-01T08:07:37Z
0056,2025-04-11,30.78,32.21,30.2,32.21,188197093,twstock/twse,2026-07-01T08:07:37Z
0056,2025-04-14,32.85,33.4,32.52,32.66,125311374,twstock/twse,2026-07-01T08:07:37Z
0056,2025-04-15,32.87,33.23,32.72,33.14,70924441,twstock/twse,2026-07-01T08:07:37Z
0056,2025-04-16,32.89,33,32.73,32.85,89870621,twstock/twse,2026-07-01T08:07:37Z
0056,2025-04-17,32.78,32.78,32.38,32.6,69290077,twstock/twse,2026-07-01T08:07:37Z
0056,2025-04-18,32.65,32.84,32.56,32.69,51278216,twstock/twse,2026-07-01T08:07:37Z
0056,2025-04-21,32.6,32.67,32.32,32.37,119169705,twstock/twse,2026-07-01T08:07:37Z
0056,2025-04-22,32.12,32.31,31.97,31.98,165268569,twstock/twse,2026-07-01T08:07:37Z
0056,2025-04-23,31.65,31.67,31.45,31.62,61180292,twstock/twse,2026-07-01T08:07:37Z
0056,2025-04-24,31.76,31.78,31.45,31.46,46041551,twstock/twse,2026-07-01T08:07:37Z
0056,2025-04-25,31.9,32.13,31.86,31.97,40889839,twstock/twse,2026-07-01T08:07:37Z
0056,2025-04-28,32.06,32.15,32,32.15,30025856,twstock/twse,2026-07-01T08:07:37Z
0056,2025-04-29,32.15,32.35,32.08,32.34,26030183,twstock/twse,2026-07-01T08:07:37Z
0056,2025-04-30,32.39,32.39,32.22,32.22,26173008,twstock/twse,2026-07-01T08:07:37Z
0056,2025-05-02,32.42,32.68,32.42,32.64,41891266,twstock/twse,2026-07-01T08:07:37Z
0056,2025-05-05,32.8,32.85,32.1,32.37,54958650,twstock/twse,2026-07-01T08:07:37Z
0056,2025-05-06,32.32,32.74,32.2,32.68,39378145,twstock/twse,2026-07-01T08:07:37Z
0056,2025-05-07,32.71,32.92,32.61,32.64,26661823,twstock/twse,2026-07-01T08:07:37Z
0056,2025-05-08,32.78,32.86,32.7,32.84,23584505,twstock/twse,2026-07-01T08:07:37Z
0056,2025-05-09,32.9,33.12,32.86,33.11,31254265,twstock/twse,2026-07-01T08:07:37Z
0056,2025-05-12,33.39,33.54,33.31,33.47,32584525,twstock/twse,2026-07-01T08:07:37Z
0056,2025-05-13,34.05,34.13,33.83,33.88,40776347,twstock/twse,2026-07-01T08:07:37Z
0056,2025-05-14,34.11,34.45,34.11,34.44,45943167,twstock/twse,2026-07-01T08:07:37Z
0056,2025-05-15,34.48,34.49,34.26,34.39,34810200,twstock/twse,2026-07-01T08:07:37Z
0056,2025-05-16,34.37,34.66,34.32,34.51,38411957,twstock/twse,2026-07-01T08:07:37Z
0056,2025-05-19,34.5,34.5,34.2,34.2,40818893,twstock/twse,2026-07-01T08:07:37Z
0056,2025-05-20,34.34,34.45,34.18,34.19,21014482,twstock/twse,2026-07-01T08:07:37Z
0056,2025-05-21,34.19,34.62,34.19,34.56,43246305,twstock/twse,2026-07-01T08:07:37Z
0056,2025-05-22,34.46,34.49,34.31,34.45,20213731,twstock/twse,2026-07-01T08:07:37Z
0056,2025-05-23,34.47,34.53,34.25,34.29,26270986,twstock/twse,2026-07-01T08:07:37Z
0056,2025-05-26,34.29,34.34,34.17,34.2,29268178,twstock/twse,2026-07-01T08:07:37Z
0056,2025-05-27,34.2,34.2,33.89,33.93,40850465,twstock/twse,2026-07-01T08:07:37Z
0056,2025-05-28,34.12,34.23,33.81,33.94,22352450,twstock/twse,2026-07-01T08:07:37Z
0056,2025-05-29,34.12,34.23,33.99,34.08,16452140,twstock/twse,2026-07-01T08:07:37Z
0056,2025-06-02,34.01,34.01,33.45,33.53,69859171,twstock/twse,2026-07-01T08:07:37Z
0056,2025-06-03,33.86,33.96,33.67,33.79,19958914,twstock/twse,2026-07-01T08:07:37Z
0056,2025-06-04,34,34.2,34,34.09,21418117,twstock/twse,2026-07-01T08:07:37Z
0056,2025-06-05,34.19,34.22,34,34.01,28053977,twstock/twse,2026-07-01T08:07:37Z
0056,2025-06-06,34.09,34.09,33.95,34.01,26255782,twstock/twse,2026-07-01T08:07:37Z
0056,2025-06-09,34.14,34.18,34.1,34.14,24662861,twstock/twse,2026-07-01T08:07:37Z
0056,2025-06-10,34.21,34.59,34.21,34.53,43100986,twstock/twse,2026-07-01T08:07:37Z
0056,2025-06-11,34.64,34.79,34.57,34.59,30909210,twstock/twse,2026-07-01T08:07:37Z
0056,2025-06-12,34.6,34.65,34.54,34.59,26871330,twstock/twse,2026-07-01T08:07:37Z
0056,2025-06-13,34.52,34.67,34.39,34.59,39602226,twstock/twse,2026-07-01T08:07:37Z
0056,2025-06-16,34.54,34.6,34.38,34.6,34660935,twstock/twse,2026-07-01T08:07:37Z
0056,2025-06-17,34.7,34.82,34.59,34.65,29279295,twstock/twse,2026-07-01T08:07:37Z
0056,2025-06-18,34.65,34.78,34.6,34.7,30176306,twstock/twse,2026-07-01T08:07:37Z
0056,2025-06-19,34.7,34.71,34.4,34.41,51167878,twstock/twse,2026-07-01T08:07:37Z
0056,2025-06-20,34.37,34.44,33.99,34.21,62982924,twstock/twse,2026-07-01T08:07:37Z
0056,2025-06-23,33.88,33.9,33.56,33.9,71898210,twstock/twse,2026-07-01T08:07:37Z
0056,2025-06-24,34.22,34.5,34.21,34.45,25690962,twstock/twse,2026-07-01T08:07:37Z
0056,2025-06-25,34.7,34.79,34.58,34.61,46747755,twstock/twse,2026-07-01T08:07:37Z
0056,2025-06-26,34.63,34.86,34.62,34.65,115693547,twstock/twse,2026-07-01T08:07:37Z
0056,2025-06-27,34.7,34.74,34.63,34.69,59408298,twstock/twse,2026-07-01T08:07:37Z
0056,2025-06-30,34.71,34.78,34.6,34.62,39779276,twstock/twse,2026-07-01T08:07:37Z
0056,2025-07-01,34.62,34.89,34.55,34.71,49755152,twstock/twse,2026-07-01T08:07:37Z
0056,2025-07-02,34.69,34.86,34.65,34.85,37648132,twstock/twse,2026-07-01T08:07:37Z
0056,2025-07-03,35,35.16,35,35.15,39414375,twstock/twse,2026-07-01T08:07:37Z
0056,2025-07-04,35.19,35.29,34.88,34.89,58421467,twstock/twse,2026-07-01T08:07:37Z
0056,2025-07-07,34.89,34.94,34.63,34.83,57405922,twstock/twse,2026-07-01T08:07:37Z
0056,2025-07-08,34.81,34.81,34.59,34.65,51946060,twstock/twse,2026-07-01T08:07:37Z
0056,2025-07-09,34.65,34.97,34.61,34.95,27675891,twstock/twse,2026-07-01T08:07:37Z
0056,2025-07-10,34.97,35.06,34.85,35.04,34161752,twstock/twse,2026-07-01T08:07:37Z
0056,2025-07-11,35.04,35.22,35,35.2,28254660,twstock/twse,2026-07-01T08:07:37Z
0056,2025-07-14,35.2,35.21,35.01,35.03,62881302,twstock/twse,2026-07-01T08:07:37Z
0056,2025-07-15,35.05,35.28,35.04,35.26,50160219,twstock/twse,2026-07-01T08:07:37Z
0056,2025-07-16,35.26,35.56,35.25,35.48,54924643,twstock/twse,2026-07-01T08:07:37Z
0056,2025-07-17,35.5,35.63,35.44,35.54,48492125,twstock/twse,2026-07-01T08:07:37Z
0056,2025-07-18,35.65,35.78,35.53,35.6,90213330,twstock/twse,2026-07-01T08:07:37Z
0056,2025-07-21,34.88,34.89,34.76,34.8,69136769,twstock/twse,2026-07-01T08:07:37Z
0056,2025-07-22,34.8,34.88,34.39,34.42,71858935,twstock/twse,2026-07-01T08:07:37Z
0056,2025-07-23,34.52,34.79,34.51,34.78,29835574,twstock/twse,2026-07-01T08:07:37Z
0056,2025-07-24,34.86,34.92,34.78,34.85,26976759,twstock/twse,2026-07-01T08:07:37Z
0056,2025-07-25,34.85,34.9,34.83,34.87,24419700,twstock/twse,2026-07-01T08:07:37Z
0056,2025-07-28,34.87,34.97,34.82,34.96,32802513,twstock/twse,2026-07-01T08:07:37Z
0056,2025-07-29,34.95,34.95,34.6,34.7,42723814,twstock/twse,2026-07-01T08:07:37Z
0056,2025-07-30,34.7,34.8,34.61,34.77,32109196,twstock/twse,2026-07-01T08:07:37Z
0056,2025-07-31,34.77,34.83,34.62,34.79,30056808,twstock/twse,2026-07-01T08:07:37Z
0056,2025-08-01,34.4,34.83,34.32,34.81,38516708,twstock/twse,2026-07-01T08:07:37Z
0056,2025-08-04,34.75,34.82,34.6,34.79,29407745,twstock/twse,2026-07-01T08:07:37Z
0056,2025-08-05,34.93,35.13,34.85,35.11,42964817,twstock/twse,2026-07-01T08:07:37Z
0056,2025-08-06,35.05,35.15,35.02,35.1,30849408,twstock/twse,2026-07-01T08:07:37Z
0056,2025-08-07,35.18,35.35,35.18,35.19,40979493,twstock/twse,2026-07-01T08:07:37Z
0056,2025-08-08,35.27,35.28,35.22,35.24,23737234,twstock/twse,2026-07-01T08:07:37Z
0056,2025-08-11,35.2,35.25,35,35.23,27823591,twstock/twse,2026-07-01T08:07:37Z
0056,2025-08-12,35.23,35.32,35.2,35.21,24860790,twstock/twse,2026-07-01T08:07:37Z
0056,2025-08-13,35.29,35.36,35,35.07,35699576,twstock/twse,2026-07-01T08:07:37Z
0056,2025-08-14,35.07,35.08,35.03,35.05,22254601,twstock/twse,2026-07-01T08:07:37Z
0056,2025-08-15,35.06,35.09,34.99,35.03,21551235,twstock/twse,2026-07-01T08:07:37Z
0056,2025-08-18,35.03,35.11,35,35.1,23448565,twstock/twse,2026-07-01T08:07:37Z
0056,2025-08-19,35.1,35.1,34.97,35.01,20498491,twstock/twse,2026-07-01T08:07:37Z
0056,2025-08-20,34.96,34.97,34.47,34.5,116525540,twstock/twse,2026-07-01T08:07:37Z
0056,2025-08-21,34.56,34.78,34.56,34.71,18993702,twstock/twse,2026-07-01T08:07:37Z
0056,2025-08-22,34.71,34.72,34.56,34.6,21303996,twstock/twse,2026-07-01T08:07:37Z
0056,2025-08-25,35,35.11,34.86,34.94,23414314,twstock/twse,2026-07-01T08:07:37Z
0056,2025-08-26,34.94,34.95,34.84,34.91,13095266,twstock/twse,2026-07-01T08:07:37Z
0056,2025-08-27,34.95,35.14,34.94,35.04,26563855,twstock/twse,2026-07-01T08:07:37Z
0056,2025-08-28,35.05,35.14,35,35.04,16108849,twstock/twse,2026-07-01T08:07:37Z
0056,2025-08-29,35.11,35.22,34.99,34.99,17851347,twstock/twse,2026-07-01T08:07:37Z
0056,2025-09-01,34.98,34.99,34.52,34.66,47459974,twstock/twse,2026-07-01T08:07:37Z
0056,2025-09-02,34.66,34.85,34.51,34.67,24795754,twstock/twse,2026-07-01T08:07:37Z
0056,2025-09-03,34.7,34.82,34.68,34.76,17141700,twstock/twse,2026-07-01T08:07:37Z
0056,2025-09-04,34.94,35.1,34.91,34.91,21087489,twstock/twse,2026-07-01T08:07:37Z
0056,2025-09-05,35.05,35.12,35,35.11,24635754,twstock/twse,2026-07-01T08:07:37Z
0056,2025-09-08,35.3,35.45,35.23,35.41,49259569,twstock/twse,2026-07-01T08:07:37Z
0056,2025-09-09,35.44,35.69,35.41,35.66,50950499,twstock/twse,2026-07-01T08:07:37Z
0056,2025-09-10,35.86,36.17,35.85,36.07,94337443,twstock/twse,2026-07-01T08:07:37Z
0056,2025-09-11,36.13,36.32,35.97,35.97,69170467,twstock/twse,2026-07-01T08:07:37Z
0056,2025-09-12,36.1,36.32,36.09,36.18,44564223,twstock/twse,2026-07-01T08:07:37Z
0056,2025-09-15,36.3,36.38,36.16,36.22,33388753,twstock/twse,2026-07-01T08:07:37Z
0056,2025-09-16,36.27,36.38,36.25,36.31,34001005,twstock/twse,2026-07-01T08:07:37Z
0056,2025-09-17,36.29,36.42,36.17,36.18,27991079,twstock/twse,2026-07-01T08:07:37Z
0056,2025-09-18,36.32,36.42,36.18,36.4,34524439,twstock/twse,2026-07-01T08:07:37Z
0056,2025-09-19,36.5,36.59,36.46,36.56,29969813,twstock/twse,2026-07-01T08:07:37Z
0056,2025-09-22,36.58,36.83,36.58,36.8,36716148,twstock/twse,2026-07-01T08:07:37Z
0056,2025-09-23,36.88,37.07,36.83,36.94,56878480,twstock/twse,2026-07-01T08:07:37Z
0056,2025-09-24,37,37.05,36.79,36.89,38370853,twstock/twse,2026-07-01T08:07:37Z
0056,2025-09-25,36.89,37.26,36.84,36.96,57632904,twstock/twse,2026-07-01T08:07:37Z
0056,2025-09-26,36.9,36.9,36.27,36.51,76728750,twstock/twse,2026-07-01T08:07:37Z
0056,2025-09-30,36.77,37.04,36.7,36.8,46174484,twstock/twse,2026-07-01T08:07:37Z
0056,2025-10-01,36.87,37.15,36.73,36.81,48977483,twstock/twse,2026-07-01T08:07:37Z
0056,2025-10-02,37,37.06,36.97,37.04,47946651,twstock/twse,2026-07-01T08:07:37Z
0056,2025-10-03,37.04,37.07,37,37.04,39103080,twstock/twse,2026-07-01T08:07:37Z
0056,2025-10-07,37.12,37.51,37.12,37.46,75747471,twstock/twse,2026-07-01T08:07:37Z
0056,2025-10-08,37.41,37.46,37.31,37.43,39464282,twstock/twse,2026-07-01T08:07:37Z
0056,2025-10-09,37.65,37.67,37.4,37.42,48371891,twstock/twse,2026-07-01T08:07:37Z
0056,2025-10-13,36.56,37,36.53,36.94,141840786,twstock/twse,2026-07-01T08:07:37Z
0056,2025-10-14,37.12,37.33,36.55,36.59,110814084,twstock/twse,2026-07-01T08:07:37Z
0056,2025-10-15,36.65,36.68,36.48,36.67,66981678,twstock/twse,2026-07-01T08:07:37Z
0056,2025-10-16,36.91,37.21,36.91,37.19,49356011,twstock/twse,2026-07-01T08:07:37Z
0056,2025-10-17,37.17,37.36,37.01,37.11,134291558,twstock/twse,2026-07-01T08:07:37Z
0056,2025-10-20,37.27,37.49,37.27,37.49,51742253,twstock/twse,2026-07-01T08:07:37Z
0056,2025-10-21,37.66,37.8,37.62,37.66,72283684,twstock/twse,2026-07-01T08:07:37Z
0056,2025-10-22,37.61,37.75,37.48,37.75,86606460,twstock/twse,2026-07-01T08:07:37Z
0056,2025-10-23,36.88,36.91,36.75,36.81,103297727,twstock/twse,2026-07-01T08:07:37Z
0056,2025-10-27,37.2,37.32,37.1,37.24,75123538,twstock/twse,2026-07-01T08:07:37Z
0056,2025-10-28,37.25,37.25,37.04,37.13,42658216,twstock/twse,2026-07-01T08:07:37Z
0056,2025-10-29,37.33,37.59,37.33,37.47,91187427,twstock/twse,2026-07-01T08:07:37Z
0056,2025-10-30,37.47,37.57,37.2,37.4,57733947,twstock/twse,2026-07-01T08:07:37Z
0056,2025-10-31,37.41,37.6,37.36,37.46,62935805,twstock/twse,2026-07-01T08:07:37Z
0056,2025-11-03,37.42,37.48,37.28,37.33,47795908,twstock/twse,2026-07-01T08:07:37Z
0056,2025-11-04,37.5,37.52,36.95,36.96,70008952,twstock/twse,2026-07-01T08:07:37Z
0056,2025-11-05,36.42,36.8,36.3,36.78,131885420,twstock/twse,2026-07-01T08:07:37Z
0056,2025-11-06,36.97,37.06,36.8,36.95,48010495,twstock/twse,2026-07-01T08:07:37Z
0056,2025-11-07,36.77,36.78,36.52,36.55,55517646,twstock/twse,2026-07-01T08:07:37Z
0056,2025-11-10,36.56,36.57,36.41,36.57,31781294,twstock/twse,2026-07-01T08:07:37Z
0056,2025-11-11,36.63,36.69,36.41,36.41,28268504,twstock/twse,2026-07-01T08:07:37Z
0056,2025-11-12,36.42,36.6,36.41,36.46,23679874,twstock/twse,2026-07-01T08:07:37Z
0056,2025-11-13,36.48,36.6,36.43,36.51,21499061,twstock/twse,2026-07-01T08:07:37Z
0056,2025-11-14,36.16,36.31,36.02,36.13,104947248,twstock/twse,2026-07-01T08:07:37Z
0056,2025-11-17,36.1,36.1,35.74,35.79,115542299,twstock/twse,2026-07-01T08:07:37Z
0056,2025-11-18,35.34,35.43,34.92,35,190794150,twstock/twse,2026-07-01T08:07:37Z
0056,2025-11-19,34.97,35.08,34.66,34.74,115664163,twstock/twse,2026-07-01T08:07:37Z
0056,2025-11-20,35.27,35.51,35.25,35.5,35961413,twstock/twse,2026-07-01T08:07:37Z
0056,2025-11-21,34.96,35.15,34.84,35,84280844,twstock/twse,2026-07-01T08:07:37Z
0056,2025-11-24,35.15,35.24,35,35.15,27806344,twstock/twse,2026-07-01T08:07:37Z
0056,2025-11-25,35.28,35.39,35.04,35.15,29883503,twstock/twse,2026-07-01T08:07:37Z
0056,2025-11-26,35.4,35.71,35.4,35.69,30539036,twstock/twse,2026-07-01T08:07:37Z
0056,2025-11-27,35.84,36.13,35.76,36.13,33853276,twstock/twse,2026-07-01T08:07:37Z
0056,2025-11-28,36.06,36.13,35.93,36.02,26708743,twstock/twse,2026-07-01T08:07:37Z
0056,2025-12-01,36,36.12,35.95,36,24326752,twstock/twse,2026-07-01T08:07:37Z
0056,2025-12-02,36.02,36.24,36.02,36.11,23109627,twstock/twse,2026-07-01T08:07:37Z
0056,2025-12-03,36.35,36.45,36.27,36.31,20484027,twstock/twse,2026-07-01T08:07:37Z
0056,2025-12-04,36.37,36.41,36.31,36.4,18849846,twstock/twse,2026-07-01T08:07:37Z
0056,2025-12-05,36.41,36.57,36.41,36.55,23777045,twstock/twse,2026-07-01T08:07:37Z
0056,2025-12-08,36.59,36.65,36.57,36.62,31126570,twstock/twse,2026-07-01T08:07:37Z
0056,2025-12-09,36.65,36.69,36.56,36.58,21617653,twstock/twse,2026-07-01T08:07:37Z
0056,2025-12-10,36.62,36.65,36.55,36.59,22134213,twstock/twse,2026-07-01T08:07:37Z
0056,2025-12-11,36.62,36.63,36.22,36.33,34864754,twstock/twse,2026-07-01T08:07:37Z
0056,2025-12-12,36.44,36.56,36.4,36.46,18404514,twstock/twse,2026-07-01T08:07:37Z
0056,2025-12-15,36.03,36.36,35.99,36.28,41242997,twstock/twse,2026-07-01T08:07:37Z
0056,2025-12-16,36.05,36.15,35.88,36.07,76449009,twstock/twse,2026-07-01T08:07:37Z
0056,2025-12-17,36.11,36.35,36.11,36.2,23392415,twstock/twse,2026-07-01T08:07:37Z
0056,2025-12-18,36.1,36.2,35.98,36.11,40222634,twstock/twse,2026-07-01T08:07:37Z
0056,2025-12-19,36.15,36.42,36.12,36.38,20244445,twstock/twse,2026-07-01T08:07:37Z
0056,2025-12-22,36.57,36.77,36.55,36.72,37004660,twstock/twse,2026-07-01T08:07:37Z
0056,2025-12-23,36.73,36.74,36.52,36.54,38049342,twstock/twse,2026-07-01T08:07:37Z
0056,2025-12-24,36.56,36.63,36.5,36.55,25209782,twstock/twse,2026-07-01T08:07:37Z
0056,2025-12-26,36.59,36.61,36.5,36.61,32736860,twstock/twse,2026-07-01T08:07:37Z
0056,2025-12-29,36.61,36.78,36.61,36.73,35740386,twstock/twse,2026-07-01T08:07:37Z
0056,2025-12-30,36.72,36.72,36.59,36.69,32868998,twstock/twse,2026-07-01T08:07:37Z
0056,2025-12-31,36.69,36.76,36.65,36.73,30418269,twstock/twse,2026-07-01T08:07:37Z
0056,2026-01-02,36.77,37.09,36.77,37.01,55463608,twstock/twse,2026-07-01T08:07:37Z
0056,2026-01-05,37.17,37.34,37.1,37.13,82637678,twstock/twse,2026-07-01T08:07:37Z
0056,2026-01-06,37.15,37.33,37.15,37.26,60484594,twstock/twse,2026-07-01T08:07:37Z
0056,2026-01-07,37.34,37.72,37.33,37.62,84166000,twstock/twse,2026-07-01T08:07:37Z
0056,2026-01-08,37.62,37.7,37.39,37.41,63945146,twstock/twse,2026-07-01T08:07:37Z
0056,2026-01-09,37.41,37.55,37.17,37.4,38775491,twstock/twse,2026-07-01T08:07:37Z
0056,2026-01-12,37.65,37.75,37.62,37.67,46400775,twstock/twse,2026-07-01T08:07:37Z
0056,2026-01-13,37.9,38,37.67,37.74,65884827,twstock/twse,2026-07-01T08:07:37Z
0056,2026-01-14,37.81,37.98,37.81,37.96,52030341,twstock/twse,2026-07-01T08:07:37Z
0056,2026-01-15,37.98,38.01,37.92,38.01,52808103,twstock/twse,2026-07-01T08:07:37Z
0056,2026-01-16,38.1,38.3,38.1,38.26,63588188,twstock/twse,2026-07-01T08:07:37Z
0056,2026-01-19,38.26,38.47,38.18,38.42,82058239,twstock/twse,2026-07-01T08:07:37Z
0056,2026-01-20,38.38,38.54,38.26,38.45,86877361,twstock/twse,2026-07-01T08:07:37Z
0056,2026-01-21,38.39,38.53,38.09,38.21,153787590,twstock/twse,2026-07-01T08:07:37Z
0056,2026-01-22,37.91,37.94,37.74,37.76,96664596,twstock/twse,2026-07-01T08:07:37Z
0056,2026-01-23,37.98,38.08,37.65,37.73,86023752,twstock/twse,2026-07-01T08:07:37Z
0056,2026-01-26,37.88,38.23,37.85,38.23,90529500,twstock/twse,2026-07-01T08:07:37Z
0056,2026-01-27,38.38,38.66,38.38,38.51,90897477,twstock/twse,2026-07-01T08:07:37Z
0056,2026-01-28,38.7,38.79,38.52,38.62,56201100,twstock/twse,2026-07-01T08:07:37Z
0056,2026-01-29,38.57,38.57,38.17,38.26,57632538,twstock/twse,2026-07-01T08:07:37Z
0056,2026-01-30,37.98,37.98,37.5,37.58,86589896,twstock/twse,2026-07-01T08:07:37Z
0056,2026-02-02,37.28,37.33,37,37.15,87721121,twstock/twse,2026-07-01T08:07:37Z
0056,2026-02-03,37.57,37.74,37.4,37.63,36702671,twstock/twse,2026-07-01T08:07:37Z
0056,2026-02-04,37.58,37.85,37.41,37.84,29305483,twstock/twse,2026-07-01T08:07:37Z
0056,2026-02-05,37.59,37.79,37.5,37.55,37738253,twstock/twse,2026-07-01T08:07:37Z
0056,2026-02-06,37.44,37.6,37.09,37.52,40426197,twstock/twse,2026-07-01T08:07:37Z
0056,2026-02-09,38.16,38.2,37.94,38.03,67477566,twstock/twse,2026-07-01T08:07:37Z
0056,2026-02-10,38.36,38.42,38.28,38.34,74968495,twstock/twse,2026-07-01T08:07:37Z
0056,2026-02-11,38.39,38.77,38.39,38.7,121611406,twstock/twse,2026-07-01T08:07:37Z
0056,2026-02-23,38.97,39.51,38.97,39.13,101966291,twstock/twse,2026-07-01T08:07:37Z
0056,2026-02-24,39.27,39.76,39.23,39.72,89853506,twstock/twse,2026-07-01T08:07:37Z
0056,2026-02-25,39.81,40.3,39.81,40.05,86681622,twstock/twse,2026-07-01T08:07:37Z
0056,2026-02-26,40.05,40.36,39.95,40.29,58492851,twstock/twse,2026-07-01T08:07:37Z
0056,2026-03-02,39.53,40.01,39.53,39.9,74035480,twstock/twse,2026-07-01T08:07:37Z
0056,2026-03-03,39.84,39.99,39.13,39.13,92021356,twstock/twse,2026-07-01T08:07:37Z
0056,2026-03-04,38.5,38.55,37.7,37.74,172988248,twstock/twse,2026-07-01T08:07:37Z
0056,2026-03-05,38.5,38.75,38.12,38.5,54632081,twstock/twse,2026-07-01T08:07:37Z
0056,2026-03-06,38.3,38.74,38.1,38.63,36627259,twstock/twse,2026-07-01T08:07:37Z
0056,2026-03-09,37.28,37.58,36.5,37.58,151883264,twstock/twse,2026-07-01T08:07:37Z
0056,2026-03-10,38.48,38.49,37.64,37.88,48391366,twstock/twse,2026-07-01T08:07:37Z
0056,2026-03-11,38.25,38.71,38.25,38.64,44949403,twstock/twse,2026-07-01T08:07:37Z
0056,2026-03-12,38.55,38.75,38.33,38.53,27613823,twstock/twse,2026-07-01T08:07:37Z
0056,2026-03-13,38.19,38.65,38.19,38.5,31249170,twstock/twse,2026-07-01T08:07:37Z
0056,2026-03-16,38.65,38.91,38.58,38.81,37638989,twstock/twse,2026-07-01T08:07:37Z
0056,2026-03-17,38.9,39.18,38.9,39.13,32448064,twstock/twse,2026-07-01T08:07:37Z
0056,2026-03-18,39.42,39.58,39.35,39.42,32295100,twstock/twse,2026-07-01T08:07:37Z
0056,2026-03-19,39.07,39.2,38.86,38.88,48695423,twstock/twse,2026-07-01T08:07:37Z
0056,2026-03-20,38.88,38.98,38.56,38.77,37631551,twstock/twse,2026-07-01T08:07:37Z
0056,2026-03-23,37.88,38.1,37.8,37.97,110664636,twstock/twse,2026-07-01T08:07:37Z
0056,2026-03-24,38.34,38.37,37.76,38.04,49350102,twstock/twse,2026-07-01T08:07:37Z
0056,2026-03-25,38.55,38.76,38.45,38.58,31365933,twstock/twse,2026-07-01T08:07:37Z
0056,2026-03-26,38.6,38.85,38.55,38.56,30512264,twstock/twse,2026-07-01T08:07:37Z
0056,2026-03-27,38.24,38.45,38.07,38.43,51978534,twstock/twse,2026-07-01T08:07:37Z
0056,2026-03-30,37.81,37.93,37.61,37.85,98696813,twstock/twse,2026-07-01T08:07:37Z
0056,2026-03-31,37.65,37.66,37.05,37.13,149771888,twstock/twse,2026-07-01T08:07:37Z
0056,2026-04-01,37.88,38.19,37.77,38.11,49238283,twstock/twse,2026-07-01T08:07:37Z
0056,2026-04-02,38.52,38.52,37.7,37.82,142688419,twstock/twse,2026-07-01T08:07:37Z
0056,2026-04-07,38.08,38.18,37.92,38.07,74252034,twstock/twse,2026-07-01T08:07:37Z
0056,2026-04-08,38.84,39.12,38.71,39.02,84399927,twstock/twse,2026-07-01T08:07:37Z
0056,2026-04-09,39.08,39.1,38.96,39.08,38939445,twstock/twse,2026-07-01T08:07:37Z
0056,2026-04-10,39.29,39.57,39.29,39.41,49996458,twstock/twse,2026-07-01T08:07:37Z
0056,2026-04-13,39.4,39.6,39.2,39.52,47465866,twstock/twse,2026-07-01T08:07:37Z
0056,2026-04-14,39.87,40.13,39.86,39.97,69668541,twstock/twse,2026-07-01T08:07:37Z
0056,2026-04-15,40.22,40.55,40.21,40.25,81974850,twstock/twse,2026-07-01T08:07:37Z
0056,2026-04-16,40.53,40.88,40.53,40.8,55846803,twstock/twse,2026-07-01T08:07:37Z
0056,2026-04-17,40.8,41.2,40.79,40.98,69525243,twstock/twse,2026-07-01T08:07:37Z
0056,2026-04-20,41.31,41.58,41.31,41.47,72627550,twstock/twse,2026-07-01T08:07:37Z
0056,2026-04-21,41.6,41.98,41.6,41.97,77242581,twstock/twse,2026-07-01T08:07:37Z
0056,2026-04-22,42,42.61,41.97,42.61,145535741,twstock/twse,2026-07-01T08:07:37Z
0056,2026-04-23,41.91,41.99,40.2,40.65,178276598,twstock/twse,2026-07-01T08:07:37Z
0056,2026-04-24,40.74,41.04,40.64,40.95,67087826,twstock/twse,2026-07-01T08:07:37Z
0056,2026-04-27,41.18,41.25,40.83,40.9,147779049,twstock/twse,2026-07-01T08:07:37Z
0056,2026-04-28,41,41.33,40.97,41.11,79437843,twstock/twse,2026-07-01T08:07:37Z
0056,2026-04-29,41.06,41.08,40.71,40.93,41561666,twstock/twse,2026-07-01T08:07:37Z
0056,2026-04-30,41.04,41.3,40.81,40.9,46787938,twstock/twse,2026-07-01T08:07:37Z
0056,2026-05-04,41.51,41.94,41.51,41.92,105581914,twstock/twse,2026-07-01T08:07:37Z
0056,2026-05-05,42.15,42.68,42.15,42.62,98244392,twstock/twse,2026-07-01T08:07:37Z
0056,2026-05-06,43.59,43.9,43.16,43.86,106691262,twstock/twse,2026-07-01T08:07:37Z
0056,2026-05-07,44.23,44.77,44.01,44.72,74924610,twstock/twse,2026-07-01T08:07:37Z
0056,2026-05-08,44.7,45.2,44.29,44.85,97813252,twstock/twse,2026-07-01T08:07:37Z
0056,2026-05-11,45.04,45.79,44.85,45.76,70902233,twstock/twse,2026-07-01T08:07:37Z
0056,2026-05-12,45.79,45.95,45.24,45.58,71013037,twstock/twse,2026-07-01T08:07:37Z
0056,2026-05-13,44.98,45.26,44.73,45.15,70167910,twstock/twse,2026-07-01T08:07:37Z
0056,2026-05-14,45.51,45.65,45.15,45.15,35738811,twstock/twse,2026-07-01T08:07:37Z
0056,2026-05-15,45.38,45.68,44.37,44.45,59832884,twstock/twse,2026-07-01T08:07:37Z
0056,2026-05-18,44.01,44.75,43.66,44.5,59831020,twstock/twse,2026-07-01T08:07:37Z
0056,2026-05-19,44.5,45.1,44,44.01,55685573,twstock/twse,2026-07-01T08:07:37Z
0056,2026-05-20,44.15,44.46,44,44.04,28691617,twstock/twse,2026-07-01T08:07:37Z
0056,2026-05-21,44.74,45.52,44.74,45.44,50081662,twstock/twse,2026-07-01T08:07:37Z
0056,2026-05-22,45.82,46.41,45.66,46.35,56808210,twstock/twse,2026-07-01T08:07:37Z
0056,2026-05-25,47.51,48.41,47.51,48.35,64623589,twstock/twse,2026-07-01T08:07:37Z
0056,2026-05-26,48.68,48.79,48.15,48.32,49374408,twstock/twse,2026-07-01T08:07:37Z
0056,2026-05-27,49.17,49.87,49.1,49.64,61667753,twstock/twse,2026-07-01T08:07:37Z
0056,2026-05-28,49.65,50.1,48.5,48.83,62678749,twstock/twse,2026-07-01T08:07:37Z
0056,2026-05-29,49.69,50.25,49.5,50.2,58208526,twstock/twse,2026-07-01T08:07:37Z
0056,2026-06-01,50.5,51.9,50.5,51.9,58919831,twstock/twse,2026-07-01T08:07:37Z
0056,2026-06-02,52.2,52.8,51.45,52.8,69462828,twstock/twse,2026-07-01T08:07:37Z
0056,2026-06-03,53.4,53.8,52.75,53.8,48338648,twstock/twse,2026-07-01T08:07:37Z
0056,2026-06-04,53.3,53.3,52.5,52.65,66916789,twstock/twse,2026-07-01T08:07:37Z
0056,2026-06-05,52,52.2,50.7,51.8,71486910,twstock/twse,2026-07-01T08:07:37Z
0056,2026-06-08,47.67,49.45,47.64,49.45,126733268,twstock/twse,2026-07-01T08:07:37Z
0056,2026-06-09,49.87,51.3,49.72,51.25,58646039,twstock/twse,2026-07-01T08:07:37Z
0056,2026-06-10,50.5,51.05,49.59,49.62,73135286,twstock/twse,2026-07-01T08:07:37Z
0056,2026-06-11,49.24,49.8,48.46,49.59,68453424,twstock/twse,2026-07-01T08:07:37Z
0056,2026-06-12,51.05,51.65,50.5,50.6,43124385,twstock/twse,2026-07-01T08:07:37Z
0056,2026-06-15,51.85,52,51.3,51.5,33706671,twstock/twse,2026-07-01T08:07:37Z
0056,2026-06-16,51.8,51.9,51.4,51.55,30454587,twstock/twse,2026-07-01T08:07:37Z
0056,2026-06-17,51.15,51.95,50.85,51.95,29771585,twstock/twse,2026-07-01T08:07:37Z
0056,2026-06-18,52.4,52.85,52.4,52.8,33652479,twstock/twse,2026-07-01T08:07:37Z
0056,2026-06-22,53.5,54.15,53.5,54.05,47649273,twstock/twse,2026-07-01T08:07:37Z
0056,2026-06-23,54.35,54.9,53.6,53.6,53667533,twstock/twse,2026-07-01T08:07:37Z
0056,2026-06-24,52.8,53.4,52.5,53.15,50678632,twstock/twse,2026-07-01T08:07:37Z
0056,2026-06-25,53.7,53.8,52.95,53.2,29133924,twstock/twse,2026-07-01T08:07:37Z
0056,2026-06-26,52.8,52.95,51.35,51.45,75502054,twstock/twse,2026-07-01T08:07:37Z
0056,2026-06-29,51.75,52.35,51.6,51.8,36288209,twstock/twse,2026-07-01T08:07:37Z
0056,2026-06-30,52.6,53.25,52.15,53.25,42298690,twstock/twse,2026-07-01T08:07:37Z
0056,2026-07-01,53.55,53.55,52.55,52.75,50422170,twstock/twse,2026-07-01T08:07:37Z
2317,2020-01-02,91,91.5,90.3,90.8,20758722,twstock/twse,2026-07-01T08:07:37Z
2317,2020-01-03,91.4,92.2,90.8,91.6,37936877,twstock/twse,2026-07-01T08:07:37Z
2317,2020-01-06,91.1,91.1,90.1,90.5,26352522,twstock/twse,2026-07-01T08:07:37Z
2317,2020-01-07,90.5,91,88.3,89.1,43978140,twstock/twse,2026-07-01T08:07:37Z
2317,2020-01-08,87.9,88.1,86.5,86.5,56101121,twstock/twse,2026-07-01T08:07:37Z
2317,2020-01-09,87.3,87.7,87,87.1,28513381,twstock/twse,2026-07-01T08:07:37Z
2317,2020-01-10,88,89,87.5,89,32264863,twstock/twse,2026-07-01T08:07:37Z
2317,2020-01-13,89.7,89.7,88.6,89.6,23369554,twstock/twse,2026-07-01T08:07:37Z
2317,2020-01-14,90,90.1,89.6,90,19568838,twstock/twse,2026-07-01T08:07:37Z
2317,2020-01-15,90,90.3,89.5,89.9,23798041,twstock/twse,2026-07-01T08:07:37Z
2317,2020-01-16,89.8,90.2,89.4,90,19281565,twstock/twse,2026-07-01T08:07:37Z
2317,2020-01-17,91,92.4,91,92.3,78180511,twstock/twse,2026-07-01T08:07:37Z
2317,2020-01-20,92.7,93.4,92.1,92.3,35277412,twstock/twse,2026-07-01T08:07:37Z
2317,2020-01-30,85.5,86.2,83.1,83.1,153655274,twstock/twse,2026-07-01T08:07:37Z
2317,2020-01-31,83,84.9,82.6,83.2,69686948,twstock/twse,2026-07-01T08:07:37Z
2317,2020-02-03,79.5,82.3,77.3,82.2,66666856,twstock/twse,2026-07-01T08:07:37Z
2317,2020-02-04,82.8,83.9,81.5,82.2,49697853,twstock/twse,2026-07-01T08:07:37Z
2317,2020-02-05,82.2,82.7,81.6,82.2,49302064,twstock/twse,2026-07-01T08:07:37Z
2317,2020-02-06,82.5,83.6,82.3,83.6,44278109,twstock/twse,2026-07-01T08:07:37Z
2317,2020-02-07,83.6,83.6,82.7,82.9,26495116,twstock/twse,2026-07-01T08:07:37Z
2317,2020-02-10,79,82.7,78.9,82,42505477,twstock/twse,2026-07-01T08:07:37Z
2317,2020-02-11,82.6,83.4,82.1,82.9,28310130,twstock/twse,2026-07-01T08:07:37Z
2317,2020-02-12,83,85.6,83,85.5,57339491,twstock/twse,2026-07-01T08:07:37Z
2317,2020-02-13,85.8,86.3,84.7,84.7,36204520,twstock/twse,2026-07-01T08:07:37Z
2317,2020-02-14,84.7,85.3,84.3,84.9,21292704,twstock/twse,2026-07-01T08:07:37Z
2317,2020-02-17,84.2,84.2,83.8,83.9,16771107,twstock/twse,2026-07-01T08:07:37Z
2317,2020-02-18,84,84.3,83,83.4,22611466,twstock/twse,2026-07-01T08:07:37Z
2317,2020-02-19,83,84.6,82.5,83.8,25476407,twstock/twse,2026-07-01T08:07:37Z
2317,2020-02-20,84,84.1,82.5,82.8,35972272,twstock/twse,2026-07-01T08:07:37Z
2317,2020-02-21,82.1,82.2,81.6,81.7,29778377,twstock/twse,2026-07-01T08:07:37Z
2317,2020-02-24,80.6,81.4,80.2,80.7,32852370,twstock/twse,2026-07-01T08:07:37Z
2317,2020-02-25,80.2,82.7,79.9,82.3,47213818,twstock/twse,2026-07-01T08:07:37Z
2317,2020-02-26,81.2,82.2,80.7,81.1,43075406,twstock/twse,2026-07-01T08:07:37Z
2317,2020-02-27,80.8,81.5,80,80.3,53384898,twstock/twse,2026-07-01T08:07:37Z
2317,2020-03-02,78.2,80.3,78.1,79.2,54992166,twstock/twse,2026-07-01T08:07:37Z
2317,2020-03-03,81.1,82,80.6,81,34822180,twstock/twse,2026-07-01T08:07:37Z
2317,2020-03-04,81.5,81.9,81.1,81.7,29907913,twstock/twse,2026-07-01T08:07:37Z
2317,2020-03-05,83.3,83.6,82.6,82.7,36950021,twstock/twse,2026-07-01T08:07:37Z
2317,2020-03-06,81.6,81.7,80.7,80.8,38712605,twstock/twse,2026-07-01T08:07:37Z
2317,2020-03-09,79.2,80.1,79.1,79.1,45009955,twstock/twse,2026-07-01T08:07:37Z
2317,2020-03-10,78.5,79.8,78.5,79.4,39205665,twstock/twse,2026-07-01T08:07:37Z
2317,2020-03-11,79.3,80.1,78.6,78.6,30546137,twstock/twse,2026-07-01T08:07:37Z
2317,2020-03-12,77.4,77.5,74.5,74.7,85760356,twstock/twse,2026-07-01T08:07:37Z
2317,2020-03-13,70,75,69.9,74.6,108780196,twstock/twse,2026-07-01T08:07:37Z
2317,2020-03-16,73.9,74.3,71.1,71.1,65223917,twstock/twse,2026-07-01T08:07:37Z
2317,2020-03-17,70.1,72.8,70,70.6,72635874,twstock/twse,2026-07-01T08:07:37Z
2317,2020-03-18,70.7,71.3,70,70,76268240,twstock/twse,2026-07-01T08:07:37Z
2317,2020-03-19,68.7,69.3,65.7,66.3,107256149,twstock/twse,2026-07-01T08:07:37Z
2317,2020-03-20,68,71.4,68,70.8,104299524,twstock/twse,2026-07-01T08:07:37Z
2317,2020-03-23,67.5,68.4,67,67.5,66805202,twstock/twse,2026-07-01T08:07:37Z
2317,2020-03-24,70.6,70.7,69.1,69.4,41628933,twstock/twse,2026-07-01T08:07:37Z
2317,2020-03-25,71.2,72.6,71.1,71.4,53652986,twstock/twse,2026-07-01T08:07:37Z
2317,2020-03-26,71.5,71.7,70.5,71,38695860,twstock/twse,2026-07-01T08:07:37Z
2317,2020-03-27,71.4,72.2,70,70.1,59785740,twstock/twse,2026-07-01T08:07:37Z
2317,2020-03-30,69.5,70.3,69,70,33595577,twstock/twse,2026-07-01T08:07:37Z
2317,2020-03-31,70.1,70.5,69.9,69.9,38298560,twstock/twse,2026-07-01T08:07:37Z
2317,2020-04-01,70.5,70.5,70,70,25810865,twstock/twse,2026-07-01T08:07:37Z
2317,2020-04-06,70,70.3,69.4,70.2,48957455,twstock/twse,2026-07-01T08:07:37Z
2317,2020-04-07,71.4,71.9,70.8,71.2,46626787,twstock/twse,2026-07-01T08:07:37Z
2317,2020-04-08,71.5,75.3,71.4,75,90172291,twstock/twse,2026-07-01T08:07:37Z
2317,2020-04-09,75.5,75.9,73.7,74,55267837,twstock/twse,2026-07-01T08:07:37Z
2317,2020-04-10,73.5,73.9,73.4,73.9,19079314,twstock/twse,2026-07-01T08:07:37Z
2317,2020-04-13,73.8,73.9,73.1,73.1,25076651,twstock/twse,2026-07-01T08:07:37Z
2317,2020-04-14,73.5,74.5,73.2,74.4,36772932,twstock/twse,2026-07-01T08:07:37Z
2317,2020-04-15,74.5,75.2,74.1,74.1,42208905,twstock/twse,2026-07-01T08:07:37Z
2317,2020-04-16,74,75,73.8,74,46873293,twstock/twse,2026-07-01T08:07:37Z
2317,2020-04-17,75.5,76.5,75.3,75.8,71076153,twstock/twse,2026-07-01T08:07:37Z
2317,2020-04-20,76.1,76.6,75.4,76.2,34062921,twstock/twse,2026-07-01T08:07:37Z
2317,2020-04-21,75.2,75.5,73.5,73.5,50476839,twstock/twse,2026-07-01T08:07:37Z
2317,2020-04-22,72.6,73.9,72.5,73.9,27664535,twstock/twse,2026-07-01T08:07:37Z
2317,2020-04-23,74.2,75.2,73.6,74,26918129,twstock/twse,2026-07-01T08:07:37Z
2317,2020-04-24,74,74.2,73.7,73.8,18097847,twstock/twse,2026-07-01T08:07:37Z
2317,2020-04-27,74.2,75.2,74.2,74.9,28422746,twstock/twse,2026-07-01T08:07:37Z
2317,2020-04-28,75.1,75.4,74.8,75.2,22472772,twstock/twse,2026-07-01T08:07:37Z
2317,2020-04-29,75.2,76.2,75.1,75.6,32618555,twstock/twse,2026-07-01T08:07:37Z
2317,2020-04-30,76.2,77,76,77,50247112,twstock/twse,2026-07-01T08:07:37Z
2317,2020-05-04,74,75,73.9,74.5,50274654,twstock/twse,2026-07-01T08:07:37Z
2317,2020-05-05,74.7,75,74,74.1,30499283,twstock/twse,2026-07-01T08:07:37Z
2317,2020-05-06,74.1,75.2,74.1,74.3,26782236,twstock/twse,2026-07-01T08:07:37Z
2317,2020-05-07,74.5,75.8,74.5,75.2,31856315,twstock/twse,2026-07-01T08:07:37Z
2317,2020-05-08,76.8,76.8,75.9,76.2,38394983,twstock/twse,2026-07-01T08:07:37Z
2317,2020-05-11,76.9,79.2,76.9,78.9,59444957,twstock/twse,2026-07-01T08:07:37Z
2317,2020-05-12,78.3,78.4,77,77.3,45434634,twstock/twse,2026-07-01T08:07:37Z
2317,2020-05-13,77.7,78.8,77.7,78.8,43132241,twstock/twse,2026-07-01T08:07:37Z
2317,2020-05-14,78,78.9,78,78.2,42128911,twstock/twse,2026-07-01T08:07:37Z
2317,2020-05-15,78.2,78.6,76.4,77.1,47550082,twstock/twse,2026-07-01T08:07:37Z
2317,2020-05-18,76.6,76.6,74.9,75,57978171,twstock/twse,2026-07-01T08:07:37Z
2317,2020-05-19,75.4,76,74.6,74.8,49410505,twstock/twse,2026-07-01T08:07:37Z
2317,2020-05-20,74.9,75.3,74.5,74.5,30828720,twstock/twse,2026-07-01T08:07:37Z
2317,2020-05-21,74.5,75,74.3,74.7,24213322,twstock/twse,2026-07-01T08:07:37Z
2317,2020-05-22,74.2,74.4,73.5,73.6,46433168,twstock/twse,2026-07-01T08:07:37Z
2317,2020-05-25,73.5,73.6,72.6,73.6,26982259,twstock/twse,2026-07-01T08:07:37Z
2317,2020-05-26,73.7,75.3,73.6,74.8,28310825,twstock/twse,2026-07-01T08:07:37Z
2317,2020-05-27,74.8,75.5,74.8,75.3,22380029,twstock/twse,2026-07-01T08:07:37Z
2317,2020-05-28,75.7,75.9,74.8,75.3,26184820,twstock/twse,2026-07-01T08:07:37Z
2317,2020-05-29,74.3,75.8,74.3,75.8,44896709,twstock/twse,2026-07-01T08:07:37Z
2317,2020-06-01,76,76.8,75.9,76.2,25890941,twstock/twse,2026-07-01T08:07:37Z
2317,2020-06-02,76.5,77.5,76.4,77.1,46411048,twstock/twse,2026-07-01T08:07:37Z
2317,2020-06-03,78,78.4,77.6,78.1,42871656,twstock/twse,2026-07-01T08:07:37Z
2317,2020-06-04,78.5,78.7,77.6,78.4,43657351,twstock/twse,2026-07-01T08:07:37Z
2317,2020-06-05,78.1,78.5,77.8,78.5,33935695,twstock/twse,2026-07-01T08:07:37Z
2317,2020-06-08,79.1,79.8,78.8,79.7,53575560,twstock/twse,2026-07-01T08:07:37Z
2317,2020-06-09,79.3,80.2,78.9,79.5,38143498,twstock/twse,2026-07-01T08:07:37Z
2317,2020-06-10,79.6,79.9,79.1,79.9,25863059,twstock/twse,2026-07-01T08:07:37Z
2317,2020-06-11,79.9,80.3,78.1,78.6,42535010,twstock/twse,2026-07-01T08:07:37Z
2317,2020-06-12,77.3,78,76.6,78,30382486,twstock/twse,2026-07-01T08:07:37Z
2317,2020-06-15,77.7,77.9,77,77,26332046,twstock/twse,2026-07-01T08:07:37Z
2317,2020-06-16,77.8,78.5,77.7,78.4,22339775,twstock/twse,2026-07-01T08:07:37Z
2317,2020-06-17,78.9,79,77.9,78.2,18039312,twstock/twse,2026-07-01T08:07:37Z
2317,2020-06-18,78.4,78.7,77.7,78.5,18089756,twstock/twse,2026-07-01T08:07:37Z
2317,2020-06-19,78.6,78.9,78.1,78.8,35887232,twstock/twse,2026-07-01T08:07:37Z
2317,2020-06-22,78.7,78.9,78.2,78.9,16769227,twstock/twse,2026-07-01T08:07:37Z
2317,2020-06-23,79.6,80.7,79.3,80.2,45708143,twstock/twse,2026-07-01T08:07:37Z
2317,2020-06-24,81.1,83.5,81,83.5,88391479,twstock/twse,2026-07-01T08:07:37Z
2317,2020-06-29,83.6,85.8,83.4,85.2,98493392,twstock/twse,2026-07-01T08:07:37Z
2317,2020-06-30,86,86.4,85.7,86.3,57741437,twstock/twse,2026-07-01T08:07:37Z
2317,2020-07-01,86.5,87.6,85.5,85.9,44576514,twstock/twse,2026-07-01T08:07:37Z
2317,2020-07-02,85.8,86,84.6,86,34490431,twstock/twse,2026-07-01T08:07:37Z
2317,2020-07-03,86.1,86.2,85.1,85.3,44883049,twstock/twse,2026-07-01T08:07:37Z
2317,2020-07-06,85.7,86.6,85.6,86.4,44370881,twstock/twse,2026-07-01T08:07:37Z
2317,2020-07-07,87.1,87.5,85.6,87,52853744,twstock/twse,2026-07-01T08:07:37Z
2317,2020-07-08,87,87.3,86.6,87,40532208,twstock/twse,2026-07-01T08:07:37Z
2317,2020-07-09,87.3,87.4,85.8,86.2,51421490,twstock/twse,2026-07-01T08:07:37Z
2317,2020-07-10,86.2,86.2,84.8,84.8,55453243,twstock/twse,2026-07-01T08:07:37Z
2317,2020-07-13,85.4,86.7,85.4,86.7,36625700,twstock/twse,2026-07-01T08:07:37Z
2317,2020-07-14,86.8,87.5,86.3,86.3,34934410,twstock/twse,2026-07-01T08:07:37Z
2317,2020-07-15,86.6,87.2,86.5,86.6,47807002,twstock/twse,2026-07-01T08:07:37Z
2317,2020-07-16,87,88,86.9,87.6,50530654,twstock/twse,2026-07-01T08:07:37Z
2317,2020-07-17,88.3,88.6,87.6,88,48813379,twstock/twse,2026-07-01T08:07:37Z
2317,2020-07-20,88,88,85,86.8,74478567,twstock/twse,2026-07-01T08:07:37Z
2317,2020-07-21,86,86.1,85.1,85.3,74962395,twstock/twse,2026-07-01T08:07:37Z
2317,2020-07-22,85.3,86,85.1,85.9,73724655,twstock/twse,2026-07-01T08:07:37Z
2317,2020-07-23,81.3,82.5,81.1,82.1,79361972,twstock/twse,2026-07-01T08:07:37Z
2317,2020-07-24,81.5,81.9,80,80,50435732,twstock/twse,2026-07-01T08:07:37Z
2317,2020-07-27,79.6,79.9,78,78,68636332,twstock/twse,2026-07-01T08:07:37Z
2317,2020-07-28,77.8,82.7,77.3,78.4,89739664,twstock/twse,2026-07-01T08:07:37Z
2317,2020-07-29,78.6,79.8,78,78,39362154,twstock/twse,2026-07-01T08:07:37Z
2317,2020-07-30,78.7,78.8,77.5,78,40501045,twstock/twse,2026-07-01T08:07:37Z
2317,2020-07-31,78.5,79.4,78.4,78.4,47089202,twstock/twse,2026-07-01T08:07:37Z
2317,2020-08-03,78.4,78.9,77.1,77.1,61172243,twstock/twse,2026-07-01T08:07:37Z
2317,2020-08-04,77.7,78.2,77.5,78.1,23090382,twstock/twse,2026-07-01T08:07:37Z
2317,2020-08-05,78.3,78.5,77.9,77.9,27876127,twstock/twse,2026-07-01T08:07:37Z
2317,2020-08-06,79.3,79.7,78.5,79,33250505,twstock/twse,2026-07-01T08:07:37Z
2317,2020-08-07,79.6,79.6,78.3,78.3,21862438,twstock/twse,2026-07-01T08:07:37Z
2317,2020-08-10,79.2,80.9,79.1,80.5,49798520,twstock/twse,2026-07-01T08:07:37Z
2317,2020-08-11,81,81.1,79.6,79.8,30816578,twstock/twse,2026-07-01T08:07:37Z
2317,2020-08-12,80.9,81.5,79.9,81.4,45677601,twstock/twse,2026-07-01T08:07:37Z
2317,2020-08-13,82,82.3,79.2,79.5,91723728,twstock/twse,2026-07-01T08:07:37Z
2317,2020-08-14,79.8,80.7,79.6,80.4,35459498,twstock/twse,2026-07-01T08:07:37Z
2317,2020-08-17,80.7,80.7,80,80.2,23622631,twstock/twse,2026-07-01T08:07:37Z
2317,2020-08-18,80.5,80.5,79.3,79.8,33226399,twstock/twse,2026-07-01T08:07:37Z
2317,2020-08-19,80.9,80.9,79.3,79.3,34690778,twstock/twse,2026-07-01T08:07:37Z
2317,2020-08-20,79.6,79.9,75.6,77.1,62249250,twstock/twse,2026-07-01T08:07:37Z
2317,2020-08-21,78.2,78.4,77.5,78.2,24487793,twstock/twse,2026-07-01T08:07:37Z
2317,2020-08-24,78.2,78.4,77.6,77.6,21801923,twstock/twse,2026-07-01T08:07:37Z
2317,2020-08-25,78.1,78.5,77.8,78.3,17655262,twstock/twse,2026-07-01T08:07:37Z
2317,2020-08-26,78.3,78.4,77.9,78.2,16286412,twstock/twse,2026-07-01T08:07:37Z
2317,2020-08-27,78.2,78.7,77.5,77.5,24154047,twstock/twse,2026-07-01T08:07:37Z
2317,2020-08-28,77.4,78.2,77.1,77.5,25486462,twstock/twse,2026-07-01T08:07:37Z
2317,2020-08-31,77.8,78,76.9,76.9,30590373,twstock/twse,2026-07-01T08:07:37Z
2317,2020-09-01,76.9,77.3,76.4,77,22918104,twstock/twse,2026-07-01T08:07:37Z
2317,2020-09-02,77.2,77.8,77,77.8,24934189,twstock/twse,2026-07-01T08:07:37Z
2317,2020-09-03,78.8,79.3,77.6,77.7,41884369,twstock/twse,2026-07-01T08:07:37Z
2317,2020-09-04,77,77.3,76.6,76.9,36806710,twstock/twse,2026-07-01T08:07:37Z
2317,2020-09-07,76.8,77.5,76.8,77.3,21248188,twstock/twse,2026-07-01T08:07:37Z
2317,2020-09-08,77.7,78.1,77.3,77.5,26249612,twstock/twse,2026-07-01T08:07:37Z
2317,2020-09-09,77.3,77.9,76.6,77.9,22505471,twstock/twse,2026-07-01T08:07:37Z
2317,2020-09-10,78,78.7,78,78.5,29117204,twstock/twse,2026-07-01T08:07:37Z
2317,2020-09-11,78.5,78.5,78,78.5,16132726,twstock/twse,2026-07-01T08:07:37Z
2317,2020-09-14,78.8,79.5,78.6,79.4,27029525,twstock/twse,2026-07-01T08:07:37Z
2317,2020-09-15,79.4,79.4,78.9,79.1,16938546,twstock/twse,2026-07-01T08:07:37Z
2317,2020-09-16,79.4,79.4,78.6,78.8,18122360,twstock/twse,2026-07-01T08:07:37Z
2317,2020-09-17,78.6,79.1,78,78.1,20784040,twstock/twse,2026-07-01T08:07:37Z
2317,2020-09-18,77.9,78.2,77.5,77.6,32663875,twstock/twse,2026-07-01T08:07:37Z
2317,2020-09-21,77.6,78.3,77.3,77.4,19006472,twstock/twse,2026-07-01T08:07:37Z
2317,2020-09-22,77.3,77.3,76.5,76.8,25601394,twstock/twse,2026-07-01T08:07:37Z
2317,2020-09-23,77,77.2,76.6,76.7,18141854,twstock/twse,2026-07-01T08:07:37Z
2317,2020-09-24,76.1,76.4,75,75,57338020,twstock/twse,2026-07-01T08:07:37Z
2317,2020-09-25,75.4,75.7,74.1,74.3,38124876,twstock/twse,2026-07-01T08:07:37Z
2317,2020-09-28,74.9,76.9,74.8,76.9,32250992,twstock/twse,2026-07-01T08:07:37Z
2317,2020-09-29,77.3,78.4,77,77,36475973,twstock/twse,2026-07-01T08:07:37Z
2317,2020-09-30,78,78,77.3,77.4,19229698,twstock/twse,2026-07-01T08:07:37Z
2317,2020-10-05,78.2,78.5,77.5,77.7,19075464,twstock/twse,2026-07-01T08:07:37Z
2317,2020-10-06,78.1,78.2,77.6,77.8,16976308,twstock/twse,2026-07-01T08:07:37Z
2317,2020-10-07,77.4,77.8,77.1,77.4,17236406,twstock/twse,2026-07-01T08:07:37Z
2317,2020-10-08,77.8,78,77.5,78,14942266,twstock/twse,2026-07-01T08:07:37Z
2317,2020-10-12,78.4,78.8,78.1,78.7,38085427,twstock/twse,2026-07-01T08:07:37Z
2317,2020-10-13,79,79.1,78.1,78.9,22946661,twstock/twse,2026-07-01T08:07:37Z
2317,2020-10-14,78.1,78.8,78,78,42431974,twstock/twse,2026-07-01T08:07:37Z
2317,2020-10-15,77.7,78.5,77.6,78.1,26260704,twstock/twse,2026-07-01T08:07:37Z
2317,2020-10-16,78.4,79.9,78.2,78.6,48409062,twstock/twse,2026-07-01T08:07:37Z
2317,2020-10-19,80,81.5,79.7,81.3,85721985,twstock/twse,2026-07-01T08:07:37Z
2317,2020-10-20,81.5,82,80.8,81.4,45688857,twstock/twse,2026-07-01T08:07:37Z
2317,2020-10-21,81.5,81.5,80.3,80.4,32456107,twstock/twse,2026-07-01T08:07:37Z
2317,2020-10-22,80.8,80.8,80.3,80.8,24773904,twstock/twse,2026-07-01T08:07:37Z
2317,2020-10-23,81.2,81.4,80.5,80.7,18968821,twstock/twse,2026-07-01T08:07:37Z
2317,2020-10-26,81.1,81.1,80,80.2,14376600,twstock/twse,2026-07-01T08:07:37Z
2317,2020-10-27,79.9,80,79.4,80,21240221,twstock/twse,2026-07-01T08:07:37Z
2317,2020-10-28,79.4,79.7,78.2,78.3,33914127,twstock/twse,2026-07-01T08:07:37Z
2317,2020-10-29,77.6,78.2,76.8,78,30618945,twstock/twse,2026-07-01T08:07:37Z
2317,2020-10-30,77.6,78.2,77.1,77.5,26399018,twstock/twse,2026-07-01T08:07:37Z
2317,2020-11-02,77.5,78.3,77.4,78.3,17820319,twstock/twse,2026-07-01T08:07:37Z
2317,2020-11-03,78.5,78.8,78.1,78.3,14624015,twstock/twse,2026-07-01T08:07:37Z
2317,2020-11-04,78.4,79.4,78,78.8,18927508,twstock/twse,2026-07-01T08:07:37Z
2317,2020-11-05,79,79.3,78.5,79,14675062,twstock/twse,2026-07-01T08:07:37Z
2317,2020-11-06,79.6,79.9,79.3,79.7,21927838,twstock/twse,2026-07-01T08:07:37Z
2317,2020-11-09,80.7,81.5,80.5,81.2,42301888,twstock/twse,2026-07-01T08:07:37Z
2317,2020-11-10,81.1,81.2,80.3,80.8,21869925,twstock/twse,2026-07-01T08:07:37Z
2317,2020-11-11,80.8,81.7,80.4,81.6,36850179,twstock/twse,2026-07-01T08:07:37Z
2317,2020-11-12,81.7,82,80.8,81.9,44996299,twstock/twse,2026-07-01T08:07:37Z
2317,2020-11-13,81.9,82,80.9,81.4,32250189,twstock/twse,2026-07-01T08:07:37Z
2317,2020-11-16,82,82.9,81.9,82.6,50715538,twstock/twse,2026-07-01T08:07:37Z
2317,2020-11-17,83.1,83.3,82.3,83,45390693,twstock/twse,2026-07-01T08:07:37Z
2317,2020-11-18,82.9,83.4,82.7,83.2,30992749,twstock/twse,2026-07-01T08:07:37Z
2317,2020-11-19,82.7,83.2,82.5,82.9,23992520,twstock/twse,2026-07-01T08:07:37Z
2317,2020-11-20,83.3,83.3,82.1,82.5,24856126,twstock/twse,2026-07-01T08:07:37Z
2317,2020-11-23,82.9,83.2,82.5,82.9,24645027,twstock/twse,2026-07-01T08:07:37Z
2317,2020-11-24,83.1,83.1,82,82,22997794,twstock/twse,2026-07-01T08:07:37Z
2317,2020-11-25,82.4,82.5,81.5,82,23351912,twstock/twse,2026-07-01T08:07:37Z
2317,2020-11-26,82.6,83.2,82.5,83,35654143,twstock/twse,2026-07-01T08:07:37Z
2317,2020-11-27,83,83,82.5,82.6,21516682,twstock/twse,2026-07-01T08:07:37Z
2317,2020-11-30,82.7,83,82,82.3,66105032,twstock/twse,2026-07-01T08:07:37Z
2317,2020-12-01,82.5,82.9,82.2,82.9,24824339,twstock/twse,2026-07-01T08:07:37Z
2317,2020-12-02,83,83.3,82.4,82.7,38583640,twstock/twse,2026-07-01T08:07:37Z
2317,2020-12-03,82.3,82.4,81.9,82,30688528,twstock/twse,2026-07-01T08:07:37Z
2317,2020-12-04,83,83.4,82.6,82.9,48068126,twstock/twse,2026-07-01T08:07:37Z
2317,2020-12-07,83.3,88.1,83.1,87.9,163867512,twstock/twse,2026-07-01T08:07:37Z
2317,2020-12-08,88.4,89.7,87.3,87.6,118755890,twstock/twse,2026-07-01T08:07:37Z
2317,2020-12-09,88.5,89.3,88.2,89,67952932,twstock/twse,2026-07-01T08:07:37Z
2317,2020-12-10,88.4,88.7,87.1,87.7,54580931,twstock/twse,2026-07-01T08:07:37Z
2317,2020-12-11,88.5,88.5,85.8,87.6,61349293,twstock/twse,2026-07-01T08:07:37Z
2317,2020-12-14,88.3,89,87.7,87.7,47987980,twstock/twse,2026-07-01T08:07:37Z
2317,2020-12-15,88.3,88.3,86.5,87.1,38956460,twstock/twse,2026-07-01T08:07:37Z
2317,2020-12-16,88,88.2,87.4,88.2,47026342,twstock/twse,2026-07-01T08:07:37Z
2317,2020-12-17,88.3,88.4,87.6,87.8,28097957,twstock/twse,2026-07-01T08:07:37Z
2317,2020-12-18,88.1,88.2,87.5,87.7,27787804,twstock/twse,2026-07-01T08:07:37Z
2317,2020-12-21,88.1,88.5,86.9,88,28905010,twstock/twse,2026-07-01T08:07:37Z
2317,2020-12-22,88,90.5,87.5,87.7,94049036,twstock/twse,2026-07-01T08:07:37Z
2317,2020-12-23,88.5,89.4,88.3,88.8,56278242,twstock/twse,2026-07-01T08:07:37Z
2317,2020-12-24,89.5,89.9,89,89.6,41263965,twstock/twse,2026-07-01T08:07:37Z
2317,2020-12-25,90.9,92.2,90.8,91.8,114607503,twstock/twse,2026-07-01T08:07:37Z
2317,2020-12-28,92.4,93,91.8,91.8,67626965,twstock/twse,2026-07-01T08:07:37Z
2317,2020-12-29,91.8,91.8,90.4,90.4,46148101,twstock/twse,2026-07-01T08:07:37Z
2317,2020-12-30,91,91.6,90.1,91.6,40526518,twstock/twse,2026-07-01T08:07:37Z
2317,2020-12-31,91.5,92,91.1,92,32420293,twstock/twse,2026-07-01T08:07:37Z
2317,2021-01-04,93.4,100,93.3,99.9,233726746,twstock/twse,2026-07-01T08:07:37Z
2317,2021-01-05,101,105,101,104,234178116,twstock/twse,2026-07-01T08:07:37Z
2317,2021-01-06,107.5,109,102,105,222119287,twstock/twse,2026-07-01T08:07:37Z
2317,2021-01-07,108,108,105.5,107,114653734,twstock/twse,2026-07-01T08:07:37Z
2317,2021-01-08,109,109.5,106,108,115547259,twstock/twse,2026-07-01T08:07:37Z
2317,2021-01-11,108,109,106.5,107.5,70525408,twstock/twse,2026-07-01T08:07:37Z
2317,2021-01-12,106.5,107,103,104,106622057,twstock/twse,2026-07-01T08:07:37Z
2317,2021-01-13,105,107,105,106.5,83561136,twstock/twse,2026-07-01T08:07:37Z
2317,2021-01-14,109,117,108,116,321271715,twstock/twse,2026-07-01T08:07:37Z
2317,2021-01-15,118,119,113,115.5,171273151,twstock/twse,2026-07-01T08:07:37Z
2317,2021-01-18,115.5,116,111,114,95824657,twstock/twse,2026-07-01T08:07:37Z
2317,2021-01-19,115,116.5,114,115,95320325,twstock/twse,2026-07-01T08:07:37Z
2317,2021-01-20,116.5,118.5,114,114.5,133839555,twstock/twse,2026-07-01T08:07:37Z
2317,2021-01-21,116.5,117.5,115,117,88148629,twstock/twse,2026-07-01T08:07:37Z
2317,2021-01-22,117.5,121.5,117,121.5,222771956,twstock/twse,2026-07-01T08:07:37Z
2317,2021-01-25,122,124,117.5,123,144137047,twstock/twse,2026-07-01T08:07:37Z
2317,2021-01-26,122.5,125,120,122,129763217,twstock/twse,2026-07-01T08:07:37Z
2317,2021-01-27,124,124.5,122.5,123,100937464,twstock/twse,2026-07-01T08:07:37Z
2317,2021-01-28,120,121,118,118.5,126109713,twstock/twse,2026-07-01T08:07:37Z
2317,2021-01-29,119,120,111.5,111.5,182193247,twstock/twse,2026-07-01T08:07:37Z
2317,2021-02-01,111,114.5,108,113,126542433,twstock/twse,2026-07-01T08:07:37Z
2317,2021-02-02,115,118,114,116.5,84723356,twstock/twse,2026-07-01T08:07:37Z
2317,2021-02-03,118,118.5,115,116.5,61266257,twstock/twse,2026-07-01T08:07:37Z
2317,2021-02-04,114.5,116,113,114,64821924,twstock/twse,2026-07-01T08:07:37Z
2317,2021-02-05,115,116.5,113,113.5,88545854,twstock/twse,2026-07-01T08:07:37Z
2317,2021-02-17,115,116,112.5,114,91569404,twstock/twse,2026-07-01T08:07:37Z
2317,2021-02-18,113.5,114.5,113,113,47383973,twstock/twse,2026-07-01T08:07:37Z
2317,2021-02-19,112,112.5,109.5,110,87882501,twstock/twse,2026-07-01T08:07:37Z
2317,2021-02-22,111.5,114,111,111,60772150,twstock/twse,2026-07-01T08:07:37Z
2317,2021-02-23,109.5,112.5,108.5,111.5,51483656,twstock/twse,2026-07-01T08:07:37Z
2317,2021-02-24,112,114,110.5,110.5,59398315,twstock/twse,2026-07-01T08:07:37Z
2317,2021-02-25,115,116.5,114,116.5,113086563,twstock/twse,2026-07-01T08:07:37Z
2317,2021-02-26,114.5,115,112,112,122126804,twstock/twse,2026-07-01T08:07:37Z
2317,2021-03-02,114.5,114.5,112,112,54679187,twstock/twse,2026-07-01T08:07:37Z
2317,2021-03-03,113,116,112,115.5,90671041,twstock/twse,2026-07-01T08:07:37Z
2317,2021-03-04,115.5,116,112,114.5,79491784,twstock/twse,2026-07-01T08:07:37Z
2317,2021-03-05,113.5,116,112.5,115,87263439,twstock/twse,2026-07-01T08:07:37Z
2317,2021-03-08,116,116.5,113,113.5,54725412,twstock/twse,2026-07-01T08:07:37Z
2317,2021-03-09,113,115,112,115,44151477,twstock/twse,2026-07-01T08:07:37Z
2317,2021-03-10,116,117,115,115.5,49011206,twstock/twse,2026-07-01T08:07:37Z
2317,2021-03-11,116.5,118,116,117,76015788,twstock/twse,2026-07-01T08:07:37Z
2317,2021-03-12,117.5,120,117.5,120,97811913,twstock/twse,2026-07-01T08:07:37Z
2317,2021-03-15,120,122,118.5,121,70166127,twstock/twse,2026-07-01T08:07:37Z
2317,2021-03-16,121.5,123.5,121,123,93898518,twstock/twse,2026-07-01T08:07:37Z
2317,2021-03-17,123.5,128,123,126,145610279,twstock/twse,2026-07-01T08:07:37Z
2317,2021-03-18,128,131.5,128,129.5,139458505,twstock/twse,2026-07-01T08:07:37Z
2317,2021-03-19,127,127,123.5,123.5,168584321,twstock/twse,2026-07-01T08:07:37Z
2317,2021-03-22,124,130,124,130,110246598,twstock/twse,2026-07-01T08:07:37Z
2317,2021-03-23,133,134.5,130,130.5,114215010,twstock/twse,2026-07-01T08:07:37Z
2317,2021-03-24,130,132,126.5,128,83454915,twstock/twse,2026-07-01T08:07:37Z
2317,2021-03-25,127,129.5,125.5,126.5,68884133,twstock/twse,2026-07-01T08:07:37Z
2317,2021-03-26,127.5,128,126,126.5,53269507,twstock/twse,2026-07-01T08:07:37Z
2317,2021-03-29,128,129,127.5,128.5,41716728,twstock/twse,2026-07-01T08:07:37Z
2317,2021-03-30,129.5,130,128.5,129.5,47600474,twstock/twse,2026-07-01T08:07:37Z
2317,2021-03-31,125,126.5,123,124,132523915,twstock/twse,2026-07-01T08:07:37Z
2317,2021-04-01,124.5,125.5,120.5,121.5,97942681,twstock/twse,2026-07-01T08:07:37Z
2317,2021-04-06,123.5,124,122,122.5,42038412,twstock/twse,2026-07-01T08:07:37Z
2317,2021-04-07,124,124.5,122.5,123.5,34046989,twstock/twse,2026-07-01T08:07:37Z
2317,2021-04-08,123,123,121.5,122.5,39136758,twstock/twse,2026-07-01T08:07:37Z
2317,2021-04-09,123,123,120,120,81190769,twstock/twse,2026-07-01T08:07:37Z
2317,2021-04-12,120,122,119,120.5,69698881,twstock/twse,2026-07-01T08:07:37Z
2317,2021-04-13,121.5,123,121,122.5,49938841,twstock/twse,2026-07-01T08:07:37Z
2317,2021-04-14,123,123.5,119,121.5,53715724,twstock/twse,2026-07-01T08:07:37Z
2317,2021-04-15,121,121,119.5,121,39721032,twstock/twse,2026-07-01T08:07:37Z
2317,2021-04-16,122,124,122,123.5,53301304,twstock/twse,2026-07-01T08:07:37Z
2317,2021-04-19,123.5,123.5,121.5,121.5,32456085,twstock/twse,2026-07-01T08:07:37Z
2317,2021-04-20,121.5,122,121,122,26315401,twstock/twse,2026-07-01T08:07:37Z
2317,2021-04-21,121,121.5,120,120,35462621,twstock/twse,2026-07-01T08:07:37Z
2317,2021-04-22,122,122,117.5,117.5,68387339,twstock/twse,2026-07-01T08:07:37Z
2317,2021-04-23,117,119,117,119,39536828,twstock/twse,2026-07-01T08:07:37Z
2317,2021-04-26,119.5,120,117.5,117.5,41610001,twstock/twse,2026-07-01T08:07:37Z
2317,2021-04-27,118.5,120.5,118,118.5,54687858,twstock/twse,2026-07-01T08:07:37Z
2317,2021-04-28,118,118.5,117,117,39359343,twstock/twse,2026-07-01T08:07:37Z
2317,2021-04-29,118,118.5,116,116,46015350,twstock/twse,2026-07-01T08:07:37Z
2317,2021-05-03,115,115,112,112.5,72538032,twstock/twse,2026-07-01T08:07:37Z
2317,2021-05-04,112,112,107.5,108.5,89596108,twstock/twse,2026-07-01T08:07:37Z
2317,2021-05-05,110,113.5,110,110,65838793,twstock/twse,2026-07-01T08:07:37Z
2317,2021-05-06,112,113,110.5,112.5,38108953,twstock/twse,2026-07-01T08:07:37Z
2317,2021-05-07,114.5,117.5,114,117.5,60794976,twstock/twse,2026-07-01T08:07:37Z
2317,2021-05-10,116,116.5,113,113,41895494,twstock/twse,2026-07-01T08:07:37Z
2317,2021-05-11,109.5,110,106,107,81061955,twstock/twse,2026-07-01T08:07:37Z
2317,2021-05-12,104,106.5,96.5,102,150803046,twstock/twse,2026-07-01T08:07:37Z
2317,2021-05-13,99.5,105,98.2,103,70831609,twstock/twse,2026-07-01T08:07:37Z
2317,2021-05-14,105,106,103.5,104.5,44125994,twstock/twse,2026-07-01T08:07:37Z
2317,2021-05-17,100,102,97.1,98.2,97655746,twstock/twse,2026-07-01T08:07:37Z
2317,2021-05-18,101.5,107.5,101,107,81996675,twstock/twse,2026-07-01T08:07:37Z
2317,2021-05-19,106.5,106.5,104,105,47578836,twstock/twse,2026-07-01T08:07:37Z
2317,2021-05-20,105,106.5,104.5,106,45667137,twstock/twse,2026-07-01T08:07:37Z
2317,2021-05-21,108,110,108,109.5,54294943,twstock/twse,2026-07-01T08:07:37Z
2317,2021-05-24,108.5,110,108,109.5,31185744,twstock/twse,2026-07-01T08:07:37Z
2317,2021-05-25,111,113,110.5,112,51415212,twstock/twse,2026-07-01T08:07:37Z
2317,2021-05-26,113.5,113.5,110.5,111.5,24843379,twstock/twse,2026-07-01T08:07:37Z
2317,2021-05-27,110,110.5,107.5,109.5,61345941,twstock/twse,2026-07-01T08:07:37Z
2317,2021-05-28,110.5,111.5,110,111,26999728,twstock/twse,2026-07-01T08:07:37Z
2317,2021-05-31,112,113.5,111.5,113.5,34363475,twstock/twse,2026-07-01T08:07:37Z
2317,2021-06-01,114.5,115,113.5,114.5,22421329,twstock/twse,2026-07-01T08:07:37Z
2317,2021-06-02,115,115.5,111,112,33224565,twstock/twse,2026-07-01T08:07:37Z
2317,2021-06-03,113,113,110.5,111,24092372,twstock/twse,2026-07-01T08:07:37Z
2317,2021-06-04,110,112.5,109,112,30062210,twstock/twse,2026-07-01T08:07:37Z
2317,2021-06-07,112.5,112.5,109,110.5,20456903,twstock/twse,2026-07-01T08:07:37Z
2317,2021-06-08,111,111.5,110,110.5,18593259,twstock/twse,2026-07-01T08:07:37Z
2317,2021-06-09,110,111,109.5,109.5,23900252,twstock/twse,2026-07-01T08:07:37Z
2317,2021-06-10,110,111.5,109.5,110.5,19385582,twstock/twse,2026-07-01T08:07:37Z
2317,2021-06-11,111.5,114.5,111.5,113.5,38750164,twstock/twse,2026-07-01T08:07:37Z
2317,2021-06-15,113.5,114.5,112,113,23669454,twstock/twse,2026-07-01T08:07:37Z
2317,2021-06-16,112,113,111.5,111.5,24015917,twstock/twse,2026-07-01T08:07:37Z
2317,2021-06-17,110.5,113,110,113,18216980,twstock/twse,2026-07-01T08:07:37Z
2317,2021-06-18,112.5,113,111.5,111.5,30836806,twstock/twse,2026-07-01T08:07:37Z
2317,2021-06-21,110.5,110.5,108.5,108.5,35268628,twstock/twse,2026-07-01T08:07:37Z
2317,2021-06-22,109.5,110,108.5,108.5,22187502,twstock/twse,2026-07-01T08:07:37Z
2317,2021-06-23,109,112,108.5,111.5,27861665,twstock/twse,2026-07-01T08:07:37Z
2317,2021-06-24,111.5,114,111,113,32245265,twstock/twse,2026-07-01T08:07:37Z
2317,2021-06-25,114,115,113,113,35822902,twstock/twse,2026-07-01T08:07:37Z
2317,2021-06-28,113,113.5,111,111.5,23851540,twstock/twse,2026-07-01T08:07:37Z
2317,2021-06-29,112.5,112.5,111.5,111.5,17814779,twstock/twse,2026-07-01T08:07:37Z
2317,2021-06-30,112,113.5,112,112,31230317,twstock/twse,2026-07-01T08:07:37Z
2317,2021-07-01,112.5,112.5,111.5,112,16011423,twstock/twse,2026-07-01T08:07:37Z
2317,2021-07-02,112,112.5,111.5,111.5,16766612,twstock/twse,2026-07-01T08:07:37Z
2317,2021-07-05,112.5,117,112,117,80686116,twstock/twse,2026-07-01T08:07:37Z
2317,2021-07-06,116.5,117.5,115.5,116.5,44138854,twstock/twse,2026-07-01T08:07:37Z
2317,2021-07-07,116.5,117,115,115,28054333,twstock/twse,2026-07-01T08:07:37Z
2317,2021-07-08,115,116.5,115,115.5,23917768,twstock/twse,2026-07-01T08:07:37Z
2317,2021-07-09,114.5,115,113,114,28610616,twstock/twse,2026-07-01T08:07:37Z
2317,2021-07-12,115.5,116,114.5,115,17647120,twstock/twse,2026-07-01T08:07:37Z
2317,2021-07-13,116,117,115.5,116.5,36808740,twstock/twse,2026-07-01T08:07:37Z
2317,2021-07-14,117.5,117.5,116,116,27249198,twstock/twse,2026-07-01T08:07:37Z
2317,2021-07-15,117,120,116.5,119.5,63085625,twstock/twse,2026-07-01T08:07:37Z
2317,2021-07-16,118.5,119.5,118,119.5,33812892,twstock/twse,2026-07-01T08:07:37Z
2317,2021-07-19,118.5,119,116,116.5,31942648,twstock/twse,2026-07-01T08:07:37Z
2317,2021-07-20,115,116,114.5,114.5,26486822,twstock/twse,2026-07-01T08:07:37Z
2317,2021-07-21,116,116,112,112.5,63825965,twstock/twse,2026-07-01T08:07:37Z
2317,2021-07-22,109,112.5,108.5,110.5,60124515,twstock/twse,2026-07-01T08:07:37Z
2317,2021-07-23,112,112,110,110.5,21722648,twstock/twse,2026-07-01T08:07:37Z
2317,2021-07-26,111,111,108.5,110,33652939,twstock/twse,2026-07-01T08:07:37Z
2317,2021-07-27,111,112,110,111.5,28379286,twstock/twse,2026-07-01T08:07:37Z
2317,2021-07-28,110.5,111,109,110.5,32814950,twstock/twse,2026-07-01T08:07:37Z
2317,2021-07-29,111,111.5,110,111,20902566,twstock/twse,2026-07-01T08:07:37Z
2317,2021-07-30,110,111.5,109.5,110,29089453,twstock/twse,2026-07-01T08:07:37Z
2317,2021-08-02,111,113,110,113,24500264,twstock/twse,2026-07-01T08:07:37Z
2317,2021-08-03,112.5,113,110.5,111.5,24697233,twstock/twse,2026-07-01T08:07:37Z
2317,2021-08-04,112,112.5,111,112,21287183,twstock/twse,2026-07-01T08:07:37Z
2317,2021-08-05,111,112,111,112,20014604,twstock/twse,2026-07-01T08:07:37Z
2317,2021-08-06,111.5,113,111,112.5,41391590,twstock/twse,2026-07-01T08:07:37Z
2317,2021-08-09,112,112.5,111,112,23280701,twstock/twse,2026-07-01T08:07:37Z
2317,2021-08-10,111.5,112,108.5,108.5,43432544,twstock/twse,2026-07-01T08:07:37Z
2317,2021-08-11,107,109,106,109,49868351,twstock/twse,2026-07-01T08:07:37Z
2317,2021-08-12,109,109.5,108,109,18592236,twstock/twse,2026-07-01T08:07:37Z
2317,2021-08-13,109.5,110,108,109,46681998,twstock/twse,2026-07-01T08:07:37Z
2317,2021-08-16,108.5,109,106.5,107.5,35027999,twstock/twse,2026-07-01T08:07:37Z
2317,2021-08-17,107.5,108,106,106.5,26076961,twstock/twse,2026-07-01T08:07:37Z
2317,2021-08-18,105.5,107.5,104.5,107,36974897,twstock/twse,2026-07-01T08:07:37Z
2317,2021-08-19,106,106,102.5,103,52199317,twstock/twse,2026-07-01T08:07:37Z
2317,2021-08-20,104,106,102,104.5,30552525,twstock/twse,2026-07-01T08:07:37Z
2317,2021-08-23,105.5,108,105.5,107.5,24065630,twstock/twse,2026-07-01T08:07:37Z
2317,2021-08-24,108.5,109,107.5,109,18000797,twstock/twse,2026-07-01T08:07:37Z
2317,2021-08-25,109,109,107.5,108.5,14477188,twstock/twse,2026-07-01T08:07:37Z
2317,2021-08-26,108.5,109,107,107.5,13135805,twstock/twse,2026-07-01T08:07:37Z
2317,2021-08-27,107.5,108.5,106.5,108,13875837,twstock/twse,2026-07-01T08:07:37Z
2317,2021-08-30,108.5,109,107.5,109,14000606,twstock/twse,2026-07-01T08:07:37Z
2317,2021-08-31,108.5,111,108,111,30641222,twstock/twse,2026-07-01T08:07:37Z
2317,2021-09-01,111,112,110,111,22374844,twstock/twse,2026-07-01T08:07:37Z
2317,2021-09-02,111,113,110.5,111.5,29727679,twstock/twse,2026-07-01T08:07:37Z
2317,2021-09-03,112,113,111.5,112.5,24501274,twstock/twse,2026-07-01T08:07:37Z
2317,2021-09-06,112.5,113,110.5,111,18445528,twstock/twse,2026-07-01T08:07:37Z
2317,2021-09-07,109.5,110,108,108.5,23359117,twstock/twse,2026-07-01T08:07:37Z
2317,2021-09-08,108.5,109.5,107,107.5,28705746,twstock/twse,2026-07-01T08:07:37Z
2317,2021-09-09,106.5,107.5,106,107,20446876,twstock/twse,2026-07-01T08:07:37Z
2317,2021-09-10,107,108.5,107,108,13324559,twstock/twse,2026-07-01T08:07:37Z
2317,2021-09-13,107.5,108,106.5,106.5,15455264,twstock/twse,2026-07-01T08:07:37Z
2317,2021-09-14,107.5,108,106.5,107.5,19260856,twstock/twse,2026-07-01T08:07:37Z
2317,2021-09-15,108,110.5,107.5,108.5,64013002,twstock/twse,2026-07-01T08:07:37Z
2317,2021-09-16,108.5,109.5,107.5,107.5,23004506,twstock/twse,2026-07-01T08:07:37Z
2317,2021-09-17,107.5,109.5,107,108.5,46682899,twstock/twse,2026-07-01T08:07:37Z
2317,2021-09-22,106.5,107.5,106,107,38855713,twstock/twse,2026-07-01T08:07:37Z
2317,2021-09-23,107,108,106,106.5,18991583,twstock/twse,2026-07-01T08:07:37Z
2317,2021-09-24,107.5,108,107,107.5,15366616,twstock/twse,2026-07-01T08:07:37Z
2317,2021-09-27,107,108.5,107,107.5,13936074,twstock/twse,2026-07-01T08:07:37Z
2317,2021-09-28,107,107.5,106,106.5,22319338,twstock/twse,2026-07-01T08:07:37Z
2317,2021-09-29,105,105.5,104.5,105,32798414,twstock/twse,2026-07-01T08:07:37Z
2317,2021-09-30,105,106,104,105,24317553,twstock/twse,2026-07-01T08:07:37Z
2317,2021-10-01,104.5,105,103,103,36074566,twstock/twse,2026-07-01T08:07:37Z
2317,2021-10-04,104.5,105,102.5,103,25434032,twstock/twse,2026-07-01T08:07:37Z
2317,2021-10-05,102,102.5,101,101.5,43345161,twstock/twse,2026-07-01T08:07:37Z
2317,2021-10-06,103.5,104.5,103,103,40294629,twstock/twse,2026-07-01T08:07:37Z
2317,2021-10-07,104.5,107,104,107,38383881,twstock/twse,2026-07-01T08:07:37Z
2317,2021-10-08,107.5,108,106.5,108,27568061,twstock/twse,2026-07-01T08:07:37Z
2317,2021-10-12,106.5,107,104.5,105,38777410,twstock/twse,2026-07-01T08:07:37Z
2317,2021-10-13,106,106.5,104.5,105.5,18802301,twstock/twse,2026-07-01T08:07:37Z
2317,2021-10-14,107,107.5,106.5,106.5,17764699,twstock/twse,2026-07-01T08:07:37Z
2317,2021-10-15,108,110,107.5,109.5,49336872,twstock/twse,2026-07-01T08:07:37Z
2317,2021-10-18,110.5,111,107,107.5,42330142,twstock/twse,2026-07-01T08:07:37Z
2317,2021-10-19,108.5,109,106.5,107,26479700,twstock/twse,2026-07-01T08:07:37Z
2317,2021-10-20,107.5,108.5,106.5,107.5,29508905,twstock/twse,2026-07-01T08:07:37Z
2317,2021-10-21,108,108.5,107,108,30590262,twstock/twse,2026-07-01T08:07:37Z
2317,2021-10-22,108,108.5,107,107.5,14751899,twstock/twse,2026-07-01T08:07:37Z
2317,2021-10-25,107.5,109,107,108,21266978,twstock/twse,2026-07-01T08:07:37Z
2317,2021-10-26,108.5,109.5,108,109,18109494,twstock/twse,2026-07-01T08:07:37Z
2317,2021-10-27,109,109,107.5,108,15933998,twstock/twse,2026-07-01T08:07:37Z
2317,2021-10-28,108,109,107.5,108.5,14245290,twstock/twse,2026-07-01T08:07:37Z
2317,2021-10-29,108.5,108.5,107,107,20791860,twstock/twse,2026-07-01T08:07:37Z
2317,2021-11-01,108,108,106.5,106.5,18216191,twstock/twse,2026-07-01T08:07:37Z
2317,2021-11-02,107,108.5,107,107.5,21351175,twstock/twse,2026-07-01T08:07:37Z
2317,2021-11-03,107.5,108.5,107.5,107.5,12336039,twstock/twse,2026-07-01T08:07:37Z
2317,2021-11-04,108.5,108.5,107.5,108,11377672,twstock/twse,2026-07-01T08:07:37Z
2317,2021-11-05,108,109,107.5,109,17741997,twstock/twse,2026-07-01T08:07:37Z
2317,2021-11-08,107.5,108,107,107.5,20910258,twstock/twse,2026-07-01T08:07:37Z
2317,2021-11-09,107.5,108,107,108,23994381,twstock/twse,2026-07-01T08:07:37Z
2317,2021-11-10,108,109.5,107.5,109,22997778,twstock/twse,2026-07-01T08:07:37Z
2317,2021-11-11,108.5,109,107.5,107.5,18767739,twstock/twse,2026-07-01T08:07:37Z
2317,2021-11-12,108.5,109.5,108,109,26736055,twstock/twse,2026-07-01T08:07:37Z
2317,2021-11-15,109,110,108,108,25873466,twstock/twse,2026-07-01T08:07:37Z
2317,2021-11-16,108.5,109,108,108,16174955,twstock/twse,2026-07-01T08:07:37Z
2317,2021-11-17,108.5,108.5,106.5,107,34385746,twstock/twse,2026-07-01T08:07:37Z
2317,2021-11-18,107,107.5,106.5,107,30585311,twstock/twse,2026-07-01T08:07:37Z
2317,2021-11-19,107.5,108,106.5,106.5,20981372,twstock/twse,2026-07-01T08:07:37Z
2317,2021-11-22,107,107.5,106.5,106.5,17929580,twstock/twse,2026-07-01T08:07:37Z
2317,2021-11-23,106.5,107,106,106,22502493,twstock/twse,2026-07-01T08:07:37Z
2317,2021-11-24,106,106.5,104.5,105.5,30255836,twstock/twse,2026-07-01T08:07:37Z
2317,2021-11-25,106.5,106.5,105,105,17940754,twstock/twse,2026-07-01T08:07:37Z
2317,2021-11-26,105,105,103.5,103.5,24721253,twstock/twse,2026-07-01T08:07:37Z
2317,2021-11-29,103,105.5,102.5,103.5,28063125,twstock/twse,2026-07-01T08:07:37Z
2317,2021-11-30,104,105.5,103,103.5,50063743,twstock/twse,2026-07-01T08:07:37Z
2317,2021-12-01,103.5,106,103.5,105.5,22533336,twstock/twse,2026-07-01T08:07:37Z
2317,2021-12-02,105,107,105,105,27492234,twstock/twse,2026-07-01T08:07:37Z
2317,2021-12-03,105.5,106,105,105,18384929,twstock/twse,2026-07-01T08:07:37Z
2317,2021-12-06,105.5,107,105,106.5,22958298,twstock/twse,2026-07-01T08:07:37Z
2317,2021-12-07,106,107.5,105,106,25348727,twstock/twse,2026-07-01T08:07:37Z
2317,2021-12-08,106.5,107,105,105,36805823,twstock/twse,2026-07-01T08:07:37Z
2317,2021-12-09,105,106,105,106,15133685,twstock/twse,2026-07-01T08:07:37Z
2317,2021-12-10,105.5,106,104.5,105,20489274,twstock/twse,2026-07-01T08:07:37Z
2317,2021-12-13,105,106,104.5,104.5,17647182,twstock/twse,2026-07-01T08:07:37Z
2317,2021-12-14,104.5,105.5,104,104.5,22146940,twstock/twse,2026-07-01T08:07:37Z
2317,2021-12-15,104,105,103.5,105,23023808,twstock/twse,2026-07-01T08:07:37Z
2317,2021-12-16,105.5,106,103.5,103.5,37191946,twstock/twse,2026-07-01T08:07:37Z
2317,2021-12-17,103.5,104,103,103.5,39330766,twstock/twse,2026-07-01T08:07:37Z
2317,2021-12-20,103.5,104,103,103,18272107,twstock/twse,2026-07-01T08:07:37Z
2317,2021-12-21,103.5,104.5,103,104.5,13505921,twstock/twse,2026-07-01T08:07:37Z
2317,2021-12-22,104.5,104.5,103.5,103.5,11876421,twstock/twse,2026-07-01T08:07:37Z
2317,2021-12-23,104,104.5,103.5,104,13909972,twstock/twse,2026-07-01T08:07:37Z
2317,2021-12-24,104.5,105,104,104,11661892,twstock/twse,2026-07-01T08:07:37Z
2317,2021-12-27,104.5,105,104,104.5,8907924,twstock/twse,2026-07-01T08:07:37Z
2317,2021-12-28,104.5,105.5,104.5,105.5,15627624,twstock/twse,2026-07-01T08:07:37Z
2317,2021-12-29,105,105.5,104.5,105,13450079,twstock/twse,2026-07-01T08:07:37Z
2317,2021-12-30,104.5,105,104,104,17090958,twstock/twse,2026-07-01T08:07:37Z
2317,2022-01-03,104.5,105,103,103,22163293,twstock/twse,2026-07-01T08:07:37Z
2317,2022-01-04,104,104,103,103.5,18460781,twstock/twse,2026-07-01T08:07:37Z
2317,2022-01-05,104,111,103.5,109,142927366,twstock/twse,2026-07-01T08:07:37Z
2317,2022-01-06,108,108.5,106,107,49399140,twstock/twse,2026-07-01T08:07:37Z
2317,2022-01-07,108,108.5,106,106.5,39268835,twstock/twse,2026-07-01T08:07:37Z
2317,2022-01-10,106,106.5,104,104.5,34836774,twstock/twse,2026-07-01T08:07:37Z
2317,2022-01-11,104.5,105,104,104.5,26266891,twstock/twse,2026-07-01T08:07:37Z
2317,2022-01-12,105,105.5,104,104.5,18941505,twstock/twse,2026-07-01T08:07:37Z
2317,2022-01-13,105,105.5,104.5,105.5,19714232,twstock/twse,2026-07-01T08:07:37Z
2317,2022-01-14,105,105.5,103,103.5,39061978,twstock/twse,2026-07-01T08:07:37Z
2317,2022-01-17,103.5,104.5,103.5,103.5,16235777,twstock/twse,2026-07-01T08:07:37Z
2317,2022-01-18,104.5,104.5,103.5,103.5,14894743,twstock/twse,2026-07-01T08:07:37Z
2317,2022-01-19,103.5,104.5,103,103.5,24064174,twstock/twse,2026-07-01T08:07:37Z
2317,2022-01-20,103.5,104,103,103,29541931,twstock/twse,2026-07-01T08:07:37Z
2317,2022-01-21,102.5,103,102,102,34317926,twstock/twse,2026-07-01T08:07:37Z
2317,2022-01-24,103,104.5,102.5,103,42011474,twstock/twse,2026-07-01T08:07:37Z
2317,2022-01-25,103,103.5,102,103,29251026,twstock/twse,2026-07-01T08:07:37Z
2317,2022-01-26,103,103.5,102,102,33435293,twstock/twse,2026-07-01T08:07:37Z
2317,2022-02-07,102.5,104.5,102.5,103,34222573,twstock/twse,2026-07-01T08:07:37Z
2317,2022-02-08,104,106,103,105.5,43806303,twstock/twse,2026-07-01T08:07:37Z
2317,2022-02-09,106,106.5,105.5,106.5,23653775,twstock/twse,2026-07-01T08:07:37Z
2317,2022-02-10,106.5,107,105.5,106.5,20202759,twstock/twse,2026-07-01T08:07:37Z
2317,2022-02-11,105.5,106,104.5,106,16707627,twstock/twse,2026-07-01T08:07:37Z
2317,2022-02-14,105,105,103.5,104,22517058,twstock/twse,2026-07-01T08:07:37Z
2317,2022-02-15,104,105,104,104,13542993,twstock/twse,2026-07-01T08:07:37Z
2317,2022-02-16,105,106,104.5,105.5,13503882,twstock/twse,2026-07-01T08:07:37Z
2317,2022-02-17,106,106.5,105,106,25548971,twstock/twse,2026-07-01T08:07:37Z
2317,2022-02-18,105,106,105,105.5,11375198,twstock/twse,2026-07-01T08:07:37Z
2317,2022-02-21,105,107,104.5,106,23535017,twstock/twse,2026-07-01T08:07:37Z
2317,2022-02-22,105,105.5,104,104.5,26135723,twstock/twse,2026-07-01T08:07:37Z
2317,2022-02-23,104.5,105.5,104.5,105,14607481,twstock/twse,2026-07-01T08:07:37Z
2317,2022-02-24,104,104.5,102.5,102.5,47746141,twstock/twse,2026-07-01T08:07:37Z
2317,2022-02-25,103,103.5,102.5,103,29911231,twstock/twse,2026-07-01T08:07:37Z
2317,2022-03-01,104,105.5,103.5,104.5,30997685,twstock/twse,2026-07-01T08:07:37Z
2317,2022-03-02,104,105,104,104.5,13856628,twstock/twse,2026-07-01T08:07:37Z
2317,2022-03-03,105,105.5,104.5,104.5,13875811,twstock/twse,2026-07-01T08:07:37Z
2317,2022-03-04,104,105,103.5,105,18504180,twstock/twse,2026-07-01T08:07:37Z
2317,2022-03-07,104,104,102.5,102.5,45910892,twstock/twse,2026-07-01T08:07:37Z
2317,2022-03-08,101.5,102.5,100,101.5,61133394,twstock/twse,2026-07-01T08:07:37Z
2317,2022-03-09,102,102.5,101.5,101.5,29548450,twstock/twse,2026-07-01T08:07:37Z
2317,2022-03-10,103,104,102.5,103,29400154,twstock/twse,2026-07-01T08:07:37Z
2317,2022-03-11,103,104,102.5,103.5,24223838,twstock/twse,2026-07-01T08:07:37Z
2317,2022-03-14,103,104,102.5,102.5,26933784,twstock/twse,2026-07-01T08:07:37Z
2317,2022-03-15,102,103,101,101,31444438,twstock/twse,2026-07-01T08:07:37Z
2317,2022-03-16,101.5,102.5,100,101.5,36150101,twstock/twse,2026-07-01T08:07:37Z
2317,2022-03-17,103.5,104.5,103,104,43672218,twstock/twse,2026-07-01T08:07:37Z
2317,2022-03-18,105,106,103.5,106,82471801,twstock/twse,2026-07-01T08:07:37Z
2317,2022-03-21,106,106.5,104.5,104.5,21258452,twstock/twse,2026-07-01T08:07:37Z
2317,2022-03-22,104,104.5,103.5,104,21111299,twstock/twse,2026-07-01T08:07:37Z
2317,2022-03-23,104.5,105.5,104,105.5,20090168,twstock/twse,2026-07-01T08:07:37Z
2317,2022-03-24,105,108,104.5,106.5,50697996,twstock/twse,2026-07-01T08:07:37Z
2317,2022-03-25,106.5,107,106,106,21198835,twstock/twse,2026-07-01T08:07:37Z
2317,2022-03-28,105.5,106.5,104.5,106,19925357,twstock/twse,2026-07-01T08:07:37Z
2317,2022-03-29,106,106.5,104.5,105.5,17591342,twstock/twse,2026-07-01T08:07:37Z
2317,2022-03-30,106,106,105,105.5,21868440,twstock/twse,2026-07-01T08:07:37Z
2317,2022-03-31,106,106.5,105.5,106,21500251,twstock/twse,2026-07-01T08:07:37Z
2317,2022-04-01,105,105.5,104.5,104.5,23640400,twstock/twse,2026-07-01T08:07:37Z
2317,2022-04-06,104.5,105,104,105,31406042,twstock/twse,2026-07-01T08:07:37Z
2317,2022-04-07,104.5,105,103,103,37755211,twstock/twse,2026-07-01T08:07:37Z
2317,2022-04-08,103,103.5,102.5,103,25228715,twstock/twse,2026-07-01T08:07:37Z
2317,2022-04-11,103,103.5,101.5,102,29147204,twstock/twse,2026-07-01T08:07:37Z
2317,2022-04-12,102,103,101.5,102,17944652,twstock/twse,2026-07-01T08:07:37Z
2317,2022-04-13,103,104.5,102.5,104,15917450,twstock/twse,2026-07-01T08:07:37Z
2317,2022-04-14,104,104.5,103.5,104,8950642,twstock/twse,2026-07-01T08:07:37Z
2317,2022-04-15,103.5,104,103,103,11788063,twstock/twse,2026-07-01T08:07:37Z
2317,2022-04-18,102,103,102,102.5,11467286,twstock/twse,2026-07-01T08:07:37Z
2317,2022-04-19,103,103.5,102,102,17733292,twstock/twse,2026-07-01T08:07:37Z
2317,2022-04-20,102.5,103,102,103,19662727,twstock/twse,2026-07-01T08:07:37Z
2317,2022-04-21,103.5,104,103,103,18417433,twstock/twse,2026-07-01T08:07:37Z
2317,2022-04-22,102.5,103.5,102,103.5,16673991,twstock/twse,2026-07-01T08:07:37Z
2317,2022-04-25,102.5,102.5,100.5,100.5,41906690,twstock/twse,2026-07-01T08:07:37Z
2317,2022-04-26,101,101.5,100.5,101,21726110,twstock/twse,2026-07-01T08:07:37Z
2317,2022-04-27,99.9,100.5,99.7,100,30138259,twstock/twse,2026-07-01T08:07:37Z
2317,2022-04-28,100,101.5,100,101.5,29238494,twstock/twse,2026-07-01T08:07:37Z
2317,2022-04-29,101.5,102,101.5,102,16075115,twstock/twse,2026-07-01T08:07:37Z
2317,2022-05-03,102,103,101.5,102.5,17632994,twstock/twse,2026-07-01T08:07:37Z
2317,2022-05-04,103.5,104.5,103,104,31111663,twstock/twse,2026-07-01T08:07:37Z
2317,2022-05-05,105,105.5,104,104.5,44182291,twstock/twse,2026-07-01T08:07:37Z
2317,2022-05-06,103.5,104,102.5,104,27888783,twstock/twse,2026-07-01T08:07:37Z
2317,2022-05-09,103.5,104,103,104,26841790,twstock/twse,2026-07-01T08:07:37Z
2317,2022-05-10,103,104,102.5,104,17928513,twstock/twse,2026-07-01T08:07:37Z
2317,2022-05-11,103.5,104,103,103,19699065,twstock/twse,2026-07-01T08:07:37Z
2317,2022-05-12,103,103,102,102,22335157,twstock/twse,2026-07-01T08:07:37Z
2317,2022-05-13,104,104,103,104,19748688,twstock/twse,2026-07-01T08:07:37Z
2317,2022-05-16,104,104.5,103.5,104.5,25235126,twstock/twse,2026-07-01T08:07:37Z
2317,2022-05-17,104.5,105,104,105,28505126,twstock/twse,2026-07-01T08:07:37Z
2317,2022-05-18,105.5,107,105,107,56423484,twstock/twse,2026-07-01T08:07:37Z
2317,2022-05-19,105.5,107.5,105,107.5,38150307,twstock/twse,2026-07-01T08:07:37Z
2317,2022-05-20,107.5,109,107,107,46344487,twstock/twse,2026-07-01T08:07:37Z
2317,2022-05-23,108,109,107,108,34504056,twstock/twse,2026-07-01T08:07:37Z
2317,2022-05-24,108,109,108,108,37409126,twstock/twse,2026-07-01T08:07:37Z
2317,2022-05-25,108.5,110,108,109.5,77602667,twstock/twse,2026-07-01T08:07:37Z
2317,2022-05-26,110,110.5,108.5,109,40239038,twstock/twse,2026-07-01T08:07:37Z
2317,2022-05-27,110,111,109.5,110,52655635,twstock/twse,2026-07-01T08:07:37Z
2317,2022-05-30,110.5,111,109,110.5,44021707,twstock/twse,2026-07-01T08:07:37Z
2317,2022-05-31,111,113,110,113,98246343,twstock/twse,2026-07-01T08:07:37Z
2317,2022-06-01,112.5,116,112,114.5,74240455,twstock/twse,2026-07-01T08:07:37Z
2317,2022-06-02,114.5,116,113.5,114,40493740,twstock/twse,2026-07-01T08:07:37Z
2317,2022-06-06,115,116,114,115.5,36024843,twstock/twse,2026-07-01T08:07:37Z
2317,2022-06-07,115,115.5,113.5,113.5,37928495,twstock/twse,2026-07-01T08:07:37Z
2317,2022-06-08,114.5,115,113.5,114,18702532,twstock/twse,2026-07-01T08:07:37Z
2317,2022-06-09,114,115.5,113.5,115.5,29946032,twstock/twse,2026-07-01T08:07:37Z
2317,2022-06-10,115,115,114,114,24455998,twstock/twse,2026-07-01T08:07:37Z
2317,2022-06-13,112.5,112.5,111,111.5,45720589,twstock/twse,2026-07-01T08:07:37Z
2317,2022-06-14,110,112.5,110,111.5,32230251,twstock/twse,2026-07-01T08:07:37Z
2317,2022-06-15,112.5,112.5,111.5,112,25173947,twstock/twse,2026-07-01T08:07:37Z
2317,2022-06-16,113.5,113.5,110.5,111.5,31674634,twstock/twse,2026-07-01T08:07:37Z
2317,2022-06-17,110,111,109.5,109.5,51770484,twstock/twse,2026-07-01T08:07:37Z
2317,2022-06-20,110,110.5,108.5,109,33567864,twstock/twse,2026-07-01T08:07:37Z
2317,2022-06-21,110.5,112.5,110.5,112,38779129,twstock/twse,2026-07-01T08:07:37Z
2317,2022-06-22,111.5,111.5,109.5,109.5,31484183,twstock/twse,2026-07-01T08:07:37Z
2317,2022-06-23,110.5,110.5,107.5,108,46046917,twstock/twse,2026-07-01T08:07:37Z
2317,2022-06-24,109,110.5,108.5,110,29649132,twstock/twse,2026-07-01T08:07:37Z
2317,2022-06-27,111,112,111,111,26037844,twstock/twse,2026-07-01T08:07:37Z
2317,2022-06-28,111.5,112,110,112,28867008,twstock/twse,2026-07-01T08:07:37Z
2317,2022-06-29,111.5,112.5,110.5,111,35640396,twstock/twse,2026-07-01T08:07:37Z
2317,2022-06-30,110.5,111,109,109,45967258,twstock/twse,2026-07-01T08:07:37Z
2317,2022-07-01,108.5,109,105.5,106,63133602,twstock/twse,2026-07-01T08:07:37Z
2317,2022-07-04,100.5,102,99.5,100,70995980,twstock/twse,2026-07-01T08:07:37Z
2317,2022-07-05,102,103,101,102.5,45713186,twstock/twse,2026-07-01T08:07:37Z
2317,2022-07-06,103,103.5,100.5,100.5,45875699,twstock/twse,2026-07-01T08:07:37Z
2317,2022-07-07,101,103.5,100.5,103.5,41084778,twstock/twse,2026-07-01T08:07:37Z
2317,2022-07-08,103.5,104,101.5,102,35186757,twstock/twse,2026-07-01T08:07:37Z
2317,2022-07-11,102,102,100.5,101,18971045,twstock/twse,2026-07-01T08:07:37Z
2317,2022-07-12,100,101,99.7,100.5,26222208,twstock/twse,2026-07-01T08:07:37Z
2317,2022-07-13,103,103.5,102.5,102.5,32354911,twstock/twse,2026-07-01T08:07:37Z
2317,2022-07-14,102.5,106,102.5,105,46239887,twstock/twse,2026-07-01T08:07:37Z
2317,2022-07-15,105,106,104.5,105,25505254,twstock/twse,2026-07-01T08:07:37Z
2317,2022-07-18,105,105.5,104,105,17083253,twstock/twse,2026-07-01T08:07:37Z
2317,2022-07-19,104.5,105,103.5,104,20535363,twstock/twse,2026-07-01T08:07:37Z
2317,2022-07-20,104,105,103,103.5,35585856,twstock/twse,2026-07-01T08:07:37Z
2317,2022-07-21,104,105.5,103.5,105.5,24149090,twstock/twse,2026-07-01T08:07:37Z
2317,2022-07-22,105.5,106.5,105,106,29400418,twstock/twse,2026-07-01T08:07:37Z
2317,2022-07-25,106,108,105.5,107.5,41471982,twstock/twse,2026-07-01T08:07:37Z
2317,2022-07-26,108,108.5,107,108,23277125,twstock/twse,2026-07-01T08:07:37Z
2317,2022-07-27,108.5,109.5,107.5,108,30876807,twstock/twse,2026-07-01T08:07:37Z
2317,2022-07-28,109,109,108,108.5,21932255,twstock/twse,2026-07-01T08:07:37Z
2317,2022-07-29,109,109.5,108.5,109,21951559,twstock/twse,2026-07-01T08:07:37Z
2317,2022-08-01,108.5,109,108,109,14996382,twstock/twse,2026-07-01T08:07:37Z
2317,2022-08-02,108,108,106.5,108,40743180,twstock/twse,2026-07-01T08:07:37Z
2317,2022-08-03,107.5,108.5,107,108.5,31052217,twstock/twse,2026-07-01T08:07:37Z
2317,2022-08-04,108,108.5,106.5,108,40577638,twstock/twse,2026-07-01T08:07:37Z
2317,2022-08-05,108.5,109,108,108,25350396,twstock/twse,2026-07-01T08:07:37Z
2317,2022-08-08,107,108,106.5,108,23526674,twstock/twse,2026-07-01T08:07:37Z
2317,2022-08-09,108,109,107,109,25851764,twstock/twse,2026-07-01T08:07:37Z
2317,2022-08-10,109,111,108,110,56629249,twstock/twse,2026-07-01T08:07:37Z
2317,2022-08-11,111.5,113,110.5,113,62481183,twstock/twse,2026-07-01T08:07:37Z
2317,2022-08-12,113,114,112,112.5,48654945,twstock/twse,2026-07-01T08:07:37Z
2317,2022-08-15,113,113,111.5,112,29468828,twstock/twse,2026-07-01T08:07:37Z
2317,2022-08-16,112,112,110.5,111,28989314,twstock/twse,2026-07-01T08:07:37Z
2317,2022-08-17,111,112.5,111,112.5,33849726,twstock/twse,2026-07-01T08:07:37Z
2317,2022-08-18,112.5,112.5,111,112,26002863,twstock/twse,2026-07-01T08:07:37Z
2317,2022-08-19,111.5,112,111,111,17707131,twstock/twse,2026-07-01T08:07:37Z
2317,2022-08-22,110.5,111,110,111,16613929,twstock/twse,2026-07-01T08:07:37Z
2317,2022-08-23,110,110.5,109.5,110,18158910,twstock/twse,2026-07-01T08:07:37Z
2317,2022-08-24,110.5,111,109,109.5,24754117,twstock/twse,2026-07-01T08:07:37Z
2317,2022-08-25,109.5,110.5,109.5,109.5,14187366,twstock/twse,2026-07-01T08:07:37Z
2317,2022-08-26,110,110.5,109.5,110.5,17147941,twstock/twse,2026-07-01T08:07:37Z
2317,2022-08-29,108.5,109,108,108,27166245,twstock/twse,2026-07-01T08:07:37Z
2317,2022-08-30,108.5,109,108,108.5,21904735,twstock/twse,2026-07-01T08:07:37Z
2317,2022-08-31,108,109.5,107.5,109,29733770,twstock/twse,2026-07-01T08:07:37Z
2317,2022-09-01,108,108.5,107,107.5,37780861,twstock/twse,2026-07-01T08:07:37Z
2317,2022-09-02,108,108,107,107.5,17178614,twstock/twse,2026-07-01T08:07:37Z
2317,2022-09-05,108,108.5,107.5,108,23510808,twstock/twse,2026-07-01T08:07:37Z
2317,2022-09-06,108.5,108.5,107.5,108.5,16470152,twstock/twse,2026-07-01T08:07:37Z
2317,2022-09-07,107.5,108,106,106,32007211,twstock/twse,2026-07-01T08:07:37Z
2317,2022-09-08,107,107,106,107,15510168,twstock/twse,2026-07-01T08:07:37Z
2317,2022-09-12,108.5,109,107.5,108.5,18494607,twstock/twse,2026-07-01T08:07:37Z
2317,2022-09-13,109,110.5,108.5,110,32868739,twstock/twse,2026-07-01T08:07:37Z
2317,2022-09-14,107.5,108.5,107,107.5,26601015,twstock/twse,2026-07-01T08:07:37Z
2317,2022-09-15,107.5,108.5,107.5,108,17777392,twstock/twse,2026-07-01T08:07:37Z
2317,2022-09-16,107.5,108,107,107.5,37358400,twstock/twse,2026-07-01T08:07:37Z
2317,2022-09-19,107.5,108,106.5,107,17257682,twstock/twse,2026-07-01T08:07:37Z
2317,2022-09-20,107.5,108.5,107,108.5,26209523,twstock/twse,2026-07-01T08:07:37Z
2317,2022-09-21,108.5,108.5,106.5,107,25899668,twstock/twse,2026-07-01T08:07:37Z
2317,2022-09-22,106.5,107.5,106,107,24170156,twstock/twse,2026-07-01T08:07:37Z
2317,2022-09-23,107,107.5,106,106.5,16305687,twstock/twse,2026-07-01T08:07:37Z
2317,2022-09-26,105.5,106,103.5,104,41225652,twstock/twse,2026-07-01T08:07:37Z
2317,2022-09-27,104,104.5,103,103.5,21421110,twstock/twse,2026-07-01T08:07:37Z
2317,2022-09-28,103.5,104,100.5,100.5,49671045,twstock/twse,2026-07-01T08:07:37Z
2317,2022-09-29,101.5,102.5,101,101.5,40492428,twstock/twse,2026-07-01T08:07:37Z
2317,2022-09-30,100,102,100,102,28211012,twstock/twse,2026-07-01T08:07:37Z
2317,2022-10-03,101,102,100.5,101,21183821,twstock/twse,2026-07-01T08:07:37Z
2317,2022-10-04,102.5,103,102,102.5,17338770,twstock/twse,2026-07-01T08:07:37Z
2317,2022-10-05,105.5,107.5,105,107,52597518,twstock/twse,2026-07-01T08:07:37Z
2317,2022-10-06,108,108.5,106.5,107.5,28164289,twstock/twse,2026-07-01T08:07:37Z
2317,2022-10-07,107,108,106.5,107.5,22004516,twstock/twse,2026-07-01T08:07:37Z
2317,2022-10-11,105,105.5,104,104,37777028,twstock/twse,2026-07-01T08:07:37Z
2317,2022-10-12,104,104.5,102.5,103,39428854,twstock/twse,2026-07-01T08:07:37Z
2317,2022-10-13,103.5,104.5,102.5,103.5,32316574,twstock/twse,2026-07-01T08:07:37Z
2317,2022-10-14,104.5,105.5,104.5,105,25127634,twstock/twse,2026-07-01T08:07:37Z
2317,2022-10-17,104,105.5,104,105,28401379,twstock/twse,2026-07-01T08:07:37Z
2317,2022-10-18,105.5,106,103,103.5,39455842,twstock/twse,2026-07-01T08:07:37Z
2317,2022-10-19,104,105,103,103,54152038,twstock/twse,2026-07-01T08:07:37Z
2317,2022-10-20,103,103.5,101,102.5,58306844,twstock/twse,2026-07-01T08:07:37Z
2317,2022-10-21,102.5,103.5,102,103.5,24536653,twstock/twse,2026-07-01T08:07:37Z
2317,2022-10-24,104.5,104.5,102.5,103,29141002,twstock/twse,2026-07-01T08:07:37Z
2317,2022-10-25,103,103.5,101.5,103.5,38858324,twstock/twse,2026-07-01T08:07:37Z
2317,2022-10-26,104,104.5,103,104,28329890,twstock/twse,2026-07-01T08:07:37Z
2317,2022-10-27,105,105,104,104,31344230,twstock/twse,2026-07-01T08:07:37Z
2317,2022-10-28,104.5,104.5,103,104,22278147,twstock/twse,2026-07-01T08:07:37Z
2317,2022-10-31,101.5,103,101.5,102.5,53476790,twstock/twse,2026-07-01T08:07:37Z
2317,2022-11-01,101.5,102,100.5,101.5,52125801,twstock/twse,2026-07-01T08:07:37Z
2317,2022-11-02,101.5,102,101,102,35124774,twstock/twse,2026-07-01T08:07:37Z
2317,2022-11-03,101,101.5,100.5,101,42249526,twstock/twse,2026-07-01T08:07:37Z
2317,2022-11-04,100,101,99.5,100.5,49148814,twstock/twse,2026-07-01T08:07:37Z
2317,2022-11-07,100.5,101,99.8,100,40826295,twstock/twse,2026-07-01T08:07:37Z
2317,2022-11-08,100,100.5,100,100,30439852,twstock/twse,2026-07-01T08:07:37Z
2317,2022-11-09,100,102.5,100,102.5,42446062,twstock/twse,2026-07-01T08:07:37Z
2317,2022-11-10,101,101.5,100.5,100.5,39874839,twstock/twse,2026-07-01T08:07:37Z
2317,2022-11-11,101.5,102.5,100,100,90276048,twstock/twse,2026-07-01T08:07:37Z
2317,2022-11-14,99.5,101.5,99.5,101.5,67217227,twstock/twse,2026-07-01T08:07:37Z
2317,2022-11-15,101.5,102.5,101,101.5,47027211,twstock/twse,2026-07-01T08:07:37Z
2317,2022-11-16,101.5,102.5,101,101.5,46862982,twstock/twse,2026-07-01T08:07:37Z
2317,2022-11-17,101.5,102,101,101.5,26583078,twstock/twse,2026-07-01T08:07:37Z
2317,2022-11-18,101.5,102.5,100.5,100.5,45343250,twstock/twse,2026-07-01T08:07:37Z
2317,2022-11-21,101,101.5,100,100,30472000,twstock/twse,2026-07-01T08:07:37Z
2317,2022-11-22,100,100.5,100,100.5,28582534,twstock/twse,2026-07-01T08:07:37Z
2317,2022-11-23,101,101.5,100.5,100.5,32079101,twstock/twse,2026-07-01T08:07:37Z
2317,2022-11-24,100.5,101,100,101,42611350,twstock/twse,2026-07-01T08:07:37Z
2317,2022-11-25,100.5,101,100,100.5,35032161,twstock/twse,2026-07-01T08:07:37Z
2317,2022-11-28,100.5,100.5,99.6,100,47154746,twstock/twse,2026-07-01T08:07:37Z
2317,2022-11-29,100,100.5,99.7,100,34334057,twstock/twse,2026-07-01T08:07:37Z
2317,2022-11-30,100.5,101.5,100,100.5,89148734,twstock/twse,2026-07-01T08:07:37Z
2317,2022-12-01,101.5,103,101.5,103,68347930,twstock/twse,2026-07-01T08:07:37Z
2317,2022-12-02,103,106,103,105.5,77966393,twstock/twse,2026-07-01T08:07:37Z
2317,2022-12-05,106.5,107,105.5,105.5,46083936,twstock/twse,2026-07-01T08:07:37Z
2317,2022-12-06,104,104.5,102.5,103,55270666,twstock/twse,2026-07-01T08:07:37Z
2317,2022-12-07,102.5,104,102,102,44811782,twstock/twse,2026-07-01T08:07:37Z
2317,2022-12-08,102,102.5,101.5,101.5,31027361,twstock/twse,2026-07-01T08:07:37Z
2317,2022-12-09,102.5,103,102,102,33294761,twstock/twse,2026-07-01T08:07:37Z
2317,2022-12-12,102,102,101,102,19498779,twstock/twse,2026-07-01T08:07:37Z
2317,2022-12-13,102,102.5,101,101,34807666,twstock/twse,2026-07-01T08:07:37Z
2317,2022-12-14,101.5,102.5,101,102.5,24772267,twstock/twse,2026-07-01T08:07:37Z
2317,2022-12-15,101.5,102.5,101.5,101.5,27539463,twstock/twse,2026-07-01T08:07:37Z
2317,2022-12-16,100.5,101.5,100,100.5,72581761,twstock/twse,2026-07-01T08:07:37Z
2317,2022-12-19,100.5,102,100.5,101.5,29579834,twstock/twse,2026-07-01T08:07:37Z
2317,2022-12-20,101,101.5,100,100,45367320,twstock/twse,2026-07-01T08:07:37Z
2317,2022-12-21,101,101,100,100,28064923,twstock/twse,2026-07-01T08:07:37Z
2317,2022-12-22,101,101,100.5,101,21298650,twstock/twse,2026-07-01T08:07:37Z
2317,2022-12-23,100,101,100,101,15490469,twstock/twse,2026-07-01T08:07:37Z
2317,2022-12-26,101.5,101.5,100.5,101,8798497,twstock/twse,2026-07-01T08:07:37Z
2317,2022-12-27,101,101.5,100.5,100.5,8915931,twstock/twse,2026-07-01T08:07:37Z
2317,2022-12-28,100.5,100.5,100,100.5,23260583,twstock/twse,2026-07-01T08:07:37Z
2317,2022-12-29,100,100,99.5,99.7,38383359,twstock/twse,2026-07-01T08:07:37Z
2317,2022-12-30,100,100.5,99.8,99.9,18189761,twstock/twse,2026-07-01T08:07:37Z
2317,2023-01-03,99.9,99.9,98,99.1,47341828,twstock/twse,2026-07-01T08:07:37Z
2317,2023-01-04,98,98.7,98,98.1,42812802,twstock/twse,2026-07-01T08:07:37Z
2317,2023-01-05,98.1,98.9,98,98,37046103,twstock/twse,2026-07-01T08:07:37Z
2317,2023-01-06,98.3,98.8,98.3,98.4,20649438,twstock/twse,2026-07-01T08:07:37Z
2317,2023-01-09,99.2,99.6,98.9,99.1,34166209,twstock/twse,2026-07-01T08:07:37Z
2317,2023-01-10,99.4,99.8,99.1,99.4,21706054,twstock/twse,2026-07-01T08:07:37Z
2317,2023-01-11,99.8,99.8,99.1,99.1,22096447,twstock/twse,2026-07-01T08:07:37Z
2317,2023-01-12,99.1,99.5,98.6,98.6,22014869,twstock/twse,2026-07-01T08:07:37Z
2317,2023-01-13,99,99.5,98.6,98.6,18652790,twstock/twse,2026-07-01T08:07:37Z
2317,2023-01-16,98.6,99.2,98.1,98.1,32736172,twstock/twse,2026-07-01T08:07:37Z
2317,2023-01-17,98.2,98.5,98.1,98.1,28810658,twstock/twse,2026-07-01T08:07:37Z
2317,2023-01-30,99.6,99.7,98,98.1,88808349,twstock/twse,2026-07-01T08:07:37Z
2317,2023-01-31,98.3,101,98.2,99.7,82451939,twstock/twse,2026-07-01T08:07:37Z
2317,2023-02-01,100.5,101,99.8,100,40082663,twstock/twse,2026-07-01T08:07:37Z
2317,2023-02-02,100.5,101,100,100,51715604,twstock/twse,2026-07-01T08:07:37Z
2317,2023-02-03,100,100.5,99.5,99.6,43915390,twstock/twse,2026-07-01T08:07:37Z
2317,2023-02-06,100.5,102,100.5,101.5,50479656,twstock/twse,2026-07-01T08:07:37Z
2317,2023-02-07,102,102,100.5,100.5,31412710,twstock/twse,2026-07-01T08:07:37Z
2317,2023-02-08,100.5,101,100.5,100.5,25572350,twstock/twse,2026-07-01T08:07:37Z
2317,2023-02-09,100.5,101.5,100,101,29347314,twstock/twse,2026-07-01T08:07:37Z
2317,2023-02-10,101.5,102,100.5,101.5,25620289,twstock/twse,2026-07-01T08:07:37Z
2317,2023-02-13,101.5,102,101,101,18497222,twstock/twse,2026-07-01T08:07:37Z
2317,2023-02-14,101.5,102,101.5,102,18440692,twstock/twse,2026-07-01T08:07:37Z
2317,2023-02-15,102,102.5,101.5,102.5,38436177,twstock/twse,2026-07-01T08:07:37Z
2317,2023-02-16,103,103.5,102.5,103.5,39872101,twstock/twse,2026-07-01T08:07:37Z
2317,2023-02-17,103,103.5,102.5,103.5,28987254,twstock/twse,2026-07-01T08:07:37Z
2317,2023-02-20,103.5,104,102.5,103,22229942,twstock/twse,2026-07-01T08:07:37Z
2317,2023-02-21,102.5,103,102.5,102.5,13906642,twstock/twse,2026-07-01T08:07:37Z
2317,2023-02-22,102,102.5,101.5,102,26465654,twstock/twse,2026-07-01T08:07:37Z
2317,2023-02-23,102,103,102,103,20893415,twstock/twse,2026-07-01T08:07:37Z
2317,2023-02-24,103,103.5,101,101,54293618,twstock/twse,2026-07-01T08:07:37Z
2317,2023-03-01,100,103,100,102,48149835,twstock/twse,2026-07-01T08:07:37Z
2317,2023-03-02,102.5,103,101.5,102.5,27936296,twstock/twse,2026-07-01T08:07:37Z
2317,2023-03-03,103.5,104,102.5,102.5,29276021,twstock/twse,2026-07-01T08:07:37Z
2317,2023-03-06,103,104,102.5,103.5,38599819,twstock/twse,2026-07-01T08:07:37Z
2317,2023-03-07,103.5,106,103.5,105,72773055,twstock/twse,2026-07-01T08:07:37Z
2317,2023-03-08,104.5,105,104,104,31871831,twstock/twse,2026-07-01T08:07:37Z
2317,2023-03-09,104,104.5,102,102.5,62246571,twstock/twse,2026-07-01T08:07:37Z
2317,2023-03-10,102,102.5,101.5,102,28023340,twstock/twse,2026-07-01T08:07:37Z
2317,2023-03-13,102,103.5,101.5,103,23735276,twstock/twse,2026-07-01T08:07:37Z
2317,2023-03-14,102,102.5,101.5,102,32014406,twstock/twse,2026-07-01T08:07:37Z
2317,2023-03-15,102.5,103,102,102.5,21152568,twstock/twse,2026-07-01T08:07:37Z
2317,2023-03-16,102.5,103,102,102,27823368,twstock/twse,2026-07-01T08:07:37Z
2317,2023-03-17,103,104.5,102.5,103.5,62542797,twstock/twse,2026-07-01T08:07:37Z
2317,2023-03-20,103.5,104,102.5,102.5,21491112,twstock/twse,2026-07-01T08:07:37Z
2317,2023-03-21,103,104,103,103.5,21169729,twstock/twse,2026-07-01T08:07:37Z
2317,2023-03-22,103.5,104.5,103,103.5,22619832,twstock/twse,2026-07-01T08:07:37Z
2317,2023-03-23,103,104.5,103,103.5,32467261,twstock/twse,2026-07-01T08:07:37Z
2317,2023-03-24,104.5,106,104,105.5,70639353,twstock/twse,2026-07-01T08:07:37Z
2317,2023-03-27,105,105.5,103.5,103.5,33360546,twstock/twse,2026-07-01T08:07:37Z
2317,2023-03-28,104,104,103,103,24536833,twstock/twse,2026-07-01T08:07:37Z
2317,2023-03-29,103,104,103,103.5,21518974,twstock/twse,2026-07-01T08:07:37Z
2317,2023-03-30,104,104.5,103.5,104.5,23644023,twstock/twse,2026-07-01T08:07:37Z
2317,2023-03-31,104.5,105,104,104,18383489,twstock/twse,2026-07-01T08:07:37Z
2317,2023-04-06,104.5,105.5,103,103.5,39285783,twstock/twse,2026-07-01T08:07:37Z
2317,2023-04-07,104,104,103,103,11913773,twstock/twse,2026-07-01T08:07:37Z
2317,2023-04-10,103,104,103,103,12576290,twstock/twse,2026-07-01T08:07:37Z
2317,2023-04-11,103.5,104,103,103.5,29392861,twstock/twse,2026-07-01T08:07:37Z
2317,2023-04-12,103.5,103.5,102.5,102.5,20658342,twstock/twse,2026-07-01T08:07:37Z
2317,2023-04-13,102.5,103.5,102.5,103,23559745,twstock/twse,2026-07-01T08:07:37Z
2317,2023-04-14,104,104.5,103,104.5,25764557,twstock/twse,2026-07-01T08:07:37Z
2317,2023-04-17,104.5,104.5,103.5,104,15419355,twstock/twse,2026-07-01T08:07:37Z
2317,2023-04-18,104,104.5,103.5,104.5,16151848,twstock/twse,2026-07-01T08:07:37Z
2317,2023-04-19,104.5,104.5,103.5,104,18893968,twstock/twse,2026-07-01T08:07:37Z
2317,2023-04-20,103.5,104.5,103.5,104.5,19945258,twstock/twse,2026-07-01T08:07:37Z
2317,2023-04-21,105,105.5,104,104,33085440,twstock/twse,2026-07-01T08:07:37Z
2317,2023-04-24,104,104.5,103.5,103.5,18482135,twstock/twse,2026-07-01T08:07:37Z
2317,2023-04-25,103.5,104,103,103,29981837,twstock/twse,2026-07-01T08:07:37Z
2317,2023-04-26,103,104.5,103,103.5,34093936,twstock/twse,2026-07-01T08:07:37Z
2317,2023-04-27,103.5,104,103,103.5,16743295,twstock/twse,2026-07-01T08:07:37Z
2317,2023-04-28,104,104.5,103.5,104.5,19643921,twstock/twse,2026-07-01T08:07:37Z
2317,2023-05-02,104.5,106,104,106,50296436,twstock/twse,2026-07-01T08:07:37Z
2317,2023-05-03,105.5,106,105,105.5,27017028,twstock/twse,2026-07-01T08:07:37Z
2317,2023-05-04,105.5,105.5,105,105,12816496,twstock/twse,2026-07-01T08:07:37Z
2317,2023-05-05,105,105.5,104.5,105,12635718,twstock/twse,2026-07-01T08:07:37Z
2317,2023-05-08,105.5,106,105,105,10633215,twstock/twse,2026-07-01T08:07:37Z
2317,2023-05-09,105,107,104.5,106.5,40822363,twstock/twse,2026-07-01T08:07:37Z
2317,2023-05-10,106.5,107,106,106.5,17540555,twstock/twse,2026-07-01T08:07:37Z
2317,2023-05-11,106.5,107,105,105,21870548,twstock/twse,2026-07-01T08:07:37Z
2317,2023-05-12,103.5,104,102,102.5,72076682,twstock/twse,2026-07-01T08:07:37Z
2317,2023-05-15,102.5,103,102,102,28337659,twstock/twse,2026-07-01T08:07:37Z
2317,2023-05-16,102.5,103,102,102,42174115,twstock/twse,2026-07-01T08:07:37Z
2317,2023-05-17,102,103,102,102.5,38916253,twstock/twse,2026-07-01T08:07:37Z
2317,2023-05-18,103,103.5,102.5,103,27750265,twstock/twse,2026-07-01T08:07:37Z
2317,2023-05-19,103,103,102,103,33713208,twstock/twse,2026-07-01T08:07:37Z
2317,2023-05-22,102.5,103,102.5,103,18170383,twstock/twse,2026-07-01T08:07:37Z
2317,2023-05-23,103,103,102.5,102.5,22258821,twstock/twse,2026-07-01T08:07:37Z
2317,2023-05-24,102.5,103,102.5,103,16034234,twstock/twse,2026-07-01T08:07:37Z
2317,2023-05-25,102.5,103.5,102.5,102.5,26400866,twstock/twse,2026-07-01T08:07:37Z
2317,2023-05-26,102.5,103,102,102.5,36602590,twstock/twse,2026-07-01T08:07:37Z
2317,2023-05-29,103.5,106,103,105.5,79007460,twstock/twse,2026-07-01T08:07:37Z
2317,2023-05-30,106.5,108,106,107,88779354,twstock/twse,2026-07-01T08:07:37Z
2317,2023-05-31,107.5,107.5,105.5,106.5,59443196,twstock/twse,2026-07-01T08:07:37Z
2317,2023-06-01,106.5,108,106,108,46558650,twstock/twse,2026-07-01T08:07:37Z
2317,2023-06-02,108.5,109,107.5,108,53924446,twstock/twse,2026-07-01T08:07:37Z
2317,2023-06-05,108.5,108.5,107,107.5,24624081,twstock/twse,2026-07-01T08:07:37Z
2317,2023-06-06,107,107.5,106,107,36383280,twstock/twse,2026-07-01T08:07:37Z
2317,2023-06-07,107.5,108,107,108,22459238,twstock/twse,2026-07-01T08:07:37Z
2317,2023-06-08,108,108,107,107,17392265,twstock/twse,2026-07-01T08:07:37Z
2317,2023-06-09,107.5,108,107,108,16744580,twstock/twse,2026-07-01T08:07:37Z
2317,2023-06-12,108,112,107.5,110.5,98652902,twstock/twse,2026-07-01T08:07:37Z
2317,2023-06-13,111,113,111,112.5,70173913,twstock/twse,2026-07-01T08:07:37Z
2317,2023-06-14,112.5,113,111.5,112.5,36488322,twstock/twse,2026-07-01T08:07:37Z
2317,2023-06-15,112.5,113,111,111.5,35696946,twstock/twse,2026-07-01T08:07:37Z
2317,2023-06-16,111.5,112.5,111,111,47565732,twstock/twse,2026-07-01T08:07:37Z
2317,2023-06-19,111.5,113,111,112.5,25243032,twstock/twse,2026-07-01T08:07:37Z
2317,2023-06-20,113,113.5,111.5,112.5,30784850,twstock/twse,2026-07-01T08:07:37Z
2317,2023-06-21,112.5,113,112,113,34892673,twstock/twse,2026-07-01T08:07:37Z
2317,2023-06-26,113.5,116,113,115.5,100474885,twstock/twse,2026-07-01T08:07:37Z
2317,2023-06-27,116,116.5,114,114,67357566,twstock/twse,2026-07-01T08:07:37Z
2317,2023-06-28,114.5,116,114.5,115,45726557,twstock/twse,2026-07-01T08:07:37Z
2317,2023-06-29,116,116,113,113,39965191,twstock/twse,2026-07-01T08:07:37Z
2317,2023-06-30,113,113,111,113,48499554,twstock/twse,2026-07-01T08:07:37Z
2317,2023-07-03,114,115,113.5,115,88011450,twstock/twse,2026-07-01T08:07:37Z
2317,2023-07-04,112,112.5,109.5,110,88850920,twstock/twse,2026-07-01T08:07:37Z
2317,2023-07-05,110,110.5,107.5,108.5,51570862,twstock/twse,2026-07-01T08:07:37Z
2317,2023-07-06,107.5,107.5,105,105.5,70071473,twstock/twse,2026-07-01T08:07:37Z
2317,2023-07-07,105,106,104.5,105.5,30868905,twstock/twse,2026-07-01T08:07:37Z
2317,2023-07-10,105.5,106,104.5,104.5,25044324,twstock/twse,2026-07-01T08:07:37Z
2317,2023-07-11,105,105.5,104.5,105,23862651,twstock/twse,2026-07-01T08:07:37Z
2317,2023-07-12,105,107.5,105,107.5,37780699,twstock/twse,2026-07-01T08:07:37Z
2317,2023-07-13,108.5,109,107,107,30341999,twstock/twse,2026-07-01T08:07:37Z
2317,2023-07-14,107.5,109.5,106.5,109.5,43454213,twstock/twse,2026-07-01T08:07:37Z
2317,2023-07-17,110,111,109.5,110.5,41502082,twstock/twse,2026-07-01T08:07:37Z
2317,2023-07-18,110.5,113.5,110,112,52688441,twstock/twse,2026-07-01T08:07:37Z
2317,2023-07-19,113,113.5,108,108.5,54967023,twstock/twse,2026-07-01T08:07:37Z
2317,2023-07-20,109,110,107.5,108,33167955,twstock/twse,2026-07-01T08:07:37Z
2317,2023-07-21,107,108.5,106.5,107.5,25278976,twstock/twse,2026-07-01T08:07:37Z
2317,2023-07-24,108,108.5,107,108,19896359,twstock/twse,2026-07-01T08:07:37Z
2317,2023-07-25,108.5,112,108.5,112,61862737,twstock/twse,2026-07-01T08:07:37Z
2317,2023-07-26,112,112.5,111,111.5,30223635,twstock/twse,2026-07-01T08:07:37Z
2317,2023-07-27,112,113,110.5,110.5,32278647,twstock/twse,2026-07-01T08:07:37Z
2317,2023-07-28,110.5,111,109.5,109.5,23255646,twstock/twse,2026-07-01T08:07:37Z
2317,2023-07-31,110.5,111,108.5,108.5,30730719,twstock/twse,2026-07-01T08:07:37Z
2317,2023-08-01,109.5,111,109,110.5,24113256,twstock/twse,2026-07-01T08:07:37Z
2317,2023-08-02,110,110.5,108,108,34095728,twstock/twse,2026-07-01T08:07:37Z
2317,2023-08-04,109,111,109,111,40122815,twstock/twse,2026-07-01T08:07:37Z
2317,2023-08-07,112,112.5,109.5,109.5,45621252,twstock/twse,2026-07-01T08:07:37Z
2317,2023-08-08,110.5,111,109.5,110.5,29311389,twstock/twse,2026-07-01T08:07:37Z
2317,2023-08-09,110.5,111.5,110,110.5,20468574,twstock/twse,2026-07-01T08:07:37Z
2317,2023-08-10,111,111,109.5,110,22401300,twstock/twse,2026-07-01T08:07:37Z
2317,2023-08-11,110,110.5,108.5,108.5,22854757,twstock/twse,2026-07-01T08:07:37Z
2317,2023-08-14,109.5,110.5,109,110,30169722,twstock/twse,2026-07-01T08:07:37Z
2317,2023-08-15,108,109,107,107,64762274,twstock/twse,2026-07-01T08:07:37Z
2317,2023-08-16,106.5,106.5,105,105.5,44390097,twstock/twse,2026-07-01T08:07:37Z
2317,2023-08-17,105.5,107,105.5,106.5,24753076,twstock/twse,2026-07-01T08:07:37Z
2317,2023-08-18,106.5,107,105.5,106,17412067,twstock/twse,2026-07-01T08:07:37Z
2317,2023-08-21,106.5,107,105.5,106,10884357,twstock/twse,2026-07-01T08:07:37Z
2317,2023-08-22,106.5,107,106,106.5,13225842,twstock/twse,2026-07-01T08:07:37Z
2317,2023-08-23,106.5,107.5,106,106.5,16581083,twstock/twse,2026-07-01T08:07:37Z
2317,2023-08-24,109,110.5,108.5,109.5,51036295,twstock/twse,2026-07-01T08:07:37Z
2317,2023-08-25,108.5,109,108,108,21353911,twstock/twse,2026-07-01T08:07:37Z
2317,2023-08-28,108.5,109,108,108,16852420,twstock/twse,2026-07-01T08:07:37Z
2317,2023-08-29,108,108.5,105,106,64563484,twstock/twse,2026-07-01T08:07:37Z
2317,2023-08-30,106.5,107,106,106,20861174,twstock/twse,2026-07-01T08:07:37Z
2317,2023-08-31,106,107,105.5,106.5,57884785,twstock/twse,2026-07-01T08:07:37Z
2317,2023-09-01,106.5,107.5,106.5,107.5,14106975,twstock/twse,2026-07-01T08:07:37Z
2317,2023-09-04,107.5,108,105.5,106.5,21399910,twstock/twse,2026-07-01T08:07:37Z
2317,2023-09-05,106.5,107,106,107,13947190,twstock/twse,2026-07-01T08:07:37Z
2317,2023-09-06,106.5,107,106,106,17723586,twstock/twse,2026-07-01T08:07:37Z
2317,2023-09-07,106,106,105.5,105.5,14703513,twstock/twse,2026-07-01T08:07:37Z
2317,2023-09-08,105.5,106,105,106,12232593,twstock/twse,2026-07-01T08:07:37Z
2317,2023-09-11,106,106,105,105,17970490,twstock/twse,2026-07-01T08:07:37Z
2317,2023-09-12,106,107.5,105.5,107.5,29936070,twstock/twse,2026-07-01T08:07:37Z
2317,2023-09-13,107,107.5,105.5,106,18447173,twstock/twse,2026-07-01T08:07:37Z
2317,2023-09-14,106.5,107,106,106.5,15925971,twstock/twse,2026-07-01T08:07:37Z
2317,2023-09-15,106.5,107,106,106,35796358,twstock/twse,2026-07-01T08:07:37Z
2317,2023-09-18,106,106.5,105.5,106.5,19458299,twstock/twse,2026-07-01T08:07:37Z
2317,2023-09-19,106.5,107.5,106.5,106.5,13864956,twstock/twse,2026-07-01T08:07:37Z
2317,2023-09-20,106.5,107,106,106,19168653,twstock/twse,2026-07-01T08:07:37Z
2317,2023-09-21,106,106.5,105,105,22481559,twstock/twse,2026-07-01T08:07:37Z
2317,2023-09-22,105,105.5,105,105,15164145,twstock/twse,2026-07-01T08:07:37Z
2317,2023-09-25,105.5,106,105,105.5,16714643,twstock/twse,2026-07-01T08:07:37Z
2317,2023-09-26,105,105.5,104,104,30615520,twstock/twse,2026-07-01T08:07:37Z
2317,2023-09-27,104,104.5,103.5,104,16571407,twstock/twse,2026-07-01T08:07:37Z
2317,2023-09-28,104.5,104.5,103,104,24489178,twstock/twse,2026-07-01T08:07:37Z
2317,2023-10-02,104,105,104,104.5,13980808,twstock/twse,2026-07-01T08:07:37Z
2317,2023-10-03,104,104.5,103.5,104,17720597,twstock/twse,2026-07-01T08:07:37Z
2317,2023-10-04,103,103.5,102.5,103,27864693,twstock/twse,2026-07-01T08:07:37Z
2317,2023-10-05,103,104,103,103.5,16777516,twstock/twse,2026-07-01T08:07:37Z
2317,2023-10-06,105,106,104.5,105.5,28202817,twstock/twse,2026-07-01T08:07:37Z
2317,2023-10-11,106.5,106.5,105.5,106,39153271,twstock/twse,2026-07-01T08:07:37Z
2317,2023-10-12,106.5,107,106,107,30018890,twstock/twse,2026-07-01T08:07:37Z
2317,2023-10-13,107,107.5,106,107.5,27592508,twstock/twse,2026-07-01T08:07:37Z
2317,2023-10-16,107,107.5,106.5,107,17539617,twstock/twse,2026-07-01T08:07:37Z
2317,2023-10-17,107.5,108,106.5,106.5,17843132,twstock/twse,2026-07-01T08:07:37Z
2317,2023-10-18,106,106.5,105,105.5,28734757,twstock/twse,2026-07-01T08:07:37Z
2317,2023-10-19,105,105.5,103,103.5,42470168,twstock/twse,2026-07-01T08:07:37Z
2317,2023-10-20,103,104.5,103,103.5,33199943,twstock/twse,2026-07-01T08:07:37Z
2317,2023-10-23,102,102,100,100.5,84175293,twstock/twse,2026-07-01T08:07:37Z
2317,2023-10-24,99.8,99.8,97.3,98.3,113705847,twstock/twse,2026-07-01T08:07:37Z
2317,2023-10-25,98.3,99.5,98.3,99,41361487,twstock/twse,2026-07-01T08:07:37Z
2317,2023-10-26,98.3,98.7,98,98.5,42562225,twstock/twse,2026-07-01T08:07:37Z
2317,2023-10-27,98.5,98.9,98.2,98.2,33549955,twstock/twse,2026-07-01T08:07:37Z
2317,2023-10-30,98.3,98.5,94,94.5,139233228,twstock/twse,2026-07-01T08:07:37Z
2317,2023-10-31,95.1,96.9,95.1,96.5,63987716,twstock/twse,2026-07-01T08:07:37Z
2317,2023-11-01,96.4,96.5,95.6,95.6,26792559,twstock/twse,2026-07-01T08:07:37Z
2317,2023-11-02,96.2,97.4,96,97,25319099,twstock/twse,2026-07-01T08:07:37Z
2317,2023-11-03,95.8,96.2,95.2,95.8,44283856,twstock/twse,2026-07-01T08:07:37Z
2317,2023-11-06,96.2,97.7,96.2,96.4,39193519,twstock/twse,2026-07-01T08:07:37Z
2317,2023-11-07,96.4,96.8,95.5,96.1,28714421,twstock/twse,2026-07-01T08:07:37Z
2317,2023-11-08,95.7,97.4,95.7,97,20362795,twstock/twse,2026-07-01T08:07:37Z
2317,2023-11-09,97.4,98.4,97.3,97.9,31177239,twstock/twse,2026-07-01T08:07:37Z
2317,2023-11-10,97.9,98,97,97.2,16713387,twstock/twse,2026-07-01T08:07:37Z
2317,2023-11-13,97.8,98.4,97.5,97.7,18461159,twstock/twse,2026-07-01T08:07:37Z
2317,2023-11-14,98.4,101,98.2,100,47364152,twstock/twse,2026-07-01T08:07:37Z
2317,2023-11-15,100.5,101.5,99.8,100.5,51481834,twstock/twse,2026-07-01T08:07:37Z
2317,2023-11-16,101,101.5,100.5,101,31965062,twstock/twse,2026-07-01T08:07:37Z
2317,2023-11-17,101.5,103.5,101,102.5,47314771,twstock/twse,2026-07-01T08:07:37Z
2317,2023-11-20,102.5,102.5,101,101,29960033,twstock/twse,2026-07-01T08:07:37Z
2317,2023-11-21,102,102.5,101,102.5,37190582,twstock/twse,2026-07-01T08:07:37Z
2317,2023-11-22,103,104,102,102,28562720,twstock/twse,2026-07-01T08:07:37Z
2317,2023-11-23,102.5,103,101,101.5,24125544,twstock/twse,2026-07-01T08:07:37Z
2317,2023-11-24,102,102.5,101,101.5,22653476,twstock/twse,2026-07-01T08:07:37Z
2317,2023-11-27,102.5,103,101.5,101.5,24041482,twstock/twse,2026-07-01T08:07:37Z
2317,2023-11-28,102,103,102,102.5,29821679,twstock/twse,2026-07-01T08:07:37Z
2317,2023-11-29,102.5,103,101.5,102,34373056,twstock/twse,2026-07-01T08:07:37Z
2317,2023-11-30,102,102.5,101,101.5,44645586,twstock/twse,2026-07-01T08:07:37Z
2317,2023-12-01,101,101.5,100.5,100.5,27879140,twstock/twse,2026-07-01T08:07:37Z
2317,2023-12-04,101,101.5,100.5,101,14873417,twstock/twse,2026-07-01T08:07:37Z
2317,2023-12-05,101,102,100.5,101,22028554,twstock/twse,2026-07-01T08:07:37Z
2317,2023-12-06,101.5,102,101,101,15438431,twstock/twse,2026-07-01T08:07:37Z
2317,2023-12-07,101,101.5,100.5,101,14143974,twstock/twse,2026-07-01T08:07:37Z
2317,2023-12-08,101,102,101,101.5,16171663,twstock/twse,2026-07-01T08:07:37Z
2317,2023-12-11,101.5,102,100.5,101,25693233,twstock/twse,2026-07-01T08:07:37Z
2317,2023-12-12,101,101.5,100.5,101,21061040,twstock/twse,2026-07-01T08:07:37Z
2317,2023-12-13,100.5,101.5,100.5,101,15245857,twstock/twse,2026-07-01T08:07:37Z
2317,2023-12-14,101.5,102,101,102,32842321,twstock/twse,2026-07-01T08:07:37Z
2317,2023-12-15,101.5,102,101,101.5,41228565,twstock/twse,2026-07-01T08:07:37Z
2317,2023-12-18,101.5,102,101,102,28168793,twstock/twse,2026-07-01T08:07:37Z
2317,2023-12-19,102,102.5,101.5,102.5,32970317,twstock/twse,2026-07-01T08:07:37Z
2317,2023-12-20,102.5,104.5,102.5,104.5,54775393,twstock/twse,2026-07-01T08:07:37Z
2317,2023-12-21,103,103.5,102.5,103.5,34981356,twstock/twse,2026-07-01T08:07:37Z
2317,2023-12-22,103.5,104,103,103.5,23874742,twstock/twse,2026-07-01T08:07:37Z
2317,2023-12-25,103.5,104,103,103.5,11452984,twstock/twse,2026-07-01T08:07:37Z
2317,2023-12-26,104,104,103.5,104,10038346,twstock/twse,2026-07-01T08:07:37Z
2317,2023-12-27,104,104,103,103.5,19101096,twstock/twse,2026-07-01T08:07:37Z
2317,2023-12-28,103.5,104,103,104,23454232,twstock/twse,2026-07-01T08:07:37Z
2317,2023-12-29,104,105,103.5,104.5,26228159,twstock/twse,2026-07-01T08:07:37Z
2317,2024-01-02,104.5,105,104,105,20339186,twstock/twse,2026-07-01T08:07:37Z
2317,2024-01-03,104.5,105,104,104.5,19284338,twstock/twse,2026-07-01T08:07:37Z
2317,2024-01-04,104.5,105,104,104,15626821,twstock/twse,2026-07-01T08:07:37Z
2317,2024-01-05,104,104.5,104,104,13458610,twstock/twse,2026-07-01T08:07:37Z
2317,2024-01-08,103.5,104,101.5,101.5,35053132,twstock/twse,2026-07-01T08:07:37Z
2317,2024-01-09,102,102.5,101,101,25951574,twstock/twse,2026-07-01T08:07:37Z
2317,2024-01-10,101,101.5,100,100,23473035,twstock/twse,2026-07-01T08:07:37Z
2317,2024-01-11,100,102,99.7,100.5,34911583,twstock/twse,2026-07-01T08:07:37Z
2317,2024-01-12,100,101.5,100,100.5,29378104,twstock/twse,2026-07-01T08:07:37Z
2317,2024-01-15,101,101.5,100,100,22849994,twstock/twse,2026-07-01T08:07:37Z
2317,2024-01-16,99.8,100.5,99.3,100,26322401,twstock/twse,2026-07-01T08:07:37Z
2317,2024-01-17,99.8,100,98.5,98.6,48863335,twstock/twse,2026-07-01T08:07:37Z
2317,2024-01-18,99,100,98.9,99.9,18285961,twstock/twse,2026-07-01T08:07:37Z
2317,2024-01-19,100,101,100,100.5,16535880,twstock/twse,2026-07-01T08:07:37Z
2317,2024-01-22,100.5,101,99.9,99.9,23125015,twstock/twse,2026-07-01T08:07:37Z
2317,2024-01-23,100,101.5,99.9,101,19081079,twstock/twse,2026-07-01T08:07:37Z
2317,2024-01-24,101,101.5,100.5,100.5,13279806,twstock/twse,2026-07-01T08:07:37Z
2317,2024-01-25,101,102,100.5,102,24411257,twstock/twse,2026-07-01T08:07:37Z
2317,2024-01-26,102,103.5,102,102.5,26269872,twstock/twse,2026-07-01T08:07:37Z
2317,2024-01-29,102.5,103,102,102.5,16486936,twstock/twse,2026-07-01T08:07:37Z
2317,2024-01-30,102.5,103,102,102,17948156,twstock/twse,2026-07-01T08:07:37Z
2317,2024-01-31,102,102.5,101.5,102.5,18670512,twstock/twse,2026-07-01T08:07:37Z
2317,2024-02-01,102.5,103,102,103,15011693,twstock/twse,2026-07-01T08:07:37Z
2317,2024-02-02,102.5,103,101.5,102,17360028,twstock/twse,2026-07-01T08:07:37Z
2317,2024-02-05,101.5,102,101,101.5,17589601,twstock/twse,2026-07-01T08:07:37Z
2317,2024-02-15,101.5,102,101,101,28273526,twstock/twse,2026-07-01T08:07:37Z
2317,2024-02-16,101,101.5,100.5,101.5,36916925,twstock/twse,2026-07-01T08:07:37Z
2317,2024-02-19,101.5,103,101,103,25690866,twstock/twse,2026-07-01T08:07:37Z
2317,2024-02-20,103.5,104.5,103,103.5,39677541,twstock/twse,2026-07-01T08:07:37Z
2317,2024-02-21,103.5,104,103,103,18655698,twstock/twse,2026-07-01T08:07:37Z
2317,2024-02-22,103.5,104,103,103.5,20473149,twstock/twse,2026-07-01T08:07:37Z
2317,2024-02-23,103.5,104,103,103,17387814,twstock/twse,2026-07-01T08:07:37Z
2317,2024-02-26,103,104,103,103.5,20262550,twstock/twse,2026-07-01T08:07:37Z
2317,2024-02-27,104,104.5,103,103.5,29154596,twstock/twse,2026-07-01T08:07:37Z
2317,2024-02-29,103,103.5,103,103,39113569,twstock/twse,2026-07-01T08:07:37Z
2317,2024-03-01,103,103.5,102,102,28288633,twstock/twse,2026-07-01T08:07:37Z
2317,2024-03-04,102.5,107,102.5,106.5,107381334,twstock/twse,2026-07-01T08:07:37Z
2317,2024-03-05,107,108.5,106.5,106.5,75946177,twstock/twse,2026-07-01T08:07:37Z
2317,2024-03-06,106,107.5,105.5,106.5,40719766,twstock/twse,2026-07-01T08:07:37Z
2317,2024-03-07,108,108.5,107,107.5,48017303,twstock/twse,2026-07-01T08:07:37Z
2317,2024-03-08,107.5,108.5,104.5,105,69726404,twstock/twse,2026-07-01T08:07:37Z
2317,2024-03-11,105,111.5,105,109.5,140871436,twstock/twse,2026-07-01T08:07:37Z
2317,2024-03-12,111.5,119,111.5,119,351300080,twstock/twse,2026-07-01T08:07:37Z
2317,2024-03-13,121.5,123.5,118,120.5,345545874,twstock/twse,2026-07-01T08:07:37Z
2317,2024-03-14,121,121.5,117,121,197698899,twstock/twse,2026-07-01T08:07:37Z
2317,2024-03-15,128,133,127,132,407962863,twstock/twse,2026-07-01T08:07:37Z
2317,2024-03-18,133,137,131.5,136,241783637,twstock/twse,2026-07-01T08:07:37Z
2317,2024-03-19,133,136,130,136,173862333,twstock/twse,2026-07-01T08:07:37Z
2317,2024-03-20,136.5,142,135.5,138,206917477,twstock/twse,2026-07-01T08:07:37Z
2317,2024-03-21,141,145,139,142.5,185853649,twstock/twse,2026-07-01T08:07:37Z
2317,2024-03-22,144,148.5,142,145.5,240446038,twstock/twse,2026-07-01T08:07:37Z
2317,2024-03-25,147,147.5,143,145.5,146548712,twstock/twse,2026-07-01T08:07:37Z
2317,2024-03-26,146,147,139,142,183134455,twstock/twse,2026-07-01T08:07:37Z
2317,2024-03-27,143,150,143,148.5,147441892,twstock/twse,2026-07-01T08:07:37Z
2317,2024-03-28,150.5,157,150,155.5,200955134,twstock/twse,2026-07-01T08:07:37Z
2317,2024-03-29,157,157.5,150,150,154117085,twstock/twse,2026-07-01T08:07:37Z
2317,2024-04-01,151,154.5,150,150.5,78537153,twstock/twse,2026-07-01T08:07:37Z
2317,2024-04-02,152,159.5,151,159,180494521,twstock/twse,2026-07-01T08:07:37Z
2317,2024-04-03,156,159,155,159,142522729,twstock/twse,2026-07-01T08:07:37Z
2317,2024-04-08,159,160,156.5,158,109070055,twstock/twse,2026-07-01T08:07:37Z
2317,2024-04-09,158.5,161.5,155.5,158,102584375,twstock/twse,2026-07-01T08:07:37Z
2317,2024-04-10,159,160,154,154.5,98947805,twstock/twse,2026-07-01T08:07:37Z
2317,2024-04-11,153,153.5,147,150,174128794,twstock/twse,2026-07-01T08:07:37Z
2317,2024-04-12,151,153.5,148.5,150.5,118079241,twstock/twse,2026-07-01T08:07:37Z
2317,2024-04-15,148.5,150,144.5,146,113282549,twstock/twse,2026-07-01T08:07:37Z
2317,2024-04-16,142.5,143,137.5,141,177628458,twstock/twse,2026-07-01T08:07:37Z
2317,2024-04-17,143,147.5,141,146.5,105843742,twstock/twse,2026-07-01T08:07:37Z
2317,2024-04-18,144.5,148.5,144.5,148,76071986,twstock/twse,2026-07-01T08:07:37Z
2317,2024-04-19,146,147.5,140,143,133862460,twstock/twse,2026-07-01T08:07:37Z
2317,2024-04-22,141.5,145.5,141.5,143,71622415,twstock/twse,2026-07-01T08:07:37Z
2317,2024-04-23,145.5,146.5,143.5,144,68570312,twstock/twse,2026-07-01T08:07:37Z
2317,2024-04-24,147.5,157,146.5,156,193442337,twstock/twse,2026-07-01T08:07:37Z
2317,2024-04-25,153,154.5,151,151.5,109088390,twstock/twse,2026-07-01T08:07:37Z
2317,2024-04-26,156.5,158,154,155,100344911,twstock/twse,2026-07-01T08:07:37Z
2317,2024-04-29,157,161,156,158.5,99096768,twstock/twse,2026-07-01T08:07:37Z
2317,2024-04-30,159.5,161,156,156,73433543,twstock/twse,2026-07-01T08:07:37Z
2317,2024-05-02,153.5,155,152,154,67513806,twstock/twse,2026-07-01T08:07:37Z
2317,2024-05-03,157.5,159,156,156,68197928,twstock/twse,2026-07-01T08:07:37Z
2317,2024-05-06,161.5,168.5,161,167.5,179516827,twstock/twse,2026-07-01T08:07:37Z
2317,2024-05-07,169.5,171,166.5,169.5,126287105,twstock/twse,2026-07-01T08:07:37Z
2317,2024-05-08,168.5,171.5,168,169.5,78084583,twstock/twse,2026-07-01T08:07:37Z
2317,2024-05-09,169.5,175,169.5,170.5,114983332,twstock/twse,2026-07-01T08:07:37Z
2317,2024-05-10,171.5,172,167,169.5,85310403,twstock/twse,2026-07-01T08:07:37Z
2317,2024-05-13,171,173,169,169.5,78843674,twstock/twse,2026-07-01T08:07:37Z
2317,2024-05-14,170,175,168,172,125671087,twstock/twse,2026-07-01T08:07:37Z
2317,2024-05-15,168,174,165.5,170.5,156608812,twstock/twse,2026-07-01T08:07:37Z
2317,2024-05-16,175,179,170.5,171.5,151581757,twstock/twse,2026-07-01T08:07:37Z
2317,2024-05-17,173,173,167,170,89280668,twstock/twse,2026-07-01T08:07:37Z
2317,2024-05-20,170,170.5,166,167.5,75406063,twstock/twse,2026-07-01T08:07:37Z
2317,2024-05-21,166,168.5,165.5,166,47272089,twstock/twse,2026-07-01T08:07:37Z
2317,2024-05-22,166,170.5,166,169,55692866,twstock/twse,2026-07-01T08:07:37Z
2317,2024-05-23,173.5,174,169.5,173,84761305,twstock/twse,2026-07-01T08:07:37Z
2317,2024-05-24,172,176,171,176,72217014,twstock/twse,2026-07-01T08:07:37Z
2317,2024-05-27,179,185,178.5,185,115328484,twstock/twse,2026-07-01T08:07:37Z
2317,2024-05-28,185.5,186,183.5,185.5,71081551,twstock/twse,2026-07-01T08:07:37Z
2317,2024-05-29,185.5,186,180.5,180.5,79257473,twstock/twse,2026-07-01T08:07:37Z
2317,2024-05-30,177,179.5,176,176.5,80629020,twstock/twse,2026-07-01T08:07:37Z
2317,2024-05-31,177,179,172,172,150789406,twstock/twse,2026-07-01T08:07:37Z
2317,2024-06-03,177,179.5,174.5,176.5,90323078,twstock/twse,2026-07-01T08:07:37Z
2317,2024-06-04,175,176.5,170,171,104412410,twstock/twse,2026-07-01T08:07:37Z
2317,2024-06-05,171,178,168.5,175.5,118643822,twstock/twse,2026-07-01T08:07:37Z
2317,2024-06-06,181.5,183,177.5,177.5,122671053,twstock/twse,2026-07-01T08:07:37Z
2317,2024-06-07,177.5,180,176.5,177.5,56520045,twstock/twse,2026-07-01T08:07:37Z
2317,2024-06-11,179,181.5,177.5,180.5,85329821,twstock/twse,2026-07-01T08:07:37Z
2317,2024-06-12,184,188,182.5,187.5,126289783,twstock/twse,2026-07-01T08:07:37Z
2317,2024-06-13,191,195,188,192,148512198,twstock/twse,2026-07-01T08:07:37Z
2317,2024-06-14,192.5,198.5,191,198,125211164,twstock/twse,2026-07-01T08:07:37Z
2317,2024-06-17,197.5,200,195,200,90945035,twstock/twse,2026-07-01T08:07:37Z
2317,2024-06-18,200.5,201,197,198.5,93439720,twstock/twse,2026-07-01T08:07:37Z
2317,2024-06-19,200,208,199.5,203,176031571,twstock/twse,2026-07-01T08:07:37Z
2317,2024-06-20,205,217.5,203.5,217.5,180562091,twstock/twse,2026-07-01T08:07:37Z
2317,2024-06-21,211,217.5,211,212,174076905,twstock/twse,2026-07-01T08:07:37Z
2317,2024-06-24,209.5,210,205,206,109548050,twstock/twse,2026-07-01T08:07:37Z
2317,2024-06-25,203,212,201,211,121206515,twstock/twse,2026-07-01T08:07:37Z
2317,2024-06-26,211.5,215.5,210,210,110939569,twstock/twse,2026-07-01T08:07:37Z
2317,2024-06-27,208,214.5,207.5,212.5,85520365,twstock/twse,2026-07-01T08:07:37Z
2317,2024-06-28,214,216,212.5,214,76615716,twstock/twse,2026-07-01T08:07:37Z
2317,2024-07-01,215,217,214.5,216,74505315,twstock/twse,2026-07-01T08:07:37Z
2317,2024-07-02,212,213,203,204.5,147154898,twstock/twse,2026-07-01T08:07:37Z
2317,2024-07-03,205,208,203,203,77916135,twstock/twse,2026-07-01T08:07:37Z
2317,2024-07-04,208,215,207.5,214.5,112375851,twstock/twse,2026-07-01T08:07:37Z
2317,2024-07-05,214,215.5,212.5,214.5,44877435,twstock/twse,2026-07-01T08:07:37Z
2317,2024-07-08,217,226.5,216.5,226.5,116266597,twstock/twse,2026-07-01T08:07:37Z
2317,2024-07-09,226.5,234.5,220.5,225.5,140667212,twstock/twse,2026-07-01T08:07:37Z
2317,2024-07-10,225.5,226,220.5,223.5,72345924,twstock/twse,2026-07-01T08:07:37Z
2317,2024-07-11,226.5,229,224,225.5,66478277,twstock/twse,2026-07-01T08:07:37Z
2317,2024-07-12,219,221,214,216,145211899,twstock/twse,2026-07-01T08:07:37Z
2317,2024-07-15,216.5,219,214.5,216.5,53360233,twstock/twse,2026-07-01T08:07:37Z
2317,2024-07-16,216.5,217.5,212.5,213,84353418,twstock/twse,2026-07-01T08:07:37Z
2317,2024-07-17,213,217.5,211.5,212,76957900,twstock/twse,2026-07-01T08:07:37Z
2317,2024-07-18,206,209,203,204,136319692,twstock/twse,2026-07-01T08:07:37Z
2317,2024-07-19,200.5,204,200,204,92595590,twstock/twse,2026-07-01T08:07:37Z
2317,2024-07-22,203,204,191,192.5,162437272,twstock/twse,2026-07-01T08:07:37Z
2317,2024-07-23,198.5,201.5,197,201.5,86260900,twstock/twse,2026-07-01T08:07:37Z
2317,2024-07-26,190,194,188.5,192,105379193,twstock/twse,2026-07-01T08:07:37Z
2317,2024-07-29,196,197,192,193,59992669,twstock/twse,2026-07-01T08:07:37Z
2317,2024-07-30,190.5,197,189,196,56000732,twstock/twse,2026-07-01T08:07:37Z
2317,2024-07-31,194.5,202,194,198,78102814,twstock/twse,2026-07-01T08:07:37Z
2317,2024-08-01,205,205.5,200.5,202.5,71018214,twstock/twse,2026-07-01T08:07:37Z
2317,2024-08-02,192.5,194.5,185.5,186.5,180006074,twstock/twse,2026-07-01T08:07:37Z
2317,2024-08-05,169.5,172.5,168,168,235984497,twstock/twse,2026-07-01T08:07:37Z
2317,2024-08-06,173.5,175,160,167.5,312722064,twstock/twse,2026-07-01T08:07:37Z
2317,2024-08-07,169,175,168,170.5,172980115,twstock/twse,2026-07-01T08:07:37Z
2317,2024-08-08,163.5,166.5,161,163.5,175362627,twstock/twse,2026-07-01T08:07:37Z
2317,2024-08-09,170,172,168,168.5,138560409,twstock/twse,2026-07-01T08:07:37Z
2317,2024-08-12,172,179,171.5,176,116336000,twstock/twse,2026-07-01T08:07:37Z
2317,2024-08-13,180,183,178,181,117511594,twstock/twse,2026-07-01T08:07:37Z
2317,2024-08-14,186,187,183.5,185.5,99284664,twstock/twse,2026-07-01T08:07:37Z
2317,2024-08-15,185.5,186,181,181,85168990,twstock/twse,2026-07-01T08:07:37Z
2317,2024-08-16,186,187,183,184,73463052,twstock/twse,2026-07-01T08:07:37Z
2317,2024-08-19,185,188,184.5,187,58296324,twstock/twse,2026-07-01T08:07:37Z
2317,2024-08-20,189.5,191,186,186.5,85359040,twstock/twse,2026-07-01T08:07:37Z
2317,2024-08-21,185,186,181.5,183.5,73330894,twstock/twse,2026-07-01T08:07:37Z
2317,2024-08-22,184,185,179,179.5,74784164,twstock/twse,2026-07-01T08:07:37Z
2317,2024-08-23,176,181,175,180,50027162,twstock/twse,2026-07-01T08:07:37Z
2317,2024-08-26,182,185,180.5,182,42914990,twstock/twse,2026-07-01T08:07:37Z
2317,2024-08-27,181.5,182,179,180.5,28579088,twstock/twse,2026-07-01T08:07:37Z
2317,2024-08-28,181,186,179.5,185.5,60573731,twstock/twse,2026-07-01T08:07:37Z
2317,2024-08-29,180.5,185.5,180,184.5,58392678,twstock/twse,2026-07-01T08:07:37Z
2317,2024-08-30,185,186,183.5,184.5,55298840,twstock/twse,2026-07-01T08:07:37Z
2317,2024-09-02,185.5,187,182,183,36343903,twstock/twse,2026-07-01T08:07:37Z
2317,2024-09-03,184,187,183,185,52160276,twstock/twse,2026-07-01T08:07:37Z
2317,2024-09-04,175,181,172,179.5,126923199,twstock/twse,2026-07-01T08:07:37Z
2317,2024-09-05,180,181,175,175,77629690,twstock/twse,2026-07-01T08:07:37Z
2317,2024-09-06,175.5,178,175,176.5,39222622,twstock/twse,2026-07-01T08:07:37Z
2317,2024-09-09,172,174,170.5,172,68938987,twstock/twse,2026-07-01T08:07:37Z
2317,2024-09-10,173.5,174,167.5,169,92555358,twstock/twse,2026-07-01T08:07:37Z
2317,2024-09-11,170,172,169.5,169.5,29538055,twstock/twse,2026-07-01T08:07:37Z
2317,2024-09-12,174.5,177.5,174,177.5,53142993,twstock/twse,2026-07-01T08:07:37Z
2317,2024-09-13,179,179.5,175,176,37100441,twstock/twse,2026-07-01T08:07:37Z
2317,2024-09-16,177,182,175,181,54484267,twstock/twse,2026-07-01T08:07:37Z
2317,2024-09-18,179,179.5,173.5,174,78892097,twstock/twse,2026-07-01T08:07:37Z
2317,2024-09-19,174.5,176.5,173,176.5,41818994,twstock/twse,2026-07-01T08:07:37Z
2317,2024-09-20,180,182,177,177,82199775,twstock/twse,2026-07-01T08:07:37Z
2317,2024-09-23,178,180.5,177.5,180,30951518,twstock/twse,2026-07-01T08:07:37Z
2317,2024-09-24,179,184,178,183,57714716,twstock/twse,2026-07-01T08:07:37Z
2317,2024-09-25,186.5,191,186,188.5,119878344,twstock/twse,2026-07-01T08:07:37Z
2317,2024-09-26,192,193,188.5,189.5,66162758,twstock/twse,2026-07-01T08:07:37Z
2317,2024-09-27,192,194,190,191,69739488,twstock/twse,2026-07-01T08:07:37Z
2317,2024-09-30,190,191,187.5,187.5,64605410,twstock/twse,2026-07-01T08:07:37Z
2317,2024-10-01,189,190,185.5,187,36339680,twstock/twse,2026-07-01T08:07:37Z
2317,2024-10-04,188,196.5,188,194,118705879,twstock/twse,2026-07-01T08:07:37Z
2317,2024-10-07,199,199,195,197.5,84399003,twstock/twse,2026-07-01T08:07:37Z
2317,2024-10-08,197,197.5,194,194,56919495,twstock/twse,2026-07-01T08:07:37Z
2317,2024-10-09,198,200,197,199,84123315,twstock/twse,2026-07-01T08:07:37Z
2317,2024-10-11,200,202,199,200,71856959,twstock/twse,2026-07-01T08:07:37Z
2317,2024-10-14,200,200,196.5,199,36897701,twstock/twse,2026-07-01T08:07:37Z
2317,2024-10-15,201,207.5,200.5,207,129198222,twstock/twse,2026-07-01T08:07:37Z
2317,2024-10-16,204,207.5,203.5,205,99708717,twstock/twse,2026-07-01T08:07:37Z
2317,2024-10-17,207.5,209,204,208.5,66198561,twstock/twse,2026-07-01T08:07:37Z
2317,2024-10-18,210,211,207,207.5,107497437,twstock/twse,2026-07-01T08:07:37Z
2317,2024-10-21,210,213.5,209,210,59461934,twstock/twse,2026-07-01T08:07:37Z
2317,2024-10-22,211,216,209,215.5,94132714,twstock/twse,2026-07-01T08:07:37Z
2317,2024-10-23,214.5,217,213,216,51836095,twstock/twse,2026-07-01T08:07:37Z
2317,2024-10-24,215,215.5,210,211.5,80712284,twstock/twse,2026-07-01T08:07:37Z
2317,2024-10-25,212.5,216,212,216,49896574,twstock/twse,2026-07-01T08:07:37Z
2317,2024-10-28,218.5,221.5,214,215,96697162,twstock/twse,2026-07-01T08:07:37Z
2317,2024-10-29,213,213,207,209.5,87991240,twstock/twse,2026-07-01T08:07:37Z
2317,2024-10-30,209.5,215.5,209,211.5,68400059,twstock/twse,2026-07-01T08:07:37Z
2317,2024-11-01,202,208.5,201.5,208,89610123,twstock/twse,2026-07-01T08:07:37Z
2317,2024-11-04,209,214,208,214,58094813,twstock/twse,2026-07-01T08:07:37Z
2317,2024-11-05,212,215.5,211,214,43852449,twstock/twse,2026-07-01T08:07:37Z
2317,2024-11-06,215,217,212.5,213.5,67838254,twstock/twse,2026-07-01T08:07:37Z
2317,2024-11-07,212,219,212,217,77417403,twstock/twse,2026-07-01T08:07:37Z
2317,2024-11-08,219.5,220,217.5,218,54800994,twstock/twse,2026-07-01T08:07:37Z
2317,2024-11-11,219.5,220,217.5,220,42180625,twstock/twse,2026-07-01T08:07:37Z
2317,2024-11-12,217.5,218.5,214,214,69315077,twstock/twse,2026-07-01T08:07:37Z
2317,2024-11-13,212.5,216.5,212.5,214.5,55926693,twstock/twse,2026-07-01T08:07:37Z
2317,2024-11-14,215,215.5,209,211.5,72322171,twstock/twse,2026-07-01T08:07:37Z
2317,2024-11-15,212,214.5,206,207,102463857,twstock/twse,2026-07-01T08:07:37Z
2317,2024-11-18,205,208,202,202.5,61852042,twstock/twse,2026-07-01T08:07:37Z
2317,2024-11-19,203.5,205,201,203.5,60416837,twstock/twse,2026-07-01T08:07:37Z
2317,2024-11-20,206.5,208.5,205,206,44351353,twstock/twse,2026-07-01T08:07:37Z
2317,2024-11-21,205,205,202,202.5,50295948,twstock/twse,2026-07-01T08:07:37Z
2317,2024-11-22,205.5,207,203,203,37504512,twstock/twse,2026-07-01T08:07:37Z
2317,2024-11-25,206,210.5,205.5,210.5,80800240,twstock/twse,2026-07-01T08:07:37Z
2317,2024-11-26,207,207,202,202.5,95313693,twstock/twse,2026-07-01T08:07:37Z
2317,2024-11-27,200.5,201,196.5,196.5,96019881,twstock/twse,2026-07-01T08:07:37Z
2317,2024-11-28,196,199,193,195.5,58511555,twstock/twse,2026-07-01T08:07:37Z
2317,2024-11-29,193.5,199,192.5,195.5,50800936,twstock/twse,2026-07-01T08:07:37Z
2317,2024-12-02,198.5,199.5,195.5,196,47905269,twstock/twse,2026-07-01T08:07:37Z
2317,2024-12-03,198.5,200,196.5,196.5,52170125,twstock/twse,2026-07-01T08:07:37Z
2317,2024-12-04,197.5,201.5,197,201,50379504,twstock/twse,2026-07-01T08:07:37Z
2317,2024-12-05,203,203.5,199,199,46475440,twstock/twse,2026-07-01T08:07:37Z
2317,2024-12-06,199.5,201.5,197.5,198,47526532,twstock/twse,2026-07-01T08:07:37Z
2317,2024-12-09,198.5,199,195,195,41114306,twstock/twse,2026-07-01T08:07:37Z
2317,2024-12-10,193,195,192,192,58994150,twstock/twse,2026-07-01T08:07:37Z
2317,2024-12-11,190,194,189,189,66246732,twstock/twse,2026-07-01T08:07:37Z
2317,2024-12-12,190.5,193,188.5,188.5,50634757,twstock/twse,2026-07-01T08:07:37Z
2317,2024-12-13,188.5,189.5,185.5,186.5,55417050,twstock/twse,2026-07-01T08:07:37Z
2317,2024-12-16,188,189.5,181.5,182,75228642,twstock/twse,2026-07-01T08:07:37Z
2317,2024-12-17,181,186,181,183,55667607,twstock/twse,2026-07-01T08:07:37Z
2317,2024-12-18,183,185.5,182.5,184.5,47937386,twstock/twse,2026-07-01T08:07:37Z
2317,2024-12-19,181,182,179,181,65029900,twstock/twse,2026-07-01T08:07:37Z
2317,2024-12-20,181,184,180,181,56744328,twstock/twse,2026-07-01T08:07:37Z
2317,2024-12-23,185,187.5,184,185.5,52761423,twstock/twse,2026-07-01T08:07:37Z
2317,2024-12-24,187.5,187.5,185.5,185.5,33589660,twstock/twse,2026-07-01T08:07:37Z
2317,2024-12-25,186.5,188,186,186.5,21758176,twstock/twse,2026-07-01T08:07:37Z
2317,2024-12-26,187.5,189,187,187.5,36347153,twstock/twse,2026-07-01T08:07:37Z
2317,2024-12-27,187.5,188,185.5,186.5,22136195,twstock/twse,2026-07-01T08:07:37Z
2317,2024-12-30,185.5,187,184.5,185,24531536,twstock/twse,2026-07-01T08:07:37Z
2317,2024-12-31,184.5,185,183,184,22003451,twstock/twse,2026-07-01T08:07:37Z
2317,2025-01-02,184,186,181.5,182.5,41467354,twstock/twse,2026-07-01T08:07:37Z
2317,2025-01-03,183,184,180.5,181,48659205,twstock/twse,2026-07-01T08:07:37Z
2317,2025-01-06,185,187.5,183.5,184.5,67829021,twstock/twse,2026-07-01T08:07:37Z
2317,2025-01-07,187,192,186.5,190,83019294,twstock/twse,2026-07-01T08:07:37Z
2317,2025-01-08,190,190,187,188,41798818,twstock/twse,2026-07-01T08:07:37Z
2317,2025-01-09,188,188,183,183,47079538,twstock/twse,2026-07-01T08:07:37Z
2317,2025-01-10,182.5,184,181,181.5,42317494,twstock/twse,2026-07-01T08:07:37Z
2317,2025-01-13,180,180.5,171.5,171.5,157188534,twstock/twse,2026-07-01T08:07:37Z
2317,2025-01-14,171.5,174.5,171,174.5,64355673,twstock/twse,2026-07-01T08:07:37Z
2317,2025-01-15,174.5,175.5,171,171,60432737,twstock/twse,2026-07-01T08:07:37Z
2317,2025-01-16,175,176,173,173.5,42128703,twstock/twse,2026-07-01T08:07:37Z
2317,2025-01-17,173,175.5,172,173.5,47442329,twstock/twse,2026-07-01T08:07:37Z
2317,2025-01-20,174.5,178,174.5,178,35167919,twstock/twse,2026-07-01T08:07:37Z
2317,2025-01-21,178.5,180,177,178.5,32613034,twstock/twse,2026-07-01T08:07:37Z
2317,2025-01-22,180.5,181,178.5,180,44375092,twstock/twse,2026-07-01T08:07:37Z
2317,2025-02-03,164,168,163.5,165.5,168103694,twstock/twse,2026-07-01T08:07:37Z
2317,2025-02-04,167,169,165,165,68458788,twstock/twse,2026-07-01T08:07:37Z
2317,2025-02-05,167,171.5,167,171,53304973,twstock/twse,2026-07-01T08:07:37Z
2317,2025-02-06,172.5,174,171,173,41060652,twstock/twse,2026-07-01T08:07:37Z
2317,2025-02-07,175,178,174,178,52118210,twstock/twse,2026-07-01T08:07:37Z
2317,2025-02-10,176,176.5,174,174,37723196,twstock/twse,2026-07-01T08:07:37Z
2317,2025-02-11,178,182,176,179,71048641,twstock/twse,2026-07-01T08:07:37Z
2317,2025-02-12,181.5,181.5,177,177,42666219,twstock/twse,2026-07-01T08:07:37Z
2317,2025-02-13,177,181,177,180,40596733,twstock/twse,2026-07-01T08:07:37Z
2317,2025-02-14,180,180.5,177.5,178,26925038,twstock/twse,2026-07-01T08:07:37Z
2317,2025-02-17,179.5,182.5,179,182.5,47251327,twstock/twse,2026-07-01T08:07:37Z
2317,2025-02-18,183,184,181,183.5,27184244,twstock/twse,2026-07-01T08:07:37Z
2317,2025-02-19,183.5,184.5,182,183,35389548,twstock/twse,2026-07-01T08:07:37Z
2317,2025-02-20,183,183.5,181.5,182,23659372,twstock/twse,2026-07-01T08:07:37Z
2317,2025-02-21,181.5,184,181,183,35359340,twstock/twse,2026-07-01T08:07:37Z
2317,2025-02-24,181,184,180.5,184,27928907,twstock/twse,2026-07-01T08:07:37Z
2317,2025-02-25,181.5,182,177.5,177.5,70811787,twstock/twse,2026-07-01T08:07:37Z
2317,2025-02-26,175,181,174.5,180.5,45145771,twstock/twse,2026-07-01T08:07:37Z
2317,2025-02-27,180,181.5,174,174,81509723,twstock/twse,2026-07-01T08:07:37Z
2317,2025-03-03,172,175,170,170,70556492,twstock/twse,2026-07-01T08:07:37Z
2317,2025-03-04,165.5,172,165,170.5,71127819,twstock/twse,2026-07-01T08:07:37Z
2317,2025-03-05,171.5,175,171.5,173.5,45364409,twstock/twse,2026-07-01T08:07:37Z
2317,2025-03-06,175.5,176,173.5,173.5,28989951,twstock/twse,2026-07-01T08:07:37Z
2317,2025-03-07,171,174.5,171,172,32530175,twstock/twse,2026-07-01T08:07:37Z
2317,2025-03-10,173.5,174,170,172,36673846,twstock/twse,2026-07-01T08:07:37Z
2317,2025-03-11,166,169.5,165,168.5,69729259,twstock/twse,2026-07-01T08:07:37Z
2317,2025-03-12,169,171.5,169,170.5,41085436,twstock/twse,2026-07-01T08:07:37Z
2317,2025-03-13,172.5,174,168,168,35310891,twstock/twse,2026-07-01T08:07:37Z
2317,2025-03-14,168.5,170.5,168,170,33052530,twstock/twse,2026-07-01T08:07:37Z
2317,2025-03-17,172,172.5,168,168,50999196,twstock/twse,2026-07-01T08:07:37Z
2317,2025-03-18,169,169.5,167,167.5,40404616,twstock/twse,2026-07-01T08:07:37Z
2317,2025-03-19,167,167.5,163.5,164,80802409,twstock/twse,2026-07-01T08:07:37Z
2317,2025-03-20,165,167,164.5,166,37221459,twstock/twse,2026-07-01T08:07:37Z
2317,2025-03-21,167,167,165,165,55445821,twstock/twse,2026-07-01T08:07:37Z
2317,2025-03-24,166.5,167,163,163,42919426,twstock/twse,2026-07-01T08:07:37Z
2317,2025-03-25,165.5,166.5,164,165,34677689,twstock/twse,2026-07-01T08:07:37Z
2317,2025-03-26,166,167,165,166,19840998,twstock/twse,2026-07-01T08:07:37Z
2317,2025-03-27,163.5,164,160,160.5,68898389,twstock/twse,2026-07-01T08:07:37Z
2317,2025-03-28,158,158.5,153,154,111580460,twstock/twse,2026-07-01T08:07:37Z
2317,2025-03-31,145,149.5,145,146,130858564,twstock/twse,2026-07-01T08:07:37Z
2317,2025-04-01,148.5,153,148,152,61385394,twstock/twse,2026-07-01T08:07:37Z
2317,2025-04-02,153,154.5,152,153.5,38868764,twstock/twse,2026-07-01T08:07:37Z
2317,2025-04-07,138.5,138.5,138.5,138.5,30755604,twstock/twse,2026-07-01T08:07:37Z
2317,2025-04-08,127,130.5,125,125,308542896,twstock/twse,2026-07-01T08:07:37Z
2317,2025-04-09,119,122.5,112.5,112.5,366032118,twstock/twse,2026-07-01T08:07:37Z
2317,2025-04-10,123.5,123.5,123.5,123.5,36901188,twstock/twse,2026-07-01T08:07:37Z
2317,2025-04-11,118.5,135,117,134.5,297865611,twstock/twse,2026-07-01T08:07:37Z
2317,2025-04-14,141.5,145,136,138.5,214264335,twstock/twse,2026-07-01T08:07:37Z
2317,2025-04-15,139,140,136,139.5,86203486,twstock/twse,2026-07-01T08:07:37Z
2317,2025-04-16,138,139.5,136,136,61680512,twstock/twse,2026-07-01T08:07:37Z
2317,2025-04-17,134.5,135.5,132,134.5,64431249,twstock/twse,2026-07-01T08:07:37Z
2317,2025-04-18,135,136.5,133.5,135.5,26363008,twstock/twse,2026-07-01T08:07:37Z
2317,2025-04-21,135,137,134.5,136.5,32102734,twstock/twse,2026-07-01T08:07:37Z
2317,2025-04-22,134.5,136,131.5,132,44476006,twstock/twse,2026-07-01T08:07:37Z
2317,2025-04-23,136,139.5,136,139,65973272,twstock/twse,2026-07-01T08:07:37Z
2317,2025-04-24,139,139,135.5,136.5,46353045,twstock/twse,2026-07-01T08:07:37Z
2317,2025-04-25,140.5,141,138.5,139,57201568,twstock/twse,2026-07-01T08:07:37Z
2317,2025-04-28,140,143.5,140,142.5,47321711,twstock/twse,2026-07-01T08:07:37Z
2317,2025-04-29,141.5,143.5,141,143,40351039,twstock/twse,2026-07-01T08:07:37Z
2317,2025-04-30,143,144,141.5,141.5,42090535,twstock/twse,2026-07-01T08:07:37Z
2317,2025-05-02,144.5,148,144,147.5,60280797,twstock/twse,2026-07-01T08:07:37Z
2317,2025-05-05,149,149,142,142.5,66798494,twstock/twse,2026-07-01T08:07:37Z
2317,2025-05-06,142.5,146.5,142,146,53330985,twstock/twse,2026-07-01T08:07:37Z
2317,2025-05-07,146.5,148,143.5,145,43382455,twstock/twse,2026-07-01T08:07:37Z
2317,2025-05-08,145.5,146.5,144.5,146,29519952,twstock/twse,2026-07-01T08:07:37Z
2317,2025-05-09,146.5,147.5,145.5,147,30063441,twstock/twse,2026-07-01T08:07:37Z
2317,2025-05-12,149,153,148.5,153,59409981,twstock/twse,2026-07-01T08:07:37Z
2317,2025-05-13,159.5,161.5,157,158,95098747,twstock/twse,2026-07-01T08:07:37Z
2317,2025-05-14,161.5,163,159.5,163,71682968,twstock/twse,2026-07-01T08:07:37Z
2317,2025-05-15,163,163,158.5,159.5,71845843,twstock/twse,2026-07-01T08:07:37Z
2317,2025-05-16,158.5,159.5,157,158,34670607,twstock/twse,2026-07-01T08:07:37Z
2317,2025-05-19,157,158,154,154,53345121,twstock/twse,2026-07-01T08:07:37Z
2317,2025-05-20,157,158.5,153.5,154,41647356,twstock/twse,2026-07-01T08:07:37Z
2317,2025-05-21,155,156.5,154.5,155,29698374,twstock/twse,2026-07-01T08:07:37Z
2317,2025-05-22,153.5,154,151.5,153,37074612,twstock/twse,2026-07-01T08:07:37Z
2317,2025-05-23,156,156,153,154,22518013,twstock/twse,2026-07-01T08:07:37Z
2317,2025-05-26,152.5,155,151,153,28992215,twstock/twse,2026-07-01T08:07:37Z
2317,2025-05-27,153.5,155,152,152,27594038,twstock/twse,2026-07-01T08:07:37Z
2317,2025-05-28,154,154,151.5,152,31758614,twstock/twse,2026-07-01T08:07:37Z
2317,2025-05-29,154.5,158,154,156,91749249,twstock/twse,2026-07-01T08:07:37Z
2317,2025-06-02,154,154.5,151,152.5,55748448,twstock/twse,2026-07-01T08:07:37Z
2317,2025-06-03,153.5,155,151.5,151.5,38422320,twstock/twse,2026-07-01T08:07:37Z
2317,2025-06-04,153.5,156,153,156,39837003,twstock/twse,2026-07-01T08:07:37Z
2317,2025-06-05,156.5,157,155.5,155.5,34529119,twstock/twse,2026-07-01T08:07:37Z
2317,2025-06-06,155.5,155.5,153,153,24170636,twstock/twse,2026-07-01T08:07:37Z
2317,2025-06-09,155,155.5,154,154.5,18474613,twstock/twse,2026-07-01T08:07:37Z
2317,2025-06-10,155.5,156,155,155.5,33025153,twstock/twse,2026-07-01T08:07:37Z
2317,2025-06-11,156.5,157.5,155.5,156,27402761,twstock/twse,2026-07-01T08:07:37Z
2317,2025-06-12,155.5,158,154,157.5,33551155,twstock/twse,2026-07-01T08:07:37Z
2317,2025-06-13,157,158.5,156,156.5,37530090,twstock/twse,2026-07-01T08:07:37Z
2317,2025-06-16,156,157,154.5,155,21896497,twstock/twse,2026-07-01T08:07:37Z
2317,2025-06-17,156.5,157,154.5,155,25564725,twstock/twse,2026-07-01T08:07:37Z
2317,2025-06-18,155,156.5,154,156,38500036,twstock/twse,2026-07-01T08:07:37Z
2317,2025-06-19,155.5,156,154,154,20674399,twstock/twse,2026-07-01T08:07:37Z
2317,2025-06-20,154.5,155.5,153,155.5,60372534,twstock/twse,2026-07-01T08:07:37Z
2317,2025-06-23,153,156,152,156,49297718,twstock/twse,2026-07-01T08:07:37Z
2317,2025-06-24,158,162,157.5,160.5,67130349,twstock/twse,2026-07-01T08:07:37Z
2317,2025-06-25,161.5,162,160,162,48758589,twstock/twse,2026-07-01T08:07:37Z
2317,2025-06-26,162,164,161.5,163,65708560,twstock/twse,2026-07-01T08:07:37Z
2317,2025-06-27,163,165.5,162.5,165,75664710,twstock/twse,2026-07-01T08:07:37Z
2317,2025-06-30,166,166.5,161,161,62308280,twstock/twse,2026-07-01T08:07:37Z
2317,2025-07-01,161.5,166,161,165.5,103158692,twstock/twse,2026-07-01T08:07:37Z
2317,2025-07-02,160,162,160,162,66421265,twstock/twse,2026-07-01T08:07:37Z
2317,2025-07-03,164,164.5,163,164,46192607,twstock/twse,2026-07-01T08:07:37Z
2317,2025-07-04,164,164.5,160.5,161,27987146,twstock/twse,2026-07-01T08:07:37Z
2317,2025-07-07,161,162,159.5,161,24255997,twstock/twse,2026-07-01T08:07:37Z
2317,2025-07-08,160.5,161,158.5,159,30781568,twstock/twse,2026-07-01T08:07:37Z
2317,2025-07-09,159.5,161.5,159,161,29446200,twstock/twse,2026-07-01T08:07:37Z
2317,2025-07-10,161,162.5,160,161.5,31990223,twstock/twse,2026-07-01T08:07:37Z
2317,2025-07-11,161.5,162.5,160.5,161.5,21551645,twstock/twse,2026-07-01T08:07:37Z
2317,2025-07-14,161.5,162.5,160.5,160.5,18862970,twstock/twse,2026-07-01T08:07:37Z
2317,2025-07-15,160,163,160,163,20779193,twstock/twse,2026-07-01T08:07:37Z
2317,2025-07-16,163,164,162.5,162.5,25282174,twstock/twse,2026-07-01T08:07:37Z
2317,2025-07-17,163,164,162.5,164,20679892,twstock/twse,2026-07-01T08:07:37Z
2317,2025-07-18,165,166,164.5,165.5,35368360,twstock/twse,2026-07-01T08:07:37Z
2317,2025-07-21,166,166.5,164.5,165,17115644,twstock/twse,2026-07-01T08:07:37Z
2317,2025-07-22,165,166,161.5,162,39452683,twstock/twse,2026-07-01T08:07:37Z
2317,2025-07-23,163.5,166,163.5,166,51058093,twstock/twse,2026-07-01T08:07:37Z
2317,2025-07-24,168,174,167.5,174,127736383,twstock/twse,2026-07-01T08:07:37Z
2317,2025-07-25,175.5,175.5,173,174.5,57244442,twstock/twse,2026-07-01T08:07:37Z
2317,2025-07-28,176,178,175.5,176,55666706,twstock/twse,2026-07-01T08:07:37Z
2317,2025-07-29,175,175.5,171,171.5,49613588,twstock/twse,2026-07-01T08:07:37Z
2317,2025-07-31,178,179,176,178,90529600,twstock/twse,2026-07-01T08:07:37Z
2317,2025-08-01,175,181.5,175,181.5,65361707,twstock/twse,2026-07-01T08:07:37Z
2317,2025-08-04,179.5,181,178.5,180,44503796,twstock/twse,2026-07-01T08:07:37Z
2317,2025-08-05,182,185,182,184.5,52169907,twstock/twse,2026-07-01T08:07:37Z
2317,2025-08-06,185.5,188.5,184,186,68868790,twstock/twse,2026-07-01T08:07:37Z
2317,2025-08-07,190,195,190,194.5,119398749,twstock/twse,2026-07-01T08:07:37Z
2317,2025-08-08,197,197,193.5,194.5,65469369,twstock/twse,2026-07-01T08:07:37Z
2317,2025-08-11,194,198,192.5,198,52291064,twstock/twse,2026-07-01T08:07:37Z
2317,2025-08-12,198.5,199,195.5,197,38689326,twstock/twse,2026-07-01T08:07:37Z
2317,2025-08-13,198,199,193.5,198.5,103356675,twstock/twse,2026-07-01T08:07:37Z
2317,2025-08-14,197.5,200,197,199.5,78943020,twstock/twse,2026-07-01T08:07:37Z
2317,2025-08-15,205,208,202,207,156672765,twstock/twse,2026-07-01T08:07:37Z
2317,2025-08-18,207.5,210,206,210,73566364,twstock/twse,2026-07-01T08:07:37Z
2317,2025-08-19,210,212,208,208,49978122,twstock/twse,2026-07-01T08:07:37Z
2317,2025-08-20,206,206.5,200,200.5,124219182,twstock/twse,2026-07-01T08:07:37Z
2317,2025-08-21,201,206,201,206,67845018,twstock/twse,2026-07-01T08:07:37Z
2317,2025-08-22,208,208,202,202.5,54944456,twstock/twse,2026-07-01T08:07:37Z
2317,2025-08-25,207,208,206,207.5,52074373,twstock/twse,2026-07-01T08:07:37Z
2317,2025-08-26,207,209,206,209,42252559,twstock/twse,2026-07-01T08:07:37Z
2317,2025-08-27,210,210,207.5,208,41852802,twstock/twse,2026-07-01T08:07:37Z
2317,2025-08-28,207.5,207.5,204,206,48681221,twstock/twse,2026-07-01T08:07:37Z
2317,2025-08-29,206,207,202.5,203.5,55250195,twstock/twse,2026-07-01T08:07:37Z
2317,2025-09-01,203,204.5,197,198.5,70459817,twstock/twse,2026-07-01T08:07:37Z
2317,2025-09-02,200,203.5,198,198.5,35779045,twstock/twse,2026-07-01T08:07:37Z
2317,2025-09-03,198.5,201,197,200.5,34371962,twstock/twse,2026-07-01T08:07:37Z
2317,2025-09-04,203,205,202,203,41864177,twstock/twse,2026-07-01T08:07:37Z
2317,2025-09-05,205.5,206.5,203,205,39235404,twstock/twse,2026-07-01T08:07:37Z
2317,2025-09-08,206,207.5,202,203.5,45711589,twstock/twse,2026-07-01T08:07:37Z
2317,2025-09-09,204.5,208,204,207.5,64990917,twstock/twse,2026-07-01T08:07:37Z
2317,2025-09-10,211,211,209,210,86104648,twstock/twse,2026-07-01T08:07:37Z
2317,2025-09-11,212,216.5,209,214.5,133210297,twstock/twse,2026-07-01T08:07:37Z
2317,2025-09-12,217,218.5,216.5,217.5,74001120,twstock/twse,2026-07-01T08:07:37Z
2317,2025-09-15,218.5,218.5,213,216,56651315,twstock/twse,2026-07-01T08:07:37Z
2317,2025-09-16,217,217,213.5,215.5,50810161,twstock/twse,2026-07-01T08:07:37Z
2317,2025-09-17,214,214.5,211,212,57358177,twstock/twse,2026-07-01T08:07:37Z
2317,2025-09-18,211.5,216,208,215,80554452,twstock/twse,2026-07-01T08:07:37Z
2317,2025-09-19,216.5,217,214,214,60640765,twstock/twse,2026-07-01T08:07:37Z
2317,2025-09-22,215.5,218,214,216,34758075,twstock/twse,2026-07-01T08:07:37Z
2317,2025-09-23,218,222,217.5,221,106127922,twstock/twse,2026-07-01T08:07:37Z
2317,2025-09-24,222,223,219,223,66406960,twstock/twse,2026-07-01T08:07:37Z
2317,2025-09-25,223,231,222.5,230,126590277,twstock/twse,2026-07-01T08:07:37Z
2317,2025-09-26,230,230.5,218.5,219.5,122225692,twstock/twse,2026-07-01T08:07:37Z
2317,2025-09-30,224,224,215.5,216,92277798,twstock/twse,2026-07-01T08:07:37Z
2317,2025-10-01,219,222,216,219,58600187,twstock/twse,2026-07-01T08:07:37Z
2317,2025-10-02,221.5,226,221,225.5,73884573,twstock/twse,2026-07-01T08:07:37Z
2317,2025-10-03,226,228,224.5,226.5,52446781,twstock/twse,2026-07-01T08:07:37Z
2317,2025-10-07,230,231.5,225,228.5,66127414,twstock/twse,2026-07-01T08:07:37Z
2317,2025-10-08,225,225.5,222,225,50104069,twstock/twse,2026-07-01T08:07:37Z
2317,2025-10-09,227,227,221,221.5,56700891,twstock/twse,2026-07-01T08:07:37Z
2317,2025-10-13,210,216,210,213,111260942,twstock/twse,2026-07-01T08:07:37Z
2317,2025-10-14,216,217.5,205,206,108702039,twstock/twse,2026-07-01T08:07:37Z
2317,2025-10-15,207.5,208,203,206.5,65964764,twstock/twse,2026-07-01T08:07:37Z
2317,2025-10-16,215,225.5,211.5,223,154273795,twstock/twse,2026-07-01T08:07:37Z
2317,2025-10-17,224,230,222.5,226.5,119855855,twstock/twse,2026-07-01T08:07:37Z
2317,2025-10-20,230,239.5,229,238.5,152953266,twstock/twse,2026-07-01T08:07:37Z
2317,2025-10-21,241.5,245.5,238,239,120698819,twstock/twse,2026-07-01T08:07:37Z
2317,2025-10-22,238,243,236.5,242.5,71609786,twstock/twse,2026-07-01T08:07:37Z
2317,2025-10-23,240,240.5,238,239,50955830,twstock/twse,2026-07-01T08:07:37Z
2317,2025-10-27,249,249,243,246.5,80708542,twstock/twse,2026-07-01T08:07:37Z
2317,2025-10-28,248,250,246.5,250,73662546,twstock/twse,2026-07-01T08:07:37Z
2317,2025-10-29,254,263,253,260,125297120,twstock/twse,2026-07-01T08:07:37Z
2317,2025-10-30,262.5,265,256.5,262,108445874,twstock/twse,2026-07-01T08:07:37Z
2317,2025-10-31,261,262,257,257.5,63119828,twstock/twse,2026-07-01T08:07:37Z
2317,2025-11-03,255,256.5,250,251.5,97190219,twstock/twse,2026-07-01T08:07:37Z
2317,2025-11-04,252,255,244,244,95832447,twstock/twse,2026-07-01T08:07:37Z
2317,2025-11-05,239,248.5,237,247,114664242,twstock/twse,2026-07-01T08:07:37Z
2317,2025-11-06,249.5,250.5,246,248,65794425,twstock/twse,2026-07-01T08:07:37Z
2317,2025-11-07,246,250.5,244,244,50319199,twstock/twse,2026-07-01T08:07:37Z
2317,2025-11-10,245,250,244,249.5,51628691,twstock/twse,2026-07-01T08:07:37Z
2317,2025-11-11,251,252,246.5,246.5,50821377,twstock/twse,2026-07-01T08:07:37Z
2317,2025-11-12,248,252,245,251,65085447,twstock/twse,2026-07-01T08:07:37Z
2317,2025-11-13,256,256,247,252,90541908,twstock/twse,2026-07-01T08:07:37Z
2317,2025-11-14,246.5,247,241,241,112889692,twstock/twse,2026-07-01T08:07:37Z
2317,2025-11-17,241,242,235,236,84874596,twstock/twse,2026-07-01T08:07:37Z
2317,2025-11-18,231.5,237,230,230,77859170,twstock/twse,2026-07-01T08:07:37Z
2317,2025-11-19,226.5,230,226.5,229,70909837,twstock/twse,2026-07-01T08:07:37Z
2317,2025-11-20,237,238,232.5,236.5,78464576,twstock/twse,2026-07-01T08:07:37Z
2317,2025-11-21,226,229.5,225,225,97471576,twstock/twse,2026-07-01T08:07:37Z
2317,2025-11-24,226.5,227,220,220,100270276,twstock/twse,2026-07-01T08:07:37Z
2317,2025-11-25,225,226,219,219,73643136,twstock/twse,2026-07-01T08:07:37Z
2317,2025-11-26,221,228,221,227,68461990,twstock/twse,2026-07-01T08:07:37Z
2317,2025-11-27,229,232,226,231,63038658,twstock/twse,2026-07-01T08:07:37Z
2317,2025-11-28,229.5,229.5,225,225.5,56939840,twstock/twse,2026-07-01T08:07:37Z
2317,2025-12-01,225,226,222,222,52409098,twstock/twse,2026-07-01T08:07:37Z
2317,2025-12-02,220.5,225,220.5,222,49869243,twstock/twse,2026-07-01T08:07:37Z
2317,2025-12-03,225,230,225,227,53110402,twstock/twse,2026-07-01T08:07:37Z
2317,2025-12-04,230,230,227.5,228.5,25728854,twstock/twse,2026-07-01T08:07:37Z
2317,2025-12-05,229,231.5,228.5,231,35103317,twstock/twse,2026-07-01T08:07:37Z
2317,2025-12-08,231.5,232,229,232,29940997,twstock/twse,2026-07-01T08:07:37Z
2317,2025-12-09,233,236.5,232,235,54359440,twstock/twse,2026-07-01T08:07:37Z
2317,2025-12-10,236,236,232,233.5,36069288,twstock/twse,2026-07-01T08:07:37Z
2317,2025-12-11,234,234.5,226,226,60054527,twstock/twse,2026-07-01T08:07:37Z
2317,2025-12-12,227,228.5,225,227,29684376,twstock/twse,2026-07-01T08:07:37Z
2317,2025-12-15,221,223,220.5,221.5,44481528,twstock/twse,2026-07-01T08:07:37Z
2317,2025-12-16,220,220.5,215,218,63458370,twstock/twse,2026-07-01T08:07:37Z
2317,2025-12-17,218,219.5,216,216.5,51129639,twstock/twse,2026-07-01T08:07:37Z
2317,2025-12-18,214.5,217,213.5,216,50364181,twstock/twse,2026-07-01T08:07:37Z
2317,2025-12-19,219,221.5,218,221.5,41562299,twstock/twse,2026-07-01T08:07:37Z
2317,2025-12-22,224.5,225.5,223,224,40062169,twstock/twse,2026-07-01T08:07:37Z
2317,2025-12-23,225.5,226,223.5,224,29629268,twstock/twse,2026-07-01T08:07:37Z
2317,2025-12-24,225.5,227.5,224,224,36443763,twstock/twse,2026-07-01T08:07:37Z
2317,2025-12-26,225.5,227.5,224.5,225.5,28935431,twstock/twse,2026-07-01T08:07:37Z
2317,2025-12-29,227,233,226.5,231,57945280,twstock/twse,2026-07-01T08:07:37Z
2317,2025-12-30,230.5,231,228,228,36162418,twstock/twse,2026-07-01T08:07:37Z
2317,2025-12-31,228.5,231.5,228,230.5,41319239,twstock/twse,2026-07-01T08:07:37Z
2317,2026-01-02,232,233.5,229,232,58776015,twstock/twse,2026-07-01T08:07:37Z
2317,2026-01-05,234.5,236,233.5,234.5,64697110,twstock/twse,2026-07-01T08:07:37Z
2317,2026-01-06,237,239,232.5,236,68919645,twstock/twse,2026-07-01T08:07:37Z
2317,2026-01-07,237.5,241.5,235,238.5,88280139,twstock/twse,2026-07-01T08:07:37Z
2317,2026-01-08,237.5,237.5,228.5,229.5,89498594,twstock/twse,2026-07-01T08:07:37Z
2317,2026-01-09,230,232,227,230.5,37370013,twstock/twse,2026-07-01T08:07:37Z
2317,2026-01-12,233,233,228.5,228.5,32968055,twstock/twse,2026-07-01T08:07:37Z
2317,2026-01-13,230,230.5,226,226.5,45735375,twstock/twse,2026-07-01T08:07:37Z
2317,2026-01-14,228,234.5,227.5,234.5,65365361,twstock/twse,2026-07-01T08:07:37Z
2317,2026-01-15,234,234,231,233.5,35041875,twstock/twse,2026-07-01T08:07:37Z
2317,2026-01-16,235,235,231,234.5,48950439,twstock/twse,2026-07-01T08:07:37Z
2317,2026-01-19,233.5,233.5,229,229.5,53439088,twstock/twse,2026-07-01T08:07:37Z
2317,2026-01-20,228.5,228.5,223.5,223.5,77123735,twstock/twse,2026-07-01T08:07:37Z
2317,2026-01-21,221,225,219,219,81041618,twstock/twse,2026-07-01T08:07:37Z
2317,2026-01-22,223.5,226,222,223.5,47823356,twstock/twse,2026-07-01T08:07:37Z
2317,2026-01-23,225.5,226.5,221.5,221.5,34322647,twstock/twse,2026-07-01T08:07:37Z
2317,2026-01-26,222.5,225,220,224,39852299,twstock/twse,2026-07-01T08:07:37Z
2317,2026-01-27,226,227,224,225.5,37140264,twstock/twse,2026-07-01T08:07:37Z
2317,2026-01-28,227,231.5,224,225.5,80017265,twstock/twse,2026-07-01T08:07:37Z
2317,2026-01-29,226.5,227.5,222,224,56613117,twstock/twse,2026-07-01T08:07:37Z
2317,2026-01-30,223.5,223.5,218.5,220.5,72547288,twstock/twse,2026-07-01T08:07:37Z
2317,2026-02-02,219.5,220,213.5,214.5,65660345,twstock/twse,2026-07-01T08:07:37Z
2317,2026-02-03,218.5,220,214.5,216.5,42920416,twstock/twse,2026-07-01T08:07:37Z
2317,2026-02-04,214.5,219,214,219,27678218,twstock/twse,2026-07-01T08:07:37Z
2317,2026-02-05,217.5,220,215,215.5,43304385,twstock/twse,2026-07-01T08:07:37Z
2317,2026-02-06,215,216.5,210.5,215,56581372,twstock/twse,2026-07-01T08:07:37Z
2317,2026-02-09,219,220.5,217.5,218.5,31063914,twstock/twse,2026-07-01T08:07:37Z
2317,2026-02-10,220,222,218,221,47159412,twstock/twse,2026-07-01T08:07:37Z
2317,2026-02-11,222.5,227,220.5,227,67662179,twstock/twse,2026-07-01T08:07:37Z
2317,2026-02-23,229.5,231,227,228.5,89438337,twstock/twse,2026-07-01T08:07:37Z
2317,2026-02-24,229.5,232.5,228,232,68380419,twstock/twse,2026-07-01T08:07:37Z
2317,2026-02-25,235,247,234.5,246.5,168289021,twstock/twse,2026-07-01T08:07:37Z
2317,2026-02-26,253.5,253.5,241.5,243,122692650,twstock/twse,2026-07-01T08:07:37Z
2317,2026-03-02,234,241,232.5,239,75106481,twstock/twse,2026-07-01T08:07:37Z
2317,2026-03-03,239,240,228,229,87819659,twstock/twse,2026-07-01T08:07:37Z
2317,2026-03-04,224.5,225,216.5,217,122301965,twstock/twse,2026-07-01T08:07:37Z
2317,2026-03-05,224.5,228,222,224,55660316,twstock/twse,2026-07-01T08:07:37Z
2317,2026-03-06,221,223.5,219,223,37319287,twstock/twse,2026-07-01T08:07:37Z
2317,2026-03-09,208,212.5,206,210.5,93407607,twstock/twse,2026-07-01T08:07:37Z
2317,2026-03-10,216,216.5,209.5,209.5,69438646,twstock/twse,2026-07-01T08:07:37Z
2317,2026-03-11,212.5,220,212.5,219,54702636,twstock/twse,2026-07-01T08:07:37Z
2317,2026-03-12,217,218.5,213,214.5,45309134,twstock/twse,2026-07-01T08:07:37Z
2317,2026-03-13,211.5,216,210,214.5,36890490,twstock/twse,2026-07-01T08:07:37Z
2317,2026-03-16,216,217.5,214,216.5,38534463,twstock/twse,2026-07-01T08:07:37Z
2317,2026-03-17,215.5,216.5,212,212,110777320,twstock/twse,2026-07-01T08:07:37Z
2317,2026-03-18,212.5,213.5,210,210,77136445,twstock/twse,2026-07-01T08:07:37Z
2317,2026-03-19,207.5,207.5,205,205,89096476,twstock/twse,2026-07-01T08:07:37Z
2317,2026-03-20,203.5,205,200.5,203,92925929,twstock/twse,2026-07-01T08:07:37Z
2317,2026-03-23,196.5,197.5,195,196,78470506,twstock/twse,2026-07-01T08:07:37Z
2317,2026-03-24,198.5,199.5,194,195,56280296,twstock/twse,2026-07-01T08:07:37Z
2317,2026-03-25,200,201,197,200,43133240,twstock/twse,2026-07-01T08:07:37Z
2317,2026-03-26,202.5,206,200.5,200.5,41973121,twstock/twse,2026-07-01T08:07:37Z
2317,2026-03-27,197,200.5,196.5,199.5,29525374,twstock/twse,2026-07-01T08:07:37Z
2317,2026-03-30,194.5,195.5,193,194,46503907,twstock/twse,2026-07-01T08:07:37Z
2317,2026-03-31,191,192.5,187.5,187.5,95729350,twstock/twse,2026-07-01T08:07:37Z
2317,2026-04-01,195,197.5,194.5,197,45229464,twstock/twse,2026-07-01T08:07:37Z
2317,2026-04-02,198,199,191.5,193,41954568,twstock/twse,2026-07-01T08:07:37Z
2317,2026-04-07,195,195.5,189.5,192,36598072,twstock/twse,2026-07-01T08:07:37Z
2317,2026-04-08,196.5,202,196.5,201.5,66909375,twstock/twse,2026-07-01T08:07:37Z
2317,2026-04-09,201,201.5,198,200,43945793,twstock/twse,2026-07-01T08:07:37Z
2317,2026-04-10,200.5,202.5,199.5,200.5,60470665,twstock/twse,2026-07-01T08:07:37Z
2317,2026-04-13,200,202.5,198.5,200,37375471,twstock/twse,2026-07-01T08:07:37Z
2317,2026-04-14,204,208,203.5,207.5,58959164,twstock/twse,2026-07-01T08:07:37Z
2317,2026-04-15,211.5,211.5,206.5,207.5,71250931,twstock/twse,2026-07-01T08:07:37Z
2317,2026-04-16,207.5,211,206,207,45261862,twstock/twse,2026-07-01T08:07:37Z
2317,2026-04-17,207.5,209.5,203.5,206,48943270,twstock/twse,2026-07-01T08:07:37Z
2317,2026-04-20,206,209.5,204.5,207.5,39312365,twstock/twse,2026-07-01T08:07:37Z
2317,2026-04-21,210,213,209.5,211,59285018,twstock/twse,2026-07-01T08:07:37Z
2317,2026-04-22,213,223.5,212.5,221,140959574,twstock/twse,2026-07-01T08:07:37Z
2317,2026-04-23,229.5,233,218,225,172706743,twstock/twse,2026-07-01T08:07:37Z
2317,2026-04-24,227,227,218,221.5,77230253,twstock/twse,2026-07-01T08:07:37Z
2317,2026-04-27,224,230,220,228,109457408,twstock/twse,2026-07-01T08:07:37Z
2317,2026-04-28,230,234,225,225.5,104089860,twstock/twse,2026-07-01T08:07:37Z
2317,2026-04-29,226,226,222,225,43603455,twstock/twse,2026-07-01T08:07:37Z
2317,2026-04-30,224.5,230,219.5,219.5,73683654,twstock/twse,2026-07-01T08:07:37Z
2317,2026-05-04,224,229.5,223.5,227.5,57506042,twstock/twse,2026-07-01T08:07:37Z
2317,2026-05-05,227.5,240,227,239.5,162873566,twstock/twse,2026-07-01T08:07:37Z
2317,2026-05-06,246.5,253,245,252,240330399,twstock/twse,2026-07-01T08:07:37Z
2317,2026-05-07,255,258,250,253.5,128767846,twstock/twse,2026-07-01T08:07:37Z
2317,2026-05-08,254,256,245.5,250,102375417,twstock/twse,2026-07-01T08:07:37Z
2317,2026-05-11,256.5,258,251,252,63063740,twstock/twse,2026-07-01T08:07:37Z
2317,2026-05-12,254,254,246,250,84325367,twstock/twse,2026-07-01T08:07:37Z
2317,2026-05-13,246.5,251,242.5,251,72415109,twstock/twse,2026-07-01T08:07:37Z
2317,2026-05-14,255,255,244,244.5,73360409,twstock/twse,2026-07-01T08:07:37Z
2317,2026-05-15,249,260,247,248.5,138413483,twstock/twse,2026-07-01T08:07:37Z
2317,2026-05-18,251,251,241,248.5,63512356,twstock/twse,2026-07-01T08:07:37Z
2317,2026-05-19,251,254,244,245,70223341,twstock/twse,2026-07-01T08:07:37Z
2317,2026-05-20,246.5,246.5,239.5,240,62650287,twstock/twse,2026-07-01T08:07:37Z
2317,2026-05-21,245,249,244,247.5,51483466,twstock/twse,2026-07-01T08:07:37Z
2317,2026-05-22,249,251.5,245,250,56310552,twstock/twse,2026-07-01T08:07:37Z
2317,2026-05-25,255,263.5,255,261,122990174,twstock/twse,2026-07-01T08:07:37Z
2317,2026-05-26,262.5,263.5,257,259,55665305,twstock/twse,2026-07-01T08:07:37Z
2317,2026-05-27,263,269,261,264,78352856,twstock/twse,2026-07-01T08:07:37Z
2317,2026-05-28,265,269.5,259.5,263,73792269,twstock/twse,2026-07-01T08:07:37Z
2317,2026-05-29,269,289,268,289,289511198,twstock/twse,2026-07-01T08:07:37Z
2317,2026-06-01,302,304.5,293,293.5,205766647,twstock/twse,2026-07-01T08:07:37Z
2317,2026-06-02,297.5,302,293,301.5,113076476,twstock/twse,2026-07-01T08:07:37Z
2317,2026-06-03,306,314,299,309,149620933,twstock/twse,2026-07-01T08:07:37Z
2317,2026-06-04,309,309,293,293,110760779,twstock/twse,2026-07-01T08:07:37Z
2317,2026-06-05,290.5,292.5,278,284.5,93158859,twstock/twse,2026-07-01T08:07:37Z
2317,2026-06-08,257.5,272,257.5,269.5,117863651,twstock/twse,2026-07-01T08:07:37Z
2317,2026-06-09,270.5,277.5,268.5,277.5,74649081,twstock/twse,2026-07-01T08:07:37Z
2317,2026-06-10,271,274,262.5,263,93369272,twstock/twse,2026-07-01T08:07:37Z
2317,2026-06-11,260,262.5,251.5,258.5,97550509,twstock/twse,2026-07-01T08:07:37Z
2317,2026-06-12,266.5,269,260,260.5,60260948,twstock/twse,2026-07-01T08:07:37Z
2317,2026-06-15,271,272.5,265,267.5,54689024,twstock/twse,2026-07-01T08:07:37Z
2317,2026-06-16,270,271,265.5,269,56878574,twstock/twse,2026-07-01T08:07:37Z
2317,2026-06-17,266,272,264,272,42755242,twstock/twse,2026-07-01T08:07:37Z
2317,2026-06-18,270.5,271.5,268.5,268.5,68996866,twstock/twse,2026-07-01T08:07:37Z
2317,2026-06-22,270,275.5,268.5,268.5,67145972,twstock/twse,2026-07-01T08:07:37Z
2317,2026-06-23,270,270.5,259,259.5,92063800,twstock/twse,2026-07-01T08:07:37Z
2317,2026-06-24,255,261,255,256,63690545,twstock/twse,2026-07-01T08:07:37Z
2317,2026-06-25,260.5,262.5,257.5,257.5,43578494,twstock/twse,2026-07-01T08:07:37Z
2317,2026-06-26,255.5,255.5,248,248.5,80450955,twstock/twse,2026-07-01T08:07:37Z
2317,2026-06-29,250,252,246,246.5,49210311,twstock/twse,2026-07-01T08:07:37Z
2317,2026-06-30,251.5,255.5,249,251,52952173,twstock/twse,2026-07-01T08:07:37Z
2317,2026-07-01,255,255.5,248,248,65880617,twstock/twse,2026-07-01T08:07:37Z
2330,2020-01-02,332.5,339,332.5,339,33282120,twstock/twse,2026-07-01T08:07:37Z
2330,2020-01-03,344,345,335.5,339.5,42023268,twstock/twse,2026-07-01T08:07:37Z
2330,2020-01-06,333,334.5,332,332,45677057,twstock/twse,2026-07-01T08:07:37Z
2330,2020-01-07,332.5,333,326.5,329.5,51746181,twstock/twse,2026-07-01T08:07:37Z
2330,2020-01-08,325,333,325,329.5,37913748,twstock/twse,2026-07-01T08:07:37Z
2330,2020-01-09,335,337.5,333.5,337.5,32397504,twstock/twse,2026-07-01T08:07:37Z
2330,2020-01-10,340.5,341,336,339.5,27880115,twstock/twse,2026-07-01T08:07:37Z
2330,2020-01-13,342,342,339,341.5,30663332,twstock/twse,2026-07-01T08:07:37Z
2330,2020-01-14,345.5,346,344.5,346,30368993,twstock/twse,2026-07-01T08:07:37Z
2330,2020-01-15,345,345,337.5,340,54575274,twstock/twse,2026-07-01T08:07:37Z
2330,2020-01-16,330,336.5,330,334.5,58217420,twstock/twse,2026-07-01T08:07:37Z
2330,2020-01-17,334,335.5,332,333,53908097,twstock/twse,2026-07-01T08:07:37Z
2330,2020-01-20,334,335.5,333,333,35551203,twstock/twse,2026-07-01T08:07:37Z
2330,2020-01-30,326,326,316.5,316.5,126820049,twstock/twse,2026-07-01T08:07:37Z
2330,2020-01-31,323,323.5,319,320,62912055,twstock/twse,2026-07-01T08:07:37Z
2330,2020-02-03,315,316.5,312,315,59711849,twstock/twse,2026-07-01T08:07:37Z
2330,2020-02-04,319,326,318,325,52208496,twstock/twse,2026-07-01T08:07:37Z
2330,2020-02-05,329,329.5,324.5,327.5,36601453,twstock/twse,2026-07-01T08:07:37Z
2330,2020-02-06,329.5,332.5,329,332.5,29659094,twstock/twse,2026-07-01T08:07:37Z
2330,2020-02-07,330,330.5,326,328,30055327,twstock/twse,2026-07-01T08:07:37Z
2330,2020-02-10,321.5,328,321,327.5,30814424,twstock/twse,2026-07-01T08:07:37Z
2330,2020-02-11,330.5,332.5,330,331.5,29062935,twstock/twse,2026-07-01T08:07:37Z
2330,2020-02-12,333.5,336,333,335,37612639,twstock/twse,2026-07-01T08:07:37Z
2330,2020-02-13,338,338,335,335,23217021,twstock/twse,2026-07-01T08:07:37Z
2330,2020-02-14,337,337,334.5,335,18326683,twstock/twse,2026-07-01T08:07:37Z
2330,2020-02-17,331.5,333,330.5,331.5,16145079,twstock/twse,2026-07-01T08:07:37Z
2330,2020-02-18,324.5,326.5,322,322,64662604,twstock/twse,2026-07-01T08:07:37Z
2330,2020-02-19,322.5,327,322,326.5,48856218,twstock/twse,2026-07-01T08:07:37Z
2330,2020-02-20,328,329,325,325.5,27061736,twstock/twse,2026-07-01T08:07:37Z
2330,2020-02-21,325.5,326.5,323,325,22974534,twstock/twse,2026-07-01T08:07:37Z
2330,2020-02-24,319.5,321.5,319.5,320,42946680,twstock/twse,2026-07-01T08:07:37Z
2330,2020-02-25,320,323.5,317.5,322,38674011,twstock/twse,2026-07-01T08:07:37Z
2330,2020-02-26,317,320.5,316.5,318.5,60768362,twstock/twse,2026-07-01T08:07:37Z
2330,2020-02-27,319,320,315,316,62401927,twstock/twse,2026-07-01T08:07:37Z
2330,2020-03-02,308,317,308,311,86372942,twstock/twse,2026-07-01T08:07:37Z
2330,2020-03-03,318.5,320,316,317.5,55169411,twstock/twse,2026-07-01T08:07:37Z
2330,2020-03-04,322,322,317,320.5,44745146,twstock/twse,2026-07-01T08:07:37Z
2330,2020-03-05,325,326,323,323,38223525,twstock/twse,2026-07-01T08:07:37Z
2330,2020-03-06,320,320.5,315,315,52807760,twstock/twse,2026-07-01T08:07:37Z
2330,2020-03-09,307.5,310,305.5,305.5,88633277,twstock/twse,2026-07-01T08:07:37Z
2330,2020-03-10,301.5,309,301,307,74869130,twstock/twse,2026-07-01T08:07:37Z
2330,2020-03-11,309,310.5,302,302,64923710,twstock/twse,2026-07-01T08:07:37Z
2330,2020-03-12,299,299,287,294,114173351,twstock/twse,2026-07-01T08:07:37Z
2330,2020-03-13,275,294,272.5,290,151268148,twstock/twse,2026-07-01T08:07:37Z
2330,2020-03-16,285,291,275.5,276.5,103933228,twstock/twse,2026-07-01T08:07:37Z
2330,2020-03-17,265,276.5,265,268,122409651,twstock/twse,2026-07-01T08:07:37Z
2330,2020-03-18,269.5,272.5,260,260,118620643,twstock/twse,2026-07-01T08:07:37Z
2330,2020-03-19,252,253,235.5,248,160811697,twstock/twse,2026-07-01T08:07:37Z
2330,2020-03-20,258.5,270,256,270,159179726,twstock/twse,2026-07-01T08:07:37Z
2330,2020-03-23,257,262.5,252,255,76963709,twstock/twse,2026-07-01T08:07:37Z
2330,2020-03-24,268,274,266,267.5,82377933,twstock/twse,2026-07-01T08:07:37Z
2330,2020-03-25,276.5,280,274,277,80514199,twstock/twse,2026-07-01T08:07:37Z
2330,2020-03-26,279.5,280,275.5,280,54189633,twstock/twse,2026-07-01T08:07:37Z
2330,2020-03-27,284,286,273,273,69320306,twstock/twse,2026-07-01T08:07:37Z
2330,2020-03-30,263.5,269,262.5,267.5,53403956,twstock/twse,2026-07-01T08:07:37Z
2330,2020-03-31,273,274,269.5,274,53901923,twstock/twse,2026-07-01T08:07:37Z
2330,2020-04-01,276.5,276.5,271.5,271.5,47572034,twstock/twse,2026-07-01T08:07:37Z
2330,2020-04-06,273,275.5,270,275.5,59712754,twstock/twse,2026-07-01T08:07:37Z
2330,2020-04-07,283.5,284,280.5,283,48887346,twstock/twse,2026-07-01T08:07:37Z
2330,2020-04-08,285,285.5,283,285,38698826,twstock/twse,2026-07-01T08:07:37Z
2330,2020-04-09,287.5,288,282.5,283,29276430,twstock/twse,2026-07-01T08:07:37Z
2330,2020-04-10,280,282,279,279.5,28206858,twstock/twse,2026-07-01T08:07:37Z
2330,2020-04-13,278.5,281.5,278.5,278.5,22196596,twstock/twse,2026-07-01T08:07:37Z
2330,2020-04-14,281,285.5,280,285,50196688,twstock/twse,2026-07-01T08:07:37Z
2330,2020-04-15,287,288.5,286,287.5,58561434,twstock/twse,2026-07-01T08:07:37Z
2330,2020-04-16,283,288.5,283,286.5,48257280,twstock/twse,2026-07-01T08:07:37Z
2330,2020-04-17,303.5,308.5,300.5,306.5,117447201,twstock/twse,2026-07-01T08:07:37Z
2330,2020-04-20,308,309,302.5,304,44586860,twstock/twse,2026-07-01T08:07:37Z
2330,2020-04-21,300.5,301.5,293.5,295,61949357,twstock/twse,2026-07-01T08:07:37Z
2330,2020-04-22,294.5,295,290.5,294,43568580,twstock/twse,2026-07-01T08:07:37Z
2330,2020-04-23,300,300,294,295.5,39977278,twstock/twse,2026-07-01T08:07:37Z
2330,2020-04-24,295.5,297,294,294,26465090,twstock/twse,2026-07-01T08:07:37Z
2330,2020-04-27,298,298.5,296,298,38493406,twstock/twse,2026-07-01T08:07:37Z
2330,2020-04-28,298.5,298.5,294.5,296.5,37621165,twstock/twse,2026-07-01T08:07:37Z
2330,2020-04-29,299,301.5,298,299,46253301,twstock/twse,2026-07-01T08:07:37Z
2330,2020-04-30,302,305,301.5,304.5,58439085,twstock/twse,2026-07-01T08:07:37Z
2330,2020-05-04,294.5,296.5,294,295,72252861,twstock/twse,2026-07-01T08:07:37Z
2330,2020-05-05,296.5,298,295,295.5,23988405,twstock/twse,2026-07-01T08:07:37Z
2330,2020-05-06,294.5,296,292.5,296,35704479,twstock/twse,2026-07-01T08:07:37Z
2330,2020-05-07,294.5,299,294.5,297.5,28017198,twstock/twse,2026-07-01T08:07:37Z
2330,2020-05-08,300,300,296,297.5,35613893,twstock/twse,2026-07-01T08:07:37Z
2330,2020-05-11,300,301.5,298.5,301,32379019,twstock/twse,2026-07-01T08:07:37Z
2330,2020-05-12,297.5,298.5,295,295,52494788,twstock/twse,2026-07-01T08:07:37Z
2330,2020-05-13,293,297,292.5,297,46158418,twstock/twse,2026-07-01T08:07:37Z
2330,2020-05-14,293,295,292.5,293,34480948,twstock/twse,2026-07-01T08:07:37Z
2330,2020-05-15,297.5,298.5,294.5,298,44304804,twstock/twse,2026-07-01T08:07:37Z
2330,2020-05-18,291,293.5,290,290,96872065,twstock/twse,2026-07-01T08:07:37Z
2330,2020-05-19,294,294,291.5,291.5,53083214,twstock/twse,2026-07-01T08:07:37Z
2330,2020-05-20,293,294,291,294,36789994,twstock/twse,2026-07-01T08:07:37Z
2330,2020-05-21,296,298,295,297.5,36299468,twstock/twse,2026-07-01T08:07:37Z
2330,2020-05-22,294.5,295,291,292,41138923,twstock/twse,2026-07-01T08:07:37Z
2330,2020-05-25,290.5,293,288.5,292,32942223,twstock/twse,2026-07-01T08:07:37Z
2330,2020-05-26,295,297.5,293.5,295.5,35817481,twstock/twse,2026-07-01T08:07:37Z
2330,2020-05-27,297,298,295.5,296.5,23375959,twstock/twse,2026-07-01T08:07:37Z
2330,2020-05-28,298.5,298.5,293,294,32395568,twstock/twse,2026-07-01T08:07:37Z
2330,2020-05-29,292,292.5,290,292,96611181,twstock/twse,2026-07-01T08:07:37Z
2330,2020-06-01,294,296.5,293.5,295.5,37936214,twstock/twse,2026-07-01T08:07:37Z
2330,2020-06-02,296,297.5,296,296.5,26663587,twstock/twse,2026-07-01T08:07:37Z
2330,2020-06-03,300,301,298,301,67894337,twstock/twse,2026-07-01T08:07:37Z
2330,2020-06-04,305,306,304,306,47225322,twstock/twse,2026-07-01T08:07:37Z
2330,2020-06-05,308.5,312,308,311.5,44077262,twstock/twse,2026-07-01T08:07:37Z
2330,2020-06-08,316,319,315,318,52042921,twstock/twse,2026-07-01T08:07:37Z
2330,2020-06-09,316.5,319,314,319,37068082,twstock/twse,2026-07-01T08:07:37Z
2330,2020-06-10,319,324,318,322.5,42207259,twstock/twse,2026-07-01T08:07:37Z
2330,2020-06-11,325.5,327,318.5,320.5,50612255,twstock/twse,2026-07-01T08:07:37Z
2330,2020-06-12,313,317.5,312.5,316,46970918,twstock/twse,2026-07-01T08:07:37Z
2330,2020-06-15,316,317.5,308.5,309.5,51032404,twstock/twse,2026-07-01T08:07:37Z
2330,2020-06-16,317,317,314,315,40725216,twstock/twse,2026-07-01T08:07:37Z
2330,2020-06-17,316.5,317,313.5,315,34692968,twstock/twse,2026-07-01T08:07:37Z
2330,2020-06-18,314.5,315,313,314.5,35443474,twstock/twse,2026-07-01T08:07:37Z
2330,2020-06-19,314,314.5,312,314.5,48130280,twstock/twse,2026-07-01T08:07:37Z
2330,2020-06-22,314.5,316.5,312,312,37374616,twstock/twse,2026-07-01T08:07:37Z
2330,2020-06-23,316,316.5,312.5,315,41300084,twstock/twse,2026-07-01T08:07:37Z
2330,2020-06-24,319,320,316,317.5,55464024,twstock/twse,2026-07-01T08:07:37Z
2330,2020-06-29,314,315,310,312,56672892,twstock/twse,2026-07-01T08:07:37Z
2330,2020-06-30,313.5,314,311,313,49241860,twstock/twse,2026-07-01T08:07:37Z
2330,2020-07-01,315,318,314,317.5,29685342,twstock/twse,2026-07-01T08:07:37Z
2330,2020-07-02,319,322,318,322,37789178,twstock/twse,2026-07-01T08:07:37Z
2330,2020-07-03,327,330.5,326.5,329.5,55656987,twstock/twse,2026-07-01T08:07:37Z
2330,2020-07-06,332.5,338,332,338,57256220,twstock/twse,2026-07-01T08:07:37Z
2330,2020-07-07,343.5,346,338,338.5,59046323,twstock/twse,2026-07-01T08:07:37Z
2330,2020-07-08,337.5,342.5,337.5,341,33813218,twstock/twse,2026-07-01T08:07:37Z
2330,2020-07-09,346,347,343,345,37410376,twstock/twse,2026-07-01T08:07:37Z
2330,2020-07-10,352.5,353,345.5,348.5,60902108,twstock/twse,2026-07-01T08:07:37Z
2330,2020-07-13,351,354.5,350.5,354.5,49459523,twstock/twse,2026-07-01T08:07:37Z
2330,2020-07-14,355,364,354.5,363.5,63030150,twstock/twse,2026-07-01T08:07:37Z
2330,2020-07-15,366,370,361,363,75105362,twstock/twse,2026-07-01T08:07:37Z
2330,2020-07-16,359,361,353.5,357.5,68582512,twstock/twse,2026-07-01T08:07:37Z
2330,2020-07-17,361,369,360,367,66403485,twstock/twse,2026-07-01T08:07:37Z
2330,2020-07-20,370,370,362.5,366,44940238,twstock/twse,2026-07-01T08:07:37Z
2330,2020-07-21,372.5,387,371.5,383,64440128,twstock/twse,2026-07-01T08:07:37Z
2330,2020-07-22,381,386,379,384,43959670,twstock/twse,2026-07-01T08:07:37Z
2330,2020-07-23,382,383,379,381.5,45397282,twstock/twse,2026-07-01T08:07:37Z
2330,2020-07-24,390,395,382,386,90988734,twstock/twse,2026-07-01T08:07:37Z
2330,2020-07-27,420.5,424.5,416.5,424.5,103315640,twstock/twse,2026-07-01T08:07:37Z
2330,2020-07-28,464,466.5,428.5,435,172157746,twstock/twse,2026-07-01T08:07:37Z
2330,2020-07-29,428,431.5,419.5,422,88641166,twstock/twse,2026-07-01T08:07:37Z
2330,2020-07-30,436.5,441,428.5,434,69936949,twstock/twse,2026-07-01T08:07:37Z
2330,2020-07-31,426,432,425.5,425.5,50484674,twstock/twse,2026-07-01T08:07:37Z
2330,2020-08-03,420.5,424,415,416,77288571,twstock/twse,2026-07-01T08:07:37Z
2330,2020-08-04,421.5,425.5,418.5,425.5,41697445,twstock/twse,2026-07-01T08:07:37Z
2330,2020-08-05,430.5,433.5,426,429,47460834,twstock/twse,2026-07-01T08:07:37Z
2330,2020-08-06,437.5,438,431,435,43443627,twstock/twse,2026-07-01T08:07:37Z
2330,2020-08-07,433.5,434,428,433,37611388,twstock/twse,2026-07-01T08:07:37Z
2330,2020-08-10,427.5,437.5,427.5,435.5,36067500,twstock/twse,2026-07-01T08:07:37Z
2330,2020-08-11,432,435,429,429,34545313,twstock/twse,2026-07-01T08:07:37Z
2330,2020-08-12,422,423.5,419,419,53980474,twstock/twse,2026-07-01T08:07:37Z
2330,2020-08-13,428,429,424.5,429,45669335,twstock/twse,2026-07-01T08:07:37Z
2330,2020-08-14,424,428,423,427,24259947,twstock/twse,2026-07-01T08:07:37Z
2330,2020-08-17,427,435,425.5,435,34607731,twstock/twse,2026-07-01T08:07:37Z
2330,2020-08-18,440,440.5,432,433,45504160,twstock/twse,2026-07-01T08:07:37Z
2330,2020-08-19,436,436.5,427.5,427.5,31486800,twstock/twse,2026-07-01T08:07:37Z
2330,2020-08-20,427,427.5,401,415,75155235,twstock/twse,2026-07-01T08:07:37Z
2330,2020-08-21,421.5,427,420,424.5,41956467,twstock/twse,2026-07-01T08:07:37Z
2330,2020-08-24,427.5,434.5,425,428,49199406,twstock/twse,2026-07-01T08:07:37Z
2330,2020-08-25,433.5,436,430.5,434.5,37024899,twstock/twse,2026-07-01T08:07:37Z
2330,2020-08-26,435.5,442,435,442,41406340,twstock/twse,2026-07-01T08:07:37Z
2330,2020-08-27,448,453.5,444,444,57206712,twstock/twse,2026-07-01T08:07:37Z
2330,2020-08-28,440,440.5,431,435,57039210,twstock/twse,2026-07-01T08:07:37Z
2330,2020-08-31,437,439.5,426.5,426.5,88569538,twstock/twse,2026-07-01T08:07:37Z
2330,2020-09-01,430,435,428,435,50129577,twstock/twse,2026-07-01T08:07:37Z
2330,2020-09-02,441,441,430.5,433,42013407,twstock/twse,2026-07-01T08:07:37Z
2330,2020-09-03,439.5,439.5,433.5,436,40683617,twstock/twse,2026-07-01T08:07:37Z
2330,2020-09-04,427,432.5,427,429,51349911,twstock/twse,2026-07-01T08:07:37Z
2330,2020-09-07,428,432.5,425,426,39854584,twstock/twse,2026-07-01T08:07:37Z
2330,2020-09-08,428,433,427.5,431,23714670,twstock/twse,2026-07-01T08:07:37Z
2330,2020-09-09,425,428,423,427,40727362,twstock/twse,2026-07-01T08:07:37Z
2330,2020-09-10,432.5,435,430.5,435,35281921,twstock/twse,2026-07-01T08:07:37Z
2330,2020-09-11,435.5,436.5,432.5,436.5,34893469,twstock/twse,2026-07-01T08:07:37Z
2330,2020-09-14,436,442,435.5,441,39325833,twstock/twse,2026-07-01T08:07:37Z
2330,2020-09-15,440.5,447,439.5,445,39661449,twstock/twse,2026-07-01T08:07:37Z
2330,2020-09-16,460,462,455.5,458,70608238,twstock/twse,2026-07-01T08:07:37Z
2330,2020-09-17,453,455,446.5,448.5,44420506,twstock/twse,2026-07-01T08:07:37Z
2330,2020-09-18,447,449.5,443,444,52999922,twstock/twse,2026-07-01T08:07:37Z
2330,2020-09-21,443.5,450,440,440,40193920,twstock/twse,2026-07-01T08:07:37Z
2330,2020-09-22,440,441,436,437,36842639,twstock/twse,2026-07-01T08:07:37Z
2330,2020-09-23,436,438.5,432,433.5,47426963,twstock/twse,2026-07-01T08:07:37Z
2330,2020-09-24,425.5,429,423,423,82510381,twstock/twse,2026-07-01T08:07:37Z
2330,2020-09-25,427,428,421,424,41263269,twstock/twse,2026-07-01T08:07:37Z
2330,2020-09-28,427,431.5,424.5,431.5,34427479,twstock/twse,2026-07-01T08:07:37Z
2330,2020-09-29,432.5,435,428,431,42730502,twstock/twse,2026-07-01T08:07:37Z
2330,2020-09-30,430.5,435,430.5,433,28859204,twstock/twse,2026-07-01T08:07:37Z
2330,2020-10-05,438,438,431.5,432.5,33238832,twstock/twse,2026-07-01T08:07:37Z
2330,2020-10-06,441.5,442,437.5,439.5,36276395,twstock/twse,2026-07-01T08:07:37Z
2330,2020-10-07,435,445,435,443,44691239,twstock/twse,2026-07-01T08:07:37Z
2330,2020-10-08,450,454,448.5,453,60853811,twstock/twse,2026-07-01T08:07:37Z
2330,2020-10-12,458,462,457.5,460,67645223,twstock/twse,2026-07-01T08:07:37Z
2330,2020-10-13,465,465,456.5,462,46303738,twstock/twse,2026-07-01T08:07:37Z
2330,2020-10-14,460.5,461,457,459,52677241,twstock/twse,2026-07-01T08:07:37Z
2330,2020-10-15,456,456.5,450,453,49987278,twstock/twse,2026-07-01T08:07:37Z
2330,2020-10-16,451,456,448.5,449,48274801,twstock/twse,2026-07-01T08:07:37Z
2330,2020-10-19,453,457.5,451,457.5,34846906,twstock/twse,2026-07-01T08:07:37Z
2330,2020-10-20,455.5,457,451,451,26567638,twstock/twse,2026-07-01T08:07:37Z
2330,2020-10-21,453.5,456,451,453,29906921,twstock/twse,2026-07-01T08:07:37Z
2330,2020-10-22,450,455,449.5,455,25285547,twstock/twse,2026-07-01T08:07:37Z
2330,2020-10-23,458,458,451.5,452,18777385,twstock/twse,2026-07-01T08:07:37Z
2330,2020-10-26,455,455,450,450,15800622,twstock/twse,2026-07-01T08:07:37Z
2330,2020-10-27,447.5,448.5,445.5,447,31795010,twstock/twse,2026-07-01T08:07:37Z
2330,2020-10-28,445,447,443,444,26221663,twstock/twse,2026-07-01T08:07:37Z
2330,2020-10-29,436.5,439.5,435.5,437,43075387,twstock/twse,2026-07-01T08:07:37Z
2330,2020-10-30,437,437,432,432,49770771,twstock/twse,2026-07-01T08:07:37Z
2330,2020-11-02,433,435.5,428,435.5,34539576,twstock/twse,2026-07-01T08:07:37Z
2330,2020-11-03,439.5,443,438,441,31461727,twstock/twse,2026-07-01T08:07:37Z
2330,2020-11-04,444.5,451.5,443,450,37929652,twstock/twse,2026-07-01T08:07:37Z
2330,2020-11-05,451.5,451.5,445.5,451,36539446,twstock/twse,2026-07-01T08:07:37Z
2330,2020-11-06,455,455.5,450,452.5,32644190,twstock/twse,2026-07-01T08:07:37Z
2330,2020-11-09,458,460,454,458.5,43415670,twstock/twse,2026-07-01T08:07:37Z
2330,2020-11-10,452,454.5,448.5,451,36786882,twstock/twse,2026-07-01T08:07:37Z
2330,2020-11-11,448.5,457,448.5,457,40355804,twstock/twse,2026-07-01T08:07:37Z
2330,2020-11-12,463,463.5,457.5,458,57993774,twstock/twse,2026-07-01T08:07:37Z
2330,2020-11-13,459,462,456.5,462,31483881,twstock/twse,2026-07-01T08:07:37Z
2330,2020-11-16,470,484.5,469,484,83380911,twstock/twse,2026-07-01T08:07:37Z
2330,2020-11-17,502,506,485.5,485.5,75763870,twstock/twse,2026-07-01T08:07:37Z
2330,2020-11-18,490,497,486.5,497,56607501,twstock/twse,2026-07-01T08:07:37Z
2330,2020-11-19,499,499,490,490,47345316,twstock/twse,2026-07-01T08:07:37Z
2330,2020-11-20,486,490,486,488,35242579,twstock/twse,2026-07-01T08:07:37Z
2330,2020-11-23,494.5,498.5,492,496.5,43708352,twstock/twse,2026-07-01T08:07:37Z
2330,2020-11-24,499.5,500,491.5,492,38630079,twstock/twse,2026-07-01T08:07:37Z
2330,2020-11-25,495,495.5,487,487,47179640,twstock/twse,2026-07-01T08:07:37Z
2330,2020-11-26,489,493.5,488,489,31844322,twstock/twse,2026-07-01T08:07:37Z
2330,2020-11-27,487.5,492,486.5,489,35196829,twstock/twse,2026-07-01T08:07:37Z
2330,2020-11-30,493,493.5,480.5,480.5,149311778,twstock/twse,2026-07-01T08:07:37Z
2330,2020-12-01,489.5,490,483.5,490,38341265,twstock/twse,2026-07-01T08:07:37Z
2330,2020-12-02,499.5,500,493.5,499,60208035,twstock/twse,2026-07-01T08:07:37Z
2330,2020-12-03,499.5,499.5,495,497,36919644,twstock/twse,2026-07-01T08:07:37Z
2330,2020-12-04,498.5,505,497.5,503,54471042,twstock/twse,2026-07-01T08:07:37Z
2330,2020-12-07,512,515,506,514,45493551,twstock/twse,2026-07-01T08:07:37Z
2330,2020-12-08,514,525,509,524,41830257,twstock/twse,2026-07-01T08:07:37Z
2330,2020-12-09,521,524,520,520,46831705,twstock/twse,2026-07-01T08:07:37Z
2330,2020-12-10,511,515,510,512,43991133,twstock/twse,2026-07-01T08:07:37Z
2330,2020-12-11,517,517,505,516,51296611,twstock/twse,2026-07-01T08:07:37Z
2330,2020-12-14,512,513,508,508,30809747,twstock/twse,2026-07-01T08:07:37Z
2330,2020-12-15,507,510,504,504,43059899,twstock/twse,2026-07-01T08:07:37Z
2330,2020-12-16,509,515,507,512,53661282,twstock/twse,2026-07-01T08:07:37Z
2330,2020-12-17,515,515,508,508,39285785,twstock/twse,2026-07-01T08:07:37Z
2330,2020-12-18,508,512,507,510,40625502,twstock/twse,2026-07-01T08:07:37Z
2330,2020-12-21,512,517,508,516,35153138,twstock/twse,2026-07-01T08:07:37Z
2330,2020-12-22,512,516,509,509,25632245,twstock/twse,2026-07-01T08:07:37Z
2330,2020-12-23,508,511,506,509,18320849,twstock/twse,2026-07-01T08:07:37Z
2330,2020-12-24,511,512,508,510,15218008,twstock/twse,2026-07-01T08:07:37Z
2330,2020-12-25,514,515,510,511,12581145,twstock/twse,2026-07-01T08:07:37Z
2330,2020-12-28,512,515,509,515,19520886,twstock/twse,2026-07-01T08:07:37Z
2330,2020-12-29,515,517,513,515,20226736,twstock/twse,2026-07-01T08:07:37Z
2330,2020-12-30,516,525,514,525,46705107,twstock/twse,2026-07-01T08:07:37Z
2330,2020-12-31,526,530,524,530,31173332,twstock/twse,2026-07-01T08:07:37Z
2330,2021-01-04,530,540,528,536,39489959,twstock/twse,2026-07-01T08:07:37Z
2330,2021-01-05,536,542,535,542,34839391,twstock/twse,2026-07-01T08:07:37Z
2330,2021-01-06,555,555,541,549,55614434,twstock/twse,2026-07-01T08:07:37Z
2330,2021-01-07,554,570,553,565,53392763,twstock/twse,2026-07-01T08:07:37Z
2330,2021-01-08,580,580,571,580,62957148,twstock/twse,2026-07-01T08:07:37Z
2330,2021-01-11,577,584,574,584,52771778,twstock/twse,2026-07-01T08:07:37Z
2330,2021-01-12,583,597,582,591,52605212,twstock/twse,2026-07-01T08:07:37Z
2330,2021-01-13,595,605,593,605,75707681,twstock/twse,2026-07-01T08:07:37Z
2330,2021-01-14,587,597,587,592,90309708,twstock/twse,2026-07-01T08:07:37Z
2330,2021-01-15,621,625,601,601,100998199,twstock/twse,2026-07-01T08:07:37Z
2330,2021-01-18,608,608,594,607,50388664,twstock/twse,2026-07-01T08:07:37Z
2330,2021-01-19,618,632,613,627,52947466,twstock/twse,2026-07-01T08:07:37Z
2330,2021-01-20,633,650,631,647,95484470,twstock/twse,2026-07-01T08:07:37Z
2330,2021-01-21,640,679,640,673,97590371,twstock/twse,2026-07-01T08:07:37Z
2330,2021-01-22,649,665,649,649,134238314,twstock/twse,2026-07-01T08:07:37Z
2330,2021-01-25,642,646,626,633,98608285,twstock/twse,2026-07-01T08:07:37Z
2330,2021-01-26,632,640,610,617,114797609,twstock/twse,2026-07-01T08:07:37Z
2330,2021-01-27,618,625,611,615,72823691,twstock/twse,2026-07-01T08:07:37Z
2330,2021-01-28,600,608,598,601,104181514,twstock/twse,2026-07-01T08:07:37Z
2330,2021-01-29,619,619,591,591,96875889,twstock/twse,2026-07-01T08:07:37Z
2330,2021-02-01,595,612,587,611,70161939,twstock/twse,2026-07-01T08:07:37Z
2330,2021-02-02,629,638,622,632,80724207,twstock/twse,2026-07-01T08:07:37Z
2330,2021-02-03,638,642,630,630,59763227,twstock/twse,2026-07-01T08:07:37Z
2330,2021-02-04,626,632,620,627,47547873,twstock/twse,2026-07-01T08:07:37Z
2330,2021-02-05,638,641,631,632,57350831,twstock/twse,2026-07-01T08:07:37Z
2330,2021-02-17,663,668,660,663,115578402,twstock/twse,2026-07-01T08:07:37Z
2330,2021-02-18,664,665,656,660,54520341,twstock/twse,2026-07-01T08:07:37Z
2330,2021-02-19,656,657,647,652,51651844,twstock/twse,2026-07-01T08:07:37Z
2330,2021-02-22,660,662,650,650,39512078,twstock/twse,2026-07-01T08:07:37Z
2330,2021-02-23,641,643,633,641,52868029,twstock/twse,2026-07-01T08:07:37Z
2330,2021-02-24,627,636,625,625,80010637,twstock/twse,2026-07-01T08:07:37Z
2330,2021-02-25,636,636,628,635,45279276,twstock/twse,2026-07-01T08:07:37Z
2330,2021-02-26,611,618,606,606,137933162,twstock/twse,2026-07-01T08:07:37Z
2330,2021-03-02,621,622,609,609,57792973,twstock/twse,2026-07-01T08:07:37Z
2330,2021-03-03,609,622,601,622,61171387,twstock/twse,2026-07-01T08:07:37Z
2330,2021-03-04,609,611,601,601,75508388,twstock/twse,2026-07-01T08:07:37Z
2330,2021-03-05,588,605,584,601,85579527,twstock/twse,2026-07-01T08:07:37Z
2330,2021-03-08,608,610,598,598,47676630,twstock/twse,2026-07-01T08:07:37Z
2330,2021-03-09,585,595,585,595,74471341,twstock/twse,2026-07-01T08:07:37Z
2330,2021-03-10,601,601,593,597,41735443,twstock/twse,2026-07-01T08:07:37Z
2330,2021-03-11,596,612,595,609,55462783,twstock/twse,2026-07-01T08:07:37Z
2330,2021-03-12,615,618,609,614,33876990,twstock/twse,2026-07-01T08:07:37Z
2330,2021-03-15,614,614,609,611,29767904,twstock/twse,2026-07-01T08:07:37Z
2330,2021-03-16,610,613,607,613,37780820,twstock/twse,2026-07-01T08:07:37Z
2330,2021-03-17,612,612,602,604,43942131,twstock/twse,2026-07-01T08:07:37Z
2330,2021-03-18,606,609,602,602,30223846,twstock/twse,2026-07-01T08:07:37Z
2330,2021-03-19,594,598,591,591,74960854,twstock/twse,2026-07-01T08:07:37Z
2330,2021-03-22,588,598,586,593,35931375,twstock/twse,2026-07-01T08:07:37Z
2330,2021-03-23,597,603,593,594,31933358,twstock/twse,2026-07-01T08:07:37Z
2330,2021-03-24,571,582,571,576,115318351,twstock/twse,2026-07-01T08:07:37Z
2330,2021-03-25,572,581,570,575,74225812,twstock/twse,2026-07-01T08:07:37Z
2330,2021-03-26,582,592,580,590,37937242,twstock/twse,2026-07-01T08:07:37Z
2330,2021-03-29,599,602,596,599,40573913,twstock/twse,2026-07-01T08:07:37Z
2330,2021-03-30,600,600,592,597,34686346,twstock/twse,2026-07-01T08:07:37Z
2330,2021-03-31,596,597,587,587,44454672,twstock/twse,2026-07-01T08:07:37Z
2330,2021-04-01,598,602,594,602,45972766,twstock/twse,2026-07-01T08:07:37Z
2330,2021-04-06,615,616,608,610,37664216,twstock/twse,2026-07-01T08:07:37Z
2330,2021-04-07,614,614,608,610,28140964,twstock/twse,2026-07-01T08:07:37Z
2330,2021-04-08,606,613,603,613,26658283,twstock/twse,2026-07-01T08:07:37Z
2330,2021-04-09,618,618,609,610,31601619,twstock/twse,2026-07-01T08:07:37Z
2330,2021-04-12,612,613,603,605,23319822,twstock/twse,2026-07-01T08:07:37Z
2330,2021-04-13,604,613,604,605,27386926,twstock/twse,2026-07-01T08:07:37Z
2330,2021-04-14,608,612,600,612,31144922,twstock/twse,2026-07-01T08:07:37Z
2330,2021-04-15,612,619,607,619,36394255,twstock/twse,2026-07-01T08:07:37Z
2330,2021-04-16,610,611,603,610,49952191,twstock/twse,2026-07-01T08:07:37Z
2330,2021-04-19,605,607,601,603,25234976,twstock/twse,2026-07-01T08:07:37Z
2330,2021-04-20,598,602,595,602,36655069,twstock/twse,2026-07-01T08:07:37Z
2330,2021-04-21,599,599,592,592,41893725,twstock/twse,2026-07-01T08:07:37Z
2330,2021-04-22,596,598,591,591,38094824,twstock/twse,2026-07-01T08:07:37Z
2330,2021-04-23,592,602,590,602,29004756,twstock/twse,2026-07-01T08:07:37Z
2330,2021-04-26,605,610,603,610,32426908,twstock/twse,2026-07-01T08:07:37Z
2330,2021-04-27,608,611,605,610,26761401,twstock/twse,2026-07-01T08:07:37Z
2330,2021-04-28,606,608,601,602,24601487,twstock/twse,2026-07-01T08:07:37Z
2330,2021-04-29,609,609,600,600,35756460,twstock/twse,2026-07-01T08:07:37Z
2330,2021-05-03,595,597,588,588,46801189,twstock/twse,2026-07-01T08:07:37Z
2330,2021-05-04,588,594,582,591,45507479,twstock/twse,2026-07-01T08:07:37Z
2330,2021-05-05,594,594,585,585,31786592,twstock/twse,2026-07-01T08:07:37Z
2330,2021-05-06,590,590,580,587,33165446,twstock/twse,2026-07-01T08:07:37Z
2330,2021-05-07,594,600,589,599,28719597,twstock/twse,2026-07-01T08:07:37Z
2330,2021-05-10,596,597,588,589,21365583,twstock/twse,2026-07-01T08:07:37Z
2330,2021-05-11,579,580,570,571,66035839,twstock/twse,2026-07-01T08:07:37Z
2330,2021-05-12,567,571,518,560,138328672,twstock/twse,2026-07-01T08:07:37Z
2330,2021-05-13,547,563,541,547,71519430,twstock/twse,2026-07-01T08:07:37Z
2330,2021-05-14,556,562,552,557,38625148,twstock/twse,2026-07-01T08:07:37Z
2330,2021-05-17,544,558,541,549,58446847,twstock/twse,2026-07-01T08:07:37Z
2330,2021-05-18,563,573,555,572,44584258,twstock/twse,2026-07-01T08:07:37Z
2330,2021-05-19,571,572,565,567,29610174,twstock/twse,2026-07-01T08:07:37Z
2330,2021-05-20,567,571,560,567,36605692,twstock/twse,2026-07-01T08:07:37Z
2330,2021-05-21,572,577,568,573,28009899,twstock/twse,2026-07-01T08:07:37Z
2330,2021-05-24,570,572,566,568,15981036,twstock/twse,2026-07-01T08:07:37Z
2330,2021-05-25,576,584,573,583,35445350,twstock/twse,2026-07-01T08:07:37Z
2330,2021-05-26,587,588,581,585,19555305,twstock/twse,2026-07-01T08:07:37Z
2330,2021-05-27,580,582,573,582,70061002,twstock/twse,2026-07-01T08:07:37Z
2330,2021-05-28,587,592,582,590,30720737,twstock/twse,2026-07-01T08:07:37Z
2330,2021-05-31,595,597,590,597,31557426,twstock/twse,2026-07-01T08:07:37Z
2330,2021-06-01,598,599,595,598,18405285,twstock/twse,2026-07-01T08:07:37Z
2330,2021-06-02,600,600,593,595,22416789,twstock/twse,2026-07-01T08:07:37Z
2330,2021-06-03,600,600,596,596,31703679,twstock/twse,2026-07-01T08:07:37Z
2330,2021-06-04,591,595,590,595,16072580,twstock/twse,2026-07-01T08:07:37Z
2330,2021-06-07,594,595,583,592,17729179,twstock/twse,2026-07-01T08:07:37Z
2330,2021-06-08,590,595,588,589,14083552,twstock/twse,2026-07-01T08:07:37Z
2330,2021-06-09,586,588,583,586,21575159,twstock/twse,2026-07-01T08:07:37Z
2330,2021-06-10,591,599,587,599,29741770,twstock/twse,2026-07-01T08:07:37Z
2330,2021-06-11,602,603,600,602,24940705,twstock/twse,2026-07-01T08:07:37Z
2330,2021-06-15,607,609,606,609,30245897,twstock/twse,2026-07-01T08:07:37Z
2330,2021-06-16,608,608,605,605,28624508,twstock/twse,2026-07-01T08:07:37Z
2330,2021-06-17,601,606,598,606,26477032,twstock/twse,2026-07-01T08:07:37Z
2330,2021-06-18,608,608,601,603,42036170,twstock/twse,2026-07-01T08:07:37Z
2330,2021-06-21,590,594,583,583,47339695,twstock/twse,2026-07-01T08:07:37Z
2330,2021-06-22,585,588,578,578,30578091,twstock/twse,2026-07-01T08:07:37Z
2330,2021-06-23,583,598,581,595,36386023,twstock/twse,2026-07-01T08:07:37Z
2330,2021-06-24,598,598,588,590,19322765,twstock/twse,2026-07-01T08:07:37Z
2330,2021-06-25,598,598,589,591,19140086,twstock/twse,2026-07-01T08:07:37Z
2330,2021-06-28,590,590,586,590,15401977,twstock/twse,2026-07-01T08:07:37Z
2330,2021-06-29,598,598,591,595,30837548,twstock/twse,2026-07-01T08:07:37Z
2330,2021-06-30,599,599,595,595,34021380,twstock/twse,2026-07-01T08:07:37Z
2330,2021-07-01,596,597,591,593,18719706,twstock/twse,2026-07-01T08:07:37Z
2330,2021-07-02,590,593,587,588,19633718,twstock/twse,2026-07-01T08:07:37Z
2330,2021-07-05,588,597,588,591,30274105,twstock/twse,2026-07-01T08:07:37Z
2330,2021-07-06,595,596,589,592,13830591,twstock/twse,2026-07-01T08:07:37Z
2330,2021-07-07,590,594,588,594,17329148,twstock/twse,2026-07-01T08:07:37Z
2330,2021-07-08,595,595,588,588,21596183,twstock/twse,2026-07-01T08:07:37Z
2330,2021-07-09,582,585,580,584,30602492,twstock/twse,2026-07-01T08:07:37Z
2330,2021-07-12,595,597,590,593,33011596,twstock/twse,2026-07-01T08:07:37Z
2330,2021-07-13,600,608,599,607,54894335,twstock/twse,2026-07-01T08:07:37Z
2330,2021-07-14,613,615,608,613,39670241,twstock/twse,2026-07-01T08:07:37Z
2330,2021-07-15,613,614,608,614,23057868,twstock/twse,2026-07-01T08:07:37Z
2330,2021-07-16,591,595,588,589,61882128,twstock/twse,2026-07-01T08:07:37Z
2330,2021-07-19,583,584,578,582,43248966,twstock/twse,2026-07-01T08:07:37Z
2330,2021-07-20,579,584,579,581,16352855,twstock/twse,2026-07-01T08:07:37Z
2330,2021-07-21,586,586,580,585,26476215,twstock/twse,2026-07-01T08:07:37Z
2330,2021-07-22,589,594,587,591,27075950,twstock/twse,2026-07-01T08:07:37Z
2330,2021-07-23,592,592,583,585,15705191,twstock/twse,2026-07-01T08:07:37Z
2330,2021-07-26,591,591,580,580,22442745,twstock/twse,2026-07-01T08:07:37Z
2330,2021-07-27,581,584,580,580,18925325,twstock/twse,2026-07-01T08:07:37Z
2330,2021-07-28,576,579,573,579,39744486,twstock/twse,2026-07-01T08:07:37Z
2330,2021-07-29,585,585,577,583,25014772,twstock/twse,2026-07-01T08:07:37Z
2330,2021-07-30,581,582,578,580,26141286,twstock/twse,2026-07-01T08:07:37Z
2330,2021-08-02,583,590,580,590,24948096,twstock/twse,2026-07-01T08:07:37Z
2330,2021-08-03,594,594,590,594,28104984,twstock/twse,2026-07-01T08:07:37Z
2330,2021-08-04,598,598,594,596,23714971,twstock/twse,2026-07-01T08:07:37Z
2330,2021-08-05,598,598,593,596,15673765,twstock/twse,2026-07-01T08:07:37Z
2330,2021-08-06,596,596,588,591,13994018,twstock/twse,2026-07-01T08:07:37Z
2330,2021-08-09,590,595,583,595,17611955,twstock/twse,2026-07-01T08:07:37Z
2330,2021-08-10,596,596,589,591,17620825,twstock/twse,2026-07-01T08:07:37Z
2330,2021-08-11,590,590,585,590,20311399,twstock/twse,2026-07-01T08:07:37Z
2330,2021-08-12,586,588,584,586,16031265,twstock/twse,2026-07-01T08:07:37Z
2330,2021-08-13,585,585,579,581,25440973,twstock/twse,2026-07-01T08:07:37Z
2330,2021-08-16,582,586,578,584,19949389,twstock/twse,2026-07-01T08:07:37Z
2330,2021-08-17,580,582,578,580,31845499,twstock/twse,2026-07-01T08:07:37Z
2330,2021-08-18,568,575,566,574,47063629,twstock/twse,2026-07-01T08:07:37Z
2330,2021-08-19,573,573,559,559,42133375,twstock/twse,2026-07-01T08:07:37Z
2330,2021-08-20,560,563,551,552,47741449,twstock/twse,2026-07-01T08:07:37Z
2330,2021-08-23,560,572,559,566,34775337,twstock/twse,2026-07-01T08:07:37Z
2330,2021-08-24,574,575,571,572,27397309,twstock/twse,2026-07-01T08:07:37Z
2330,2021-08-25,579,585,574,585,28867651,twstock/twse,2026-07-01T08:07:37Z
2330,2021-08-26,601,603,591,594,45027320,twstock/twse,2026-07-01T08:07:37Z
2330,2021-08-27,596,600,593,599,29459532,twstock/twse,2026-07-01T08:07:37Z
2330,2021-08-30,602,605,599,605,40606821,twstock/twse,2026-07-01T08:07:37Z
2330,2021-08-31,604,614,598,614,58916407,twstock/twse,2026-07-01T08:07:37Z
2330,2021-10-01,579,579,571,574,39006124,twstock/twse,2026-07-01T08:07:37Z
2330,2021-10-04,574,575,569,572,22288138,twstock/twse,2026-07-01T08:07:37Z
2330,2021-10-05,562,572,560,572,36063650,twstock/twse,2026-07-01T08:07:37Z
2330,2021-10-06,573,574,565,571,33989379,twstock/twse,2026-07-01T08:07:37Z
2330,2021-10-07,575,582,572,580,28480400,twstock/twse,2026-07-01T08:07:37Z
2330,2021-10-08,582,583,573,575,22601904,twstock/twse,2026-07-01T08:07:37Z
2330,2021-10-12,570,575,564,575,27126088,twstock/twse,2026-07-01T08:07:37Z
2330,2021-10-13,572,575,570,571,19267437,twstock/twse,2026-07-01T08:07:37Z
2330,2021-10-14,579,579,573,573,14270641,twstock/twse,2026-07-01T08:07:37Z
2330,2021-10-15,592,600,586,600,55305252,twstock/twse,2026-07-01T08:07:37Z
2330,2021-10-18,604,604,590,590,19753943,twstock/twse,2026-07-01T08:07:37Z
2330,2021-10-19,598,600,593,600,18709936,twstock/twse,2026-07-01T08:07:37Z
2330,2021-10-20,603,604,597,598,17537878,twstock/twse,2026-07-01T08:07:37Z
2330,2021-10-21,602,603,595,596,16882324,twstock/twse,2026-07-01T08:07:37Z
2330,2021-10-22,600,602,594,600,14236279,twstock/twse,2026-07-01T08:07:37Z
2330,2021-10-25,597,597,590,593,17724968,twstock/twse,2026-07-01T08:07:37Z
2330,2021-10-26,595,600,593,599,27047187,twstock/twse,2026-07-01T08:07:37Z
2330,2021-10-27,598,599,594,599,16260278,twstock/twse,2026-07-01T08:07:37Z
2330,2021-10-28,598,598,591,595,16927154,twstock/twse,2026-07-01T08:07:37Z
2330,2021-10-29,595,596,589,590,27684673,twstock/twse,2026-07-01T08:07:37Z
2330,2021-11-01,591,593,590,590,17110357,twstock/twse,2026-07-01T08:07:37Z
2330,2021-11-02,594,597,590,592,16544999,twstock/twse,2026-07-01T08:07:37Z
2330,2021-11-03,597,597,592,592,11404984,twstock/twse,2026-07-01T08:07:37Z
2330,2021-11-04,592,594,585,587,18888245,twstock/twse,2026-07-01T08:07:37Z
2330,2021-11-05,598,600,595,600,35086799,twstock/twse,2026-07-01T08:07:37Z
2330,2021-11-08,600,602,598,602,20886897,twstock/twse,2026-07-01T08:07:37Z
2330,2021-11-09,611,617,610,611,42340785,twstock/twse,2026-07-01T08:07:37Z
2330,2021-11-10,611,612,608,612,18518512,twstock/twse,2026-07-01T08:07:37Z
2330,2021-11-11,600,606,600,606,20257792,twstock/twse,2026-07-01T08:07:37Z
2330,2021-11-12,610,611,602,604,21373014,twstock/twse,2026-07-01T08:07:37Z
2330,2021-11-15,609,611,607,608,17140935,twstock/twse,2026-07-01T08:07:37Z
2330,2021-11-16,612,612,608,610,21776308,twstock/twse,2026-07-01T08:07:37Z
2330,2021-11-17,615,615,608,610,21829653,twstock/twse,2026-07-01T08:07:37Z
2330,2021-11-18,613,614,607,613,22933191,twstock/twse,2026-07-01T08:07:37Z
2330,2021-11-19,622,623,617,618,38847820,twstock/twse,2026-07-01T08:07:37Z
2330,2021-11-22,618,618,615,615,23296854,twstock/twse,2026-07-01T08:07:37Z
2330,2021-11-23,615,615,611,612,20022520,twstock/twse,2026-07-01T08:07:37Z
2330,2021-11-24,612,612,602,603,22978524,twstock/twse,2026-07-01T08:07:37Z
2330,2021-11-25,605,607,601,603,14171433,twstock/twse,2026-07-01T08:07:37Z
2330,2021-11-26,598,601,592,596,27882175,twstock/twse,2026-07-01T08:07:37Z
2330,2021-11-29,594,598,591,593,24160615,twstock/twse,2026-07-01T08:07:37Z
2330,2021-11-30,597,600,591,596,69160408,twstock/twse,2026-07-01T08:07:37Z
2330,2021-12-01,596,603,594,600,30119408,twstock/twse,2026-07-01T08:07:37Z
2330,2021-12-02,605,615,602,615,48720976,twstock/twse,2026-07-01T08:07:37Z
2330,2021-12-03,614,614,606,608,27571974,twstock/twse,2026-07-01T08:07:37Z
2330,2021-12-06,603,609,600,600,24474913,twstock/twse,2026-07-01T08:07:37Z
2330,2021-12-07,602,607,597,607,21105883,twstock/twse,2026-07-01T08:07:37Z
2330,2021-12-08,614,614,602,602,22194708,twstock/twse,2026-07-01T08:07:37Z
2330,2021-12-09,606,608,602,608,12467833,twstock/twse,2026-07-01T08:07:37Z
2330,2021-12-10,605,608,602,605,11371659,twstock/twse,2026-07-01T08:07:37Z
2330,2021-12-13,609,610,601,601,17994933,twstock/twse,2026-07-01T08:07:37Z
2330,2021-12-14,598,600,597,599,22997961,twstock/twse,2026-07-01T08:07:37Z
2330,2021-12-15,597,601,596,600,22419040,twstock/twse,2026-07-01T08:07:37Z
2330,2021-12-16,605,605,601,605,22151282,twstock/twse,2026-07-01T08:07:37Z
2330,2021-12-17,601,607,599,607,30319495,twstock/twse,2026-07-01T08:07:37Z
2330,2021-12-20,607,607,598,598,22381761,twstock/twse,2026-07-01T08:07:37Z
2330,2021-12-21,597,600,595,597,17669559,twstock/twse,2026-07-01T08:07:37Z
2330,2021-12-22,598,601,598,600,10127887,twstock/twse,2026-07-01T08:07:37Z
2330,2021-12-23,607,608,602,606,16910501,twstock/twse,2026-07-01T08:07:37Z
2330,2021-12-24,606,609,604,604,12008673,twstock/twse,2026-07-01T08:07:37Z
2330,2021-12-27,604,610,604,606,16771900,twstock/twse,2026-07-01T08:07:37Z
2330,2021-12-28,610,615,610,615,35156339,twstock/twse,2026-07-01T08:07:37Z
2330,2021-12-29,615,619,614,616,25604320,twstock/twse,2026-07-01T08:07:37Z
2330,2021-12-30,619,620,615,615,20522055,twstock/twse,2026-07-01T08:07:37Z
2330,2022-01-03,619,632,618,631,73703302,twstock/twse,2026-07-01T08:07:37Z
2330,2022-01-04,645,656,644,656,90945643,twstock/twse,2026-07-01T08:07:37Z
2330,2022-01-05,669,669,646,650,72505550,twstock/twse,2026-07-01T08:07:37Z
2330,2022-01-06,638,646,636,644,57490736,twstock/twse,2026-07-01T08:07:37Z
2330,2022-01-07,643,646,632,634,39847766,twstock/twse,2026-07-01T08:07:37Z
2330,2022-01-10,628,645,627,643,39286754,twstock/twse,2026-07-01T08:07:37Z
2330,2022-01-11,646,651,639,651,36186544,twstock/twse,2026-07-01T08:07:37Z
2330,2022-01-12,657,660,650,660,40832298,twstock/twse,2026-07-01T08:07:37Z
2330,2022-01-13,658,662,655,661,39172028,twstock/twse,2026-07-01T08:07:37Z
2330,2022-01-14,673,673,661,672,98768193,twstock/twse,2026-07-01T08:07:37Z
2330,2022-01-17,685,688,678,683,63828552,twstock/twse,2026-07-01T08:07:37Z
2330,2022-01-18,678,681,662,662,48802321,twstock/twse,2026-07-01T08:07:37Z
2330,2022-01-19,652,660,651,654,44092247,twstock/twse,2026-07-01T08:07:37Z
2330,2022-01-20,650,657,646,651,48996473,twstock/twse,2026-07-01T08:07:37Z
2330,2022-01-21,644,646,637,641,53966101,twstock/twse,2026-07-01T08:07:37Z
2330,2022-01-24,639,655,637,653,48665203,twstock/twse,2026-07-01T08:07:37Z
2330,2022-01-25,643,645,638,641,53927064,twstock/twse,2026-07-01T08:07:37Z
2330,2022-01-26,635,641,635,636,33093553,twstock/twse,2026-07-01T08:07:37Z
2330,2022-02-07,644,644,631,635,64637049,twstock/twse,2026-07-01T08:07:37Z
2330,2022-02-08,645,645,628,628,43786259,twstock/twse,2026-07-01T08:07:37Z
2330,2022-02-09,635,637,630,633,33633394,twstock/twse,2026-07-01T08:07:37Z
2330,2022-02-10,639,649,637,649,37388892,twstock/twse,2026-07-01T08:07:37Z
2330,2022-02-11,646,650,642,650,28194682,twstock/twse,2026-07-01T08:07:37Z
2330,2022-02-14,640,641,635,637,39394670,twstock/twse,2026-07-01T08:07:37Z
2330,2022-02-15,633,639,633,633,24497955,twstock/twse,2026-07-01T08:07:37Z
2330,2022-02-16,645,646,640,646,27395771,twstock/twse,2026-07-01T08:07:37Z
2330,2022-02-17,644,646,641,645,20447347,twstock/twse,2026-07-01T08:07:37Z
2330,2022-02-18,638,639,636,637,21948975,twstock/twse,2026-07-01T08:07:37Z
2330,2022-02-21,633,636,632,632,25769408,twstock/twse,2026-07-01T08:07:37Z
2330,2022-02-22,628,630,625,627,38526210,twstock/twse,2026-07-01T08:07:37Z
2330,2022-02-23,624,629,623,625,34561338,twstock/twse,2026-07-01T08:07:37Z
2330,2022-02-24,618,619,604,604,80672979,twstock/twse,2026-07-01T08:07:37Z
2330,2022-02-25,600,609,600,604,94155943,twstock/twse,2026-07-01T08:07:37Z
2330,2022-03-01,599,610,599,604,70303880,twstock/twse,2026-07-01T08:07:37Z
2330,2022-03-02,601,605,600,601,42428151,twstock/twse,2026-07-01T08:07:37Z
2330,2022-03-03,603,607,601,602,37103932,twstock/twse,2026-07-01T08:07:37Z
2330,2022-03-04,595,597,592,595,65235167,twstock/twse,2026-07-01T08:07:37Z
2330,2022-03-07,580,581,575,576,97167600,twstock/twse,2026-07-01T08:07:37Z
2330,2022-03-08,561,570,561,563,88371413,twstock/twse,2026-07-01T08:07:37Z
2330,2022-03-09,567,573,567,568,57512412,twstock/twse,2026-07-01T08:07:37Z
2330,2022-03-10,585,589,582,587,49092145,twstock/twse,2026-07-01T08:07:37Z
2330,2022-03-11,581,582,574,575,42981381,twstock/twse,2026-07-01T08:07:37Z
2330,2022-03-14,574,577,572,572,38562552,twstock/twse,2026-07-01T08:07:37Z
2330,2022-03-15,562,563,558,558,84338792,twstock/twse,2026-07-01T08:07:37Z
2330,2022-03-16,564,565,555,558,50764807,twstock/twse,2026-07-01T08:07:37Z
2330,2022-03-17,578,583,575,582,65820899,twstock/twse,2026-07-01T08:07:37Z
2330,2022-03-18,582,582,576,581,49583448,twstock/twse,2026-07-01T08:07:37Z
2330,2022-03-21,583,589,583,586,22800165,twstock/twse,2026-07-01T08:07:37Z
2330,2022-03-22,577,586,577,583,23421124,twstock/twse,2026-07-01T08:07:37Z
2330,2022-03-23,590,590,586,590,27475008,twstock/twse,2026-07-01T08:07:37Z
2330,2022-03-24,587,592,585,591,20769676,twstock/twse,2026-07-01T08:07:37Z
2330,2022-03-25,597,598,595,598,26794684,twstock/twse,2026-07-01T08:07:37Z
2330,2022-03-28,581,586,580,584,27954730,twstock/twse,2026-07-01T08:07:37Z
2330,2022-03-29,586,589,584,589,15742359,twstock/twse,2026-07-01T08:07:37Z
2330,2022-03-30,599,600,597,600,43256548,twstock/twse,2026-07-01T08:07:37Z
2330,2022-03-31,602,602,594,597,25130417,twstock/twse,2026-07-01T08:07:37Z
2330,2022-04-01,585,589,584,589,31247086,twstock/twse,2026-07-01T08:07:37Z
2330,2022-04-06,578,580,575,578,40726932,twstock/twse,2026-07-01T08:07:37Z
2330,2022-04-07,571,573,566,566,47212937,twstock/twse,2026-07-01T08:07:37Z
2330,2022-04-08,567,570,566,567,31406384,twstock/twse,2026-07-01T08:07:37Z
2330,2022-04-11,563,566,558,558,41713758,twstock/twse,2026-07-01T08:07:37Z
2330,2022-04-12,554,564,552,557,34799056,twstock/twse,2026-07-01T08:07:37Z
2330,2022-04-13,564,576,563,573,36968137,twstock/twse,2026-07-01T08:07:37Z
2330,2022-04-14,577,578,573,573,20224847,twstock/twse,2026-07-01T08:07:37Z
2330,2022-04-15,562,566,561,562,33158930,twstock/twse,2026-07-01T08:07:37Z
2330,2022-04-18,559,566,558,561,16579296,twstock/twse,2026-07-01T08:07:37Z
2330,2022-04-19,566,569,563,565,18811242,twstock/twse,2026-07-01T08:07:37Z
2330,2022-04-20,570,570,562,570,28240222,twstock/twse,2026-07-01T08:07:37Z
2330,2022-04-21,571,571,565,565,21539083,twstock/twse,2026-07-01T08:07:37Z
2330,2022-04-22,558,559,557,558,35567672,twstock/twse,2026-07-01T08:07:37Z
2330,2022-04-25,550,552,546,547,49067362,twstock/twse,2026-07-01T08:07:37Z
2330,2022-04-26,550,551,544,546,39549934,twstock/twse,2026-07-01T08:07:37Z
2330,2022-04-27,530,532,526,526,65034122,twstock/twse,2026-07-01T08:07:37Z
2330,2022-04-28,530,532,523,531,50406145,twstock/twse,2026-07-01T08:07:37Z
2330,2022-04-29,547,547,535,538,39960198,twstock/twse,2026-07-01T08:07:37Z
2330,2022-05-03,538,540,530,531,29502561,twstock/twse,2026-07-01T08:07:37Z
2330,2022-05-04,533,537,530,534,17305449,twstock/twse,2026-07-01T08:07:37Z
2330,2022-05-05,543,544,539,542,22540182,twstock/twse,2026-07-01T08:07:37Z
2330,2022-05-06,528,531,526,528,34512038,twstock/twse,2026-07-01T08:07:37Z
2330,2022-05-09,523,524,520,520,27309304,twstock/twse,2026-07-01T08:07:37Z
2330,2022-05-10,506,519,505,518,44322247,twstock/twse,2026-07-01T08:07:37Z
2330,2022-05-11,518,526,518,521,28109896,twstock/twse,2026-07-01T08:07:37Z
2330,2022-05-12,516,518,505,505,35824788,twstock/twse,2026-07-01T08:07:37Z
2330,2022-05-13,507,514,506,511,30204773,twstock/twse,2026-07-01T08:07:37Z
2330,2022-05-16,521,524,518,520,22012610,twstock/twse,2026-07-01T08:07:37Z
2330,2022-05-17,521,533,520,530,25812051,twstock/twse,2026-07-01T08:07:37Z
2330,2022-05-18,541,541,534,538,33605299,twstock/twse,2026-07-01T08:07:37Z
2330,2022-05-19,523,527,520,522,40798132,twstock/twse,2026-07-01T08:07:37Z
2330,2022-05-20,524,532,523,530,26111163,twstock/twse,2026-07-01T08:07:37Z
2330,2022-05-23,533,534,528,528,18919447,twstock/twse,2026-07-01T08:07:37Z
2330,2022-05-24,530,531,520,520,19130619,twstock/twse,2026-07-01T08:07:37Z
2330,2022-05-25,522,529,520,524,22460245,twstock/twse,2026-07-01T08:07:37Z
2330,2022-05-26,523,525,513,514,31542825,twstock/twse,2026-07-01T08:07:37Z
2330,2022-05-27,524,530,522,530,30113220,twstock/twse,2026-07-01T08:07:37Z
2330,2022-05-30,538,547,537,547,36480411,twstock/twse,2026-07-01T08:07:37Z
2330,2022-05-31,542,560,540,560,81962870,twstock/twse,2026-07-01T08:07:37Z
2330,2022-06-01,550,555,548,549,32970903,twstock/twse,2026-07-01T08:07:37Z
2330,2022-06-02,544,545,540,540,26063495,twstock/twse,2026-07-01T08:07:37Z
2330,2022-06-06,541,544,538,540,23732327,twstock/twse,2026-07-01T08:07:37Z
2330,2022-06-07,535,538,532,535,22152512,twstock/twse,2026-07-01T08:07:37Z
2330,2022-06-08,539,545,538,544,19609522,twstock/twse,2026-07-01T08:07:37Z
2330,2022-06-09,538,542,537,541,16894479,twstock/twse,2026-07-01T08:07:37Z
2330,2022-06-10,530,533,529,530,22614596,twstock/twse,2026-07-01T08:07:37Z
2330,2022-06-13,518,519,515,516,36758925,twstock/twse,2026-07-01T08:07:37Z
2330,2022-06-14,507,514,507,513,38838778,twstock/twse,2026-07-01T08:07:37Z
2330,2022-06-15,508,515,508,509,38360508,twstock/twse,2026-07-01T08:07:37Z
2330,2022-06-16,515,516,507,508,31908028,twstock/twse,2026-07-01T08:07:37Z
2330,2022-06-17,499.5,503,499,501,48400798,twstock/twse,2026-07-01T08:07:37Z
2330,2022-06-20,500,502,495,498,36664463,twstock/twse,2026-07-01T08:07:37Z
2330,2022-06-21,501,505,499,505,34432537,twstock/twse,2026-07-01T08:07:37Z
2330,2022-06-22,501,503,494.5,494.5,33438921,twstock/twse,2026-07-01T08:07:37Z
2330,2022-06-23,492,493.5,485,485.5,46808462,twstock/twse,2026-07-01T08:07:37Z
2330,2022-06-24,489.5,492.5,485.5,486.5,29003676,twstock/twse,2026-07-01T08:07:37Z
2330,2022-06-27,496,506,495.5,498.5,38684368,twstock/twse,2026-07-01T08:07:37Z
2330,2022-06-28,496,500,496,497.5,16867955,twstock/twse,2026-07-01T08:07:37Z
2330,2022-06-29,496,498.5,491,491,33124986,twstock/twse,2026-07-01T08:07:37Z
2330,2022-06-30,484.5,486.5,476,476,49820824,twstock/twse,2026-07-01T08:07:37Z
2330,2022-07-01,471.5,474,452.5,453.5,72597018,twstock/twse,2026-07-01T08:07:37Z
2330,2022-07-04,443,451.5,440,440,61206245,twstock/twse,2026-07-01T08:07:37Z
2330,2022-07-05,449.5,451.5,433,446,55469884,twstock/twse,2026-07-01T08:07:37Z
2330,2022-07-06,442,447.5,435,435.5,42156925,twstock/twse,2026-07-01T08:07:37Z
2330,2022-07-07,442,459,438.5,457.5,50984110,twstock/twse,2026-07-01T08:07:37Z
2330,2022-07-08,470,470.5,461.5,467,39134398,twstock/twse,2026-07-01T08:07:37Z
2330,2022-07-11,468,470.5,461,462,22930675,twstock/twse,2026-07-01T08:07:37Z
2330,2022-07-12,458,458,449.5,449.5,24155935,twstock/twse,2026-07-01T08:07:37Z
2330,2022-07-13,470.5,473,466,470.5,48134139,twstock/twse,2026-07-01T08:07:37Z
2330,2022-07-14,466,477.5,463,475,34014188,twstock/twse,2026-07-01T08:07:37Z
2330,2022-07-15,481,494,477,492.5,56039339,twstock/twse,2026-07-01T08:07:37Z
2330,2022-07-18,495.5,498.5,488.5,495.5,40797601,twstock/twse,2026-07-01T08:07:37Z
2330,2022-07-19,487.5,493,486.5,491,20554247,twstock/twse,2026-07-01T08:07:37Z
2330,2022-07-20,502,503,491.5,495,36862724,twstock/twse,2026-07-01T08:07:37Z
2330,2022-07-21,496,501,494,501,23893063,twstock/twse,2026-07-01T08:07:37Z
2330,2022-07-22,505,505,500,503,26904474,twstock/twse,2026-07-01T08:07:37Z
2330,2022-07-25,500,503,498,499.5,16803972,twstock/twse,2026-07-01T08:07:37Z
2330,2022-07-26,499.5,499.5,491,495,19524143,twstock/twse,2026-07-01T08:07:37Z
2330,2022-07-27,494,502,491,502,18411136,twstock/twse,2026-07-01T08:07:37Z
2330,2022-07-28,509,509,499,501,35020547,twstock/twse,2026-07-01T08:07:37Z
2330,2022-07-29,508,510,504,509,30632627,twstock/twse,2026-07-01T08:07:37Z
2330,2022-08-01,506,508,500,504,24991291,twstock/twse,2026-07-01T08:07:37Z
2330,2022-08-02,494,496,488.5,492,42669591,twstock/twse,2026-07-01T08:07:37Z
2330,2022-08-03,494,501,493,501,29838832,twstock/twse,2026-07-01T08:07:37Z
2330,2022-08-04,499,503,495,500,26589086,twstock/twse,2026-07-01T08:07:37Z
2330,2022-08-05,509,516,507,516,35052642,twstock/twse,2026-07-01T08:07:37Z
2330,2022-08-08,510,515,509,512,20568971,twstock/twse,2026-07-01T08:07:37Z
2330,2022-08-09,507,511,504,510,24370709,twstock/twse,2026-07-01T08:07:37Z
2330,2022-08-10,500,503,499.5,500,22112239,twstock/twse,2026-07-01T08:07:37Z
2330,2022-08-11,513,514,510,514,24906177,twstock/twse,2026-07-01T08:07:37Z
2330,2022-08-12,515,518,514,517,21343450,twstock/twse,2026-07-01T08:07:37Z
2330,2022-08-15,520,524,519,523,22519886,twstock/twse,2026-07-01T08:07:37Z
2330,2022-08-16,526,526,523,525,21234122,twstock/twse,2026-07-01T08:07:37Z
2330,2022-08-17,524,527,521,527,28461939,twstock/twse,2026-07-01T08:07:37Z
2330,2022-08-18,520,521,519,520,18721898,twstock/twse,2026-07-01T08:07:37Z
2330,2022-08-19,519,523,517,519,14235983,twstock/twse,2026-07-01T08:07:37Z
2330,2022-08-22,511,514,510,510,23175820,twstock/twse,2026-07-01T08:07:37Z
2330,2022-08-23,503,506,502,504,20997847,twstock/twse,2026-07-01T08:07:37Z
2330,2022-08-24,504,508,503,503,14995494,twstock/twse,2026-07-01T08:07:37Z
2330,2022-08-25,505,510,504,508,10254367,twstock/twse,2026-07-01T08:07:37Z
2330,2022-08-26,513,515,511,512,13268148,twstock/twse,2026-07-01T08:07:37Z
2330,2022-08-29,497,502,496,498.5,28217313,twstock/twse,2026-07-01T08:07:37Z
2330,2022-08-30,497.5,500,496,496,25699463,twstock/twse,2026-07-01T08:07:37Z
2330,2022-08-31,492,505,492,505,50999514,twstock/twse,2026-07-01T08:07:37Z
2330,2022-09-01,495,495.5,490,490.5,42008490,twstock/twse,2026-07-01T08:07:37Z
2330,2022-09-02,488,489.5,485,485,33877655,twstock/twse,2026-07-01T08:07:37Z
2330,2022-09-05,485,488,484,486,17327720,twstock/twse,2026-07-01T08:07:37Z
2330,2022-09-06,488.5,491.5,486.5,489,21197718,twstock/twse,2026-07-01T08:07:37Z
2330,2022-09-07,477,478,472,472.5,38168331,twstock/twse,2026-07-01T08:07:37Z
2330,2022-09-08,473,475,472,475,35355467,twstock/twse,2026-07-01T08:07:37Z
2330,2022-09-12,485,491,485,486.5,27181969,twstock/twse,2026-07-01T08:07:37Z
2330,2022-09-13,495,495,491,493,18916557,twstock/twse,2026-07-01T08:07:37Z
2330,2022-09-14,478.5,482.5,476,480,25046110,twstock/twse,2026-07-01T08:07:37Z
2330,2022-09-15,476,480,476,476.5,24272164,twstock/twse,2026-07-01T08:07:37Z
2330,2022-09-16,470.5,472,469,472,41889816,twstock/twse,2026-07-01T08:07:37Z
2330,2022-09-19,472,473,466.5,467,20724347,twstock/twse,2026-07-01T08:07:37Z
2330,2022-09-20,470.5,478,470,476.5,23269759,twstock/twse,2026-07-01T08:07:37Z
2330,2022-09-21,473.5,475.5,468.5,471,24686050,twstock/twse,2026-07-01T08:07:37Z
2330,2022-09-22,462,468,459,464.5,31417685,twstock/twse,2026-07-01T08:07:37Z
2330,2022-09-23,458.5,460.5,455,455,32804066,twstock/twse,2026-07-01T08:07:37Z
2330,2022-09-26,443,454,443,446.5,34856957,twstock/twse,2026-07-01T08:07:37Z
2330,2022-09-27,449,451.5,446,448,29570005,twstock/twse,2026-07-01T08:07:37Z
2330,2022-09-28,447,449,438,438,37827459,twstock/twse,2026-07-01T08:07:37Z
2330,2022-09-29,443,443.5,432,435,42884163,twstock/twse,2026-07-01T08:07:37Z
2330,2022-09-30,424.5,427.5,422,422,58366820,twstock/twse,2026-07-01T08:07:37Z
2330,2022-10-03,418.5,424.5,416.5,417,38354967,twstock/twse,2026-07-01T08:07:37Z
2330,2022-10-04,429.5,432,427,429,42455417,twstock/twse,2026-07-01T08:07:37Z
2330,2022-10-05,444.5,451,442,445,48321335,twstock/twse,2026-07-01T08:07:37Z
2330,2022-10-06,450.5,451,447,451,30750331,twstock/twse,2026-07-01T08:07:37Z
2330,2022-10-07,448.5,448.5,437,438,32872044,twstock/twse,2026-07-01T08:07:37Z
2330,2022-10-11,408,412.5,401,401.5,109842903,twstock/twse,2026-07-01T08:07:37Z
2330,2022-10-12,397,400,395.5,397.5,64138351,twstock/twse,2026-07-01T08:07:37Z
2330,2022-10-13,400.5,403,395,395,43158592,twstock/twse,2026-07-01T08:07:37Z
2330,2022-10-14,414.5,416,409,412,59841064,twstock/twse,2026-07-01T08:07:37Z
2330,2022-10-17,400,403.5,396,397,45038159,twstock/twse,2026-07-01T08:07:37Z
2330,2022-10-18,406.5,407,399.5,407,41304834,twstock/twse,2026-07-01T08:07:37Z
2330,2022-10-19,404,405,395.5,395.5,48655069,twstock/twse,2026-07-01T08:07:37Z
2330,2022-10-20,391,397.5,386,397.5,63202035,twstock/twse,2026-07-01T08:07:37Z
2330,2022-10-21,395.5,398.5,389.5,389.5,38968511,twstock/twse,2026-07-01T08:07:37Z
2330,2022-10-24,395,397.5,387,387,48691083,twstock/twse,2026-07-01T08:07:37Z
2330,2022-10-25,380,382.5,371,371,81173913,twstock/twse,2026-07-01T08:07:37Z
2330,2022-10-26,370.5,379,370,376,61440878,twstock/twse,2026-07-01T08:07:37Z
2330,2022-10-27,384.5,389,382.5,385.5,47160778,twstock/twse,2026-07-01T08:07:37Z
2330,2022-10-28,379.5,382,375,379.5,44691746,twstock/twse,2026-07-01T08:07:37Z
2330,2022-10-31,386,390,381,390,40598928,twstock/twse,2026-07-01T08:07:37Z
2330,2022-11-01,388.5,393,386,391.5,42123141,twstock/twse,2026-07-01T08:07:37Z
2330,2022-11-02,391,395,388.5,395,23169428,twstock/twse,2026-07-01T08:07:37Z
2330,2022-11-03,385,387,383.5,384,42092776,twstock/twse,2026-07-01T08:07:37Z
2330,2022-11-04,381,384.5,378.5,382,30839846,twstock/twse,2026-07-01T08:07:37Z
2330,2022-11-07,390,393,387,390,37704746,twstock/twse,2026-07-01T08:07:37Z
2330,2022-11-08,395,399.5,394,399,32576136,twstock/twse,2026-07-01T08:07:37Z
2330,2022-11-09,403.5,417,403.5,417,56357663,twstock/twse,2026-07-01T08:07:37Z
2330,2022-11-10,409,411.5,406,407.5,33671621,twstock/twse,2026-07-01T08:07:37Z
2330,2022-11-11,441.5,442,435,441.5,83770040,twstock/twse,2026-07-01T08:07:37Z
2330,2022-11-14,450,450,441.5,445,63282094,twstock/twse,2026-07-01T08:07:37Z
2330,2022-11-15,465,487,462,480,118536865,twstock/twse,2026-07-01T08:07:37Z
2330,2022-11-16,491.5,494,481.5,487,88416393,twstock/twse,2026-07-01T08:07:37Z
2330,2022-11-17,482.5,485,475,485,46850915,twstock/twse,2026-07-01T08:07:37Z
2330,2022-11-18,491.5,494,486,487,37001332,twstock/twse,2026-07-01T08:07:37Z
2330,2022-11-21,487.5,489.5,480.5,482,30609465,twstock/twse,2026-07-01T08:07:37Z
2330,2022-11-22,476,491,476,491,39329440,twstock/twse,2026-07-01T08:07:37Z
2330,2022-11-23,494.5,496,488.5,492,34752559,twstock/twse,2026-07-01T08:07:37Z
2330,2022-11-24,494,496,492,496,28477359,twstock/twse,2026-07-01T08:07:37Z
2330,2022-11-25,494,498,494,498,41461805,twstock/twse,2026-07-01T08:07:37Z
2330,2022-11-28,486,490,480.5,480.5,40815045,twstock/twse,2026-07-01T08:07:37Z
2330,2022-11-29,473.5,488,473,487,40266315,twstock/twse,2026-07-01T08:07:37Z
2330,2022-11-30,483,490,482.5,490,60728041,twstock/twse,2026-07-01T08:07:37Z
2330,2022-12-01,506,508,498.5,498.5,43684491,twstock/twse,2026-07-01T08:07:37Z
2330,2022-12-02,490,497,490,492.5,29909021,twstock/twse,2026-07-01T08:07:37Z
2330,2022-12-05,491.5,497.5,489,489,33048153,twstock/twse,2026-07-01T08:07:37Z
2330,2022-12-06,488,489,478,478,44964237,twstock/twse,2026-07-01T08:07:37Z
2330,2022-12-07,477,485.5,475,475,39978821,twstock/twse,2026-07-01T08:07:37Z
2330,2022-12-08,475,475,467,471.5,28348573,twstock/twse,2026-07-01T08:07:37Z
2330,2022-12-09,478,484.5,476,481.5,28903860,twstock/twse,2026-07-01T08:07:37Z
2330,2022-12-12,476.5,478,473.5,475,24064002,twstock/twse,2026-07-01T08:07:37Z
2330,2022-12-13,473,476,471,471.5,36028109,twstock/twse,2026-07-01T08:07:37Z
2330,2022-12-14,472,480.5,472,480.5,35263781,twstock/twse,2026-07-01T08:07:37Z
2330,2022-12-15,476,481.5,474.5,480.5,26001756,twstock/twse,2026-07-01T08:07:37Z
2330,2022-12-16,466.5,471,465.5,471,51707693,twstock/twse,2026-07-01T08:07:37Z
2330,2022-12-19,466.5,469.5,465,466.5,24231653,twstock/twse,2026-07-01T08:07:37Z
2330,2022-12-20,465,467,455,457.5,33181363,twstock/twse,2026-07-01T08:07:37Z
2330,2022-12-21,460,463,457,459,40831313,twstock/twse,2026-07-01T08:07:37Z
2330,2022-12-22,466.5,469,464,468,14519582,twstock/twse,2026-07-01T08:07:37Z
2330,2022-12-23,457.5,458.5,455,455,26724153,twstock/twse,2026-07-01T08:07:37Z
2330,2022-12-26,454,457,453.5,456.5,9152790,twstock/twse,2026-07-01T08:07:37Z
2330,2022-12-27,458,462.5,457,457,10486219,twstock/twse,2026-07-01T08:07:37Z
2330,2022-12-28,451,452,446,451,34823492,twstock/twse,2026-07-01T08:07:37Z
2330,2022-12-29,444,449.5,442.5,446,25596357,twstock/twse,2026-07-01T08:07:37Z
2330,2022-12-30,455,456.5,448.5,448.5,22297604,twstock/twse,2026-07-01T08:07:37Z
2330,2023-01-03,446,453.5,443,453,15311364,twstock/twse,2026-07-01T08:07:37Z
2330,2023-01-04,449.5,455,448.5,449.5,20626874,twstock/twse,2026-07-01T08:07:37Z
2330,2023-01-05,459,459.5,455,458.5,23972099,twstock/twse,2026-07-01T08:07:37Z
2330,2023-01-06,455,459.5,455,458.5,21313593,twstock/twse,2026-07-01T08:07:37Z
2330,2023-01-09,468,481,467.5,481,49186355,twstock/twse,2026-07-01T08:07:37Z
2330,2023-01-10,486,487,483,486,34785370,twstock/twse,2026-07-01T08:07:37Z
2330,2023-01-11,487,488,482,484.5,21749124,twstock/twse,2026-07-01T08:07:37Z
2330,2023-01-12,487.5,488,484,486.5,22416984,twstock/twse,2026-07-01T08:07:37Z
2330,2023-01-13,507,509,499,500,81848755,twstock/twse,2026-07-01T08:07:37Z
2330,2023-01-16,506,508,503,505,38781925,twstock/twse,2026-07-01T08:07:37Z
2330,2023-01-17,504,504,499.5,503,29443522,twstock/twse,2026-07-01T08:07:37Z
2330,2023-01-30,542,543,534,543,148413161,twstock/twse,2026-07-01T08:07:37Z
2330,2023-01-31,537,538,521,522,79212272,twstock/twse,2026-07-01T08:07:37Z
2330,2023-02-01,532,533,522,530,42539626,twstock/twse,2026-07-01T08:07:37Z
2330,2023-02-02,538,542,537,540,46523592,twstock/twse,2026-07-01T08:07:37Z
2330,2023-02-03,540,542,536,542,34156234,twstock/twse,2026-07-01T08:07:37Z
2330,2023-02-06,532,533,526,526,32208918,twstock/twse,2026-07-01T08:07:37Z
2330,2023-02-07,524,528,522,523,24362116,twstock/twse,2026-07-01T08:07:37Z
2330,2023-02-08,538,540,534,540,37633169,twstock/twse,2026-07-01T08:07:37Z
2330,2023-02-09,540,540,536,540,22311345,twstock/twse,2026-07-01T08:07:37Z
2330,2023-02-10,544,546,541,545,30445088,twstock/twse,2026-07-01T08:07:37Z
2330,2023-02-13,544,544,538,541,23903151,twstock/twse,2026-07-01T08:07:37Z
2330,2023-02-14,544,546,543,545,23855974,twstock/twse,2026-07-01T08:07:37Z
2330,2023-02-15,526,532,522,525,66068713,twstock/twse,2026-07-01T08:07:37Z
2330,2023-02-16,528,531,524,528,33509968,twstock/twse,2026-07-01T08:07:37Z
2330,2023-02-17,524,524,516,518,29673053,twstock/twse,2026-07-01T08:07:37Z
2330,2023-02-20,514,519,511,517,21181235,twstock/twse,2026-07-01T08:07:37Z
2330,2023-02-21,515,517,513,516,15097509,twstock/twse,2026-07-01T08:07:37Z
2330,2023-02-22,506,509,505,507,26578867,twstock/twse,2026-07-01T08:07:37Z
2330,2023-02-23,512,521,510,518,26801677,twstock/twse,2026-07-01T08:07:37Z
2330,2023-02-24,524,525,511,511,48372303,twstock/twse,2026-07-01T08:07:37Z
2330,2023-03-01,504,522,504,522,45971058,twstock/twse,2026-07-01T08:07:37Z
2330,2023-03-02,519,520,515,519,18017085,twstock/twse,2026-07-01T08:07:37Z
2330,2023-03-03,524,525,516,516,24117189,twstock/twse,2026-07-01T08:07:37Z
2330,2023-03-06,520,524,517,521,24741125,twstock/twse,2026-07-01T08:07:37Z
2330,2023-03-07,521,526,519,524,27650283,twstock/twse,2026-07-01T08:07:37Z
2330,2023-03-08,521,523,518,521,27077587,twstock/twse,2026-07-01T08:07:37Z
2330,2023-03-09,525,526,522,522,25639391,twstock/twse,2026-07-01T08:07:37Z
2330,2023-03-10,515,516,511,513,25572403,twstock/twse,2026-07-01T08:07:37Z
2330,2023-03-13,513,518,509,516,22568740,twstock/twse,2026-07-01T08:07:37Z
2330,2023-03-14,511,514,510,510,26599476,twstock/twse,2026-07-01T08:07:37Z
2330,2023-03-15,515,516,510,511,24080361,twstock/twse,2026-07-01T08:07:37Z
2330,2023-03-16,505,510,504,505,23325664,twstock/twse,2026-07-01T08:07:37Z
2330,2023-03-17,516,518,513,518,35872881,twstock/twse,2026-07-01T08:07:37Z
2330,2023-03-20,517,518,510,512,12752221,twstock/twse,2026-07-01T08:07:37Z
2330,2023-03-21,515,517,512,517,18519120,twstock/twse,2026-07-01T08:07:37Z
2330,2023-03-22,524,533,524,533,45681056,twstock/twse,2026-07-01T08:07:37Z
2330,2023-03-23,528,539,528,538,28614856,twstock/twse,2026-07-01T08:07:37Z
2330,2023-03-24,536,539,535,539,22963771,twstock/twse,2026-07-01T08:07:37Z
2330,2023-03-27,533,536,531,531,17170557,twstock/twse,2026-07-01T08:07:37Z
2330,2023-03-28,525,530,524,525,18327556,twstock/twse,2026-07-01T08:07:37Z
2330,2023-03-29,533,533,525,530,17620195,twstock/twse,2026-07-01T08:07:37Z
2330,2023-03-30,536,537,531,535,20380650,twstock/twse,2026-07-01T08:07:37Z
2330,2023-03-31,538,538,532,533,24324776,twstock/twse,2026-07-01T08:07:37Z
2330,2023-04-06,530,531,526,530,26706549,twstock/twse,2026-07-01T08:07:37Z
2330,2023-04-07,535,535,529,531,11114272,twstock/twse,2026-07-01T08:07:37Z
2330,2023-04-10,533,533,528,529,8203168,twstock/twse,2026-07-01T08:07:37Z
2330,2023-04-11,522,527,522,524,23087326,twstock/twse,2026-07-01T08:07:37Z
2330,2023-04-12,523,524,517,520,24772925,twstock/twse,2026-07-01T08:07:37Z
2330,2023-04-13,515,517,510,510,27501436,twstock/twse,2026-07-01T08:07:37Z
2330,2023-04-14,516,520,513,516,21174653,twstock/twse,2026-07-01T08:07:37Z
2330,2023-04-17,519,520,514,520,17895837,twstock/twse,2026-07-01T08:07:37Z
2330,2023-04-18,518,520,514,515,15687059,twstock/twse,2026-07-01T08:07:37Z
2330,2023-04-19,517,518,509,510,23209923,twstock/twse,2026-07-01T08:07:37Z
2330,2023-04-20,512,516,510,513,21002685,twstock/twse,2026-07-01T08:07:37Z
2330,2023-04-21,520,520,510,511,25440179,twstock/twse,2026-07-01T08:07:37Z
2330,2023-04-24,505,510,504,507,17579661,twstock/twse,2026-07-01T08:07:37Z
2330,2023-04-25,504,505,498,498,40916105,twstock/twse,2026-07-01T08:07:37Z
2330,2023-04-26,498,498.5,491,491.5,33174539,twstock/twse,2026-07-01T08:07:37Z
2330,2023-04-27,491,495,489,493.5,34149043,twstock/twse,2026-07-01T08:07:37Z
2330,2023-04-28,498.5,502,498,502,38812949,twstock/twse,2026-07-01T08:07:37Z
2330,2023-05-02,500,502,496.5,501,17142380,twstock/twse,2026-07-01T08:07:37Z
2330,2023-05-03,496,498,495,496,12694698,twstock/twse,2026-07-01T08:07:37Z
2330,2023-05-04,497,499.5,496,498,13699933,twstock/twse,2026-07-01T08:07:37Z
2330,2023-05-05,500,502,498.5,500,7898012,twstock/twse,2026-07-01T08:07:37Z
2330,2023-05-08,509,509,502,504,11737287,twstock/twse,2026-07-01T08:07:37Z
2330,2023-05-09,507,510,505,510,18762778,twstock/twse,2026-07-01T08:07:37Z
2330,2023-05-10,508,508,500,503,19385820,twstock/twse,2026-07-01T08:07:37Z
2330,2023-05-11,506,506,498.5,499,13775130,twstock/twse,2026-07-01T08:07:37Z
2330,2023-05-12,496,500,495,496,20746928,twstock/twse,2026-07-01T08:07:37Z
2330,2023-05-15,497,499.5,494.5,495.5,15548031,twstock/twse,2026-07-01T08:07:37Z
2330,2023-05-16,503,508,500,505,24052785,twstock/twse,2026-07-01T08:07:37Z
2330,2023-05-17,508,521,506,519,44352410,twstock/twse,2026-07-01T08:07:37Z
2330,2023-05-18,533,536,526,530,46107848,twstock/twse,2026-07-01T08:07:37Z
2330,2023-05-19,535,535,529,532,34742592,twstock/twse,2026-07-01T08:07:37Z
2330,2023-05-22,532,533,529,531,19037508,twstock/twse,2026-07-01T08:07:37Z
2330,2023-05-23,530,531,525,530,20126817,twstock/twse,2026-07-01T08:07:37Z
2330,2023-05-24,527,528,524,525,22621221,twstock/twse,2026-07-01T08:07:37Z
2330,2023-05-25,542,545,537,543,68360924,twstock/twse,2026-07-01T08:07:37Z
2330,2023-05-26,568,568,563,566,104924623,twstock/twse,2026-07-01T08:07:37Z
2330,2023-05-29,574,574,564,568,58813792,twstock/twse,2026-07-01T08:07:37Z
2330,2023-05-30,566,568,563,566,47490594,twstock/twse,2026-07-01T08:07:37Z
2330,2023-05-31,560,562,551,558,90675529,twstock/twse,2026-07-01T08:07:37Z
2330,2023-06-01,550,554,550,551,25257673,twstock/twse,2026-07-01T08:07:37Z
2330,2023-06-02,559,564,557,562,34705102,twstock/twse,2026-07-01T08:07:37Z
2330,2023-06-05,560,560,555,555,17483804,twstock/twse,2026-07-01T08:07:37Z
2330,2023-06-06,554,562,553,560,21562088,twstock/twse,2026-07-01T08:07:37Z
2330,2023-06-07,561,568,560,568,29091913,twstock/twse,2026-07-01T08:07:37Z
2330,2023-06-08,562,568,555,559,25250687,twstock/twse,2026-07-01T08:07:37Z
2330,2023-06-09,561,566,561,565,19776199,twstock/twse,2026-07-01T08:07:37Z
2330,2023-06-12,574,574,571,574,28656646,twstock/twse,2026-07-01T08:07:37Z
2330,2023-06-13,593,594,589,593,62671781,twstock/twse,2026-07-01T08:07:37Z
2330,2023-06-14,590,591,587,590,25981992,twstock/twse,2026-07-01T08:07:37Z
2330,2023-06-15,590,593,587,591,29868798,twstock/twse,2026-07-01T08:07:37Z
2330,2023-06-16,590,590,584,589,41560389,twstock/twse,2026-07-01T08:07:37Z
2330,2023-06-19,583,585,582,583,14883308,twstock/twse,2026-07-01T08:07:37Z
2330,2023-06-20,579,585,579,583,17013418,twstock/twse,2026-07-01T08:07:37Z
2330,2023-06-21,582,585,578,581,23718735,twstock/twse,2026-07-01T08:07:37Z
2330,2023-06-26,576,578,574,574,29870090,twstock/twse,2026-07-01T08:07:37Z
2330,2023-06-27,570,575,569,572,22447417,twstock/twse,2026-07-01T08:07:37Z
2330,2023-06-28,579,579,571,574,18684508,twstock/twse,2026-07-01T08:07:37Z
2330,2023-06-29,578,580,570,573,18046268,twstock/twse,2026-07-01T08:07:37Z
2330,2023-06-30,570,576,568,576,33830922,twstock/twse,2026-07-01T08:07:37Z
2330,2023-07-03,578,580,576,579,15118041,twstock/twse,2026-07-01T08:07:37Z
2330,2023-07-04,585,585,580,585,17777363,twstock/twse,2026-07-01T08:07:37Z
2330,2023-07-05,589,589,579,582,15553503,twstock/twse,2026-07-01T08:07:37Z
2330,2023-07-06,573,574,565,565,32069711,twstock/twse,2026-07-01T08:07:37Z
2330,2023-07-07,565,572,563,565,19858943,twstock/twse,2026-07-01T08:07:37Z
2330,2023-07-10,567,573,565,565,18996089,twstock/twse,2026-07-01T08:07:37Z
2330,2023-07-11,574,577,570,577,18566571,twstock/twse,2026-07-01T08:07:37Z
2330,2023-07-12,574,578,572,578,16220006,twstock/twse,2026-07-01T08:07:37Z
2330,2023-07-13,587,590,585,585,26878397,twstock/twse,2026-07-01T08:07:37Z
2330,2023-07-14,589,591,587,591,24381177,twstock/twse,2026-07-01T08:07:37Z
2330,2023-07-17,588,591,587,591,14311753,twstock/twse,2026-07-01T08:07:37Z
2330,2023-07-18,587,588,580,581,22022410,twstock/twse,2026-07-01T08:07:37Z
2330,2023-07-19,584,587,579,581,24909638,twstock/twse,2026-07-01T08:07:37Z
2330,2023-07-20,580,584,578,579,15676734,twstock/twse,2026-07-01T08:07:37Z
2330,2023-07-21,560,563,557,560,52275128,twstock/twse,2026-07-01T08:07:37Z
2330,2023-07-24,557,563,557,558,27656825,twstock/twse,2026-07-01T08:07:37Z
2330,2023-07-25,561,569,561,569,22767807,twstock/twse,2026-07-01T08:07:37Z
2330,2023-07-26,569,571,563,566,15147698,twstock/twse,2026-07-01T08:07:37Z
2330,2023-07-27,570,570,566,569,13004888,twstock/twse,2026-07-01T08:07:37Z
2330,2023-07-28,569,573,565,567,19009675,twstock/twse,2026-07-01T08:07:37Z
2330,2023-07-31,575,575,560,565,28409339,twstock/twse,2026-07-01T08:07:37Z
2330,2023-08-01,565,568,564,567,18916866,twstock/twse,2026-07-01T08:07:37Z
2330,2023-08-02,567,569,558,561,34495766,twstock/twse,2026-07-01T08:07:37Z
2330,2023-08-04,556,560,552,554,29320685,twstock/twse,2026-07-01T08:07:37Z
2330,2023-08-07,558,561,556,558,15607870,twstock/twse,2026-07-01T08:07:37Z
2330,2023-08-08,558,558,551,552,21167596,twstock/twse,2026-07-01T08:07:37Z
2330,2023-08-09,550,557,550,554,15088059,twstock/twse,2026-07-01T08:07:37Z
2330,2023-08-10,552,554,550,551,18884431,twstock/twse,2026-07-01T08:07:37Z
2330,2023-08-11,556,558,546,546,24816095,twstock/twse,2026-07-01T08:07:37Z
2330,2023-08-14,540,543,537,541,24728477,twstock/twse,2026-07-01T08:07:37Z
2330,2023-08-15,543,545,540,542,16341396,twstock/twse,2026-07-01T08:07:37Z
2330,2023-08-16,541,543,536,542,29612963,twstock/twse,2026-07-01T08:07:37Z
2330,2023-08-17,540,546,537,544,24070209,twstock/twse,2026-07-01T08:07:37Z
2330,2023-08-18,540,544,539,539,19582982,twstock/twse,2026-07-01T08:07:37Z
2330,2023-08-21,544,544,534,537,18313588,twstock/twse,2026-07-01T08:07:37Z
2330,2023-08-22,544,544,538,541,14853796,twstock/twse,2026-07-01T08:07:37Z
2330,2023-08-23,546,552,544,552,21701684,twstock/twse,2026-07-01T08:07:37Z
2330,2023-08-24,563,564,558,564,24409517,twstock/twse,2026-07-01T08:07:37Z
2330,2023-08-25,549,551,546,546,25782760,twstock/twse,2026-07-01T08:07:37Z
2330,2023-08-28,547,553,547,549,9384631,twstock/twse,2026-07-01T08:07:37Z
2330,2023-08-29,551,553,546,552,10969386,twstock/twse,2026-07-01T08:07:37Z
2330,2023-08-30,558,560,554,555,18674649,twstock/twse,2026-07-01T08:07:37Z
2330,2023-08-31,553,556,548,549,47265347,twstock/twse,2026-07-01T08:07:37Z
2330,2023-09-01,543,553,543,548,15194921,twstock/twse,2026-07-01T08:07:37Z
2330,2023-09-04,549,557,549,557,9772925,twstock/twse,2026-07-01T08:07:37Z
2330,2023-09-05,553,555,550,552,14337041,twstock/twse,2026-07-01T08:07:37Z
2330,2023-09-06,556,556,550,550,14442757,twstock/twse,2026-07-01T08:07:37Z
2330,2023-09-07,546,548,542,542,22610385,twstock/twse,2026-07-01T08:07:37Z
2330,2023-09-08,535,540,535,539,16702110,twstock/twse,2026-07-01T08:07:37Z
2330,2023-09-11,539,540,536,536,15540773,twstock/twse,2026-07-01T08:07:37Z
2330,2023-09-12,536,545,536,544,17135765,twstock/twse,2026-07-01T08:07:37Z
2330,2023-09-13,545,548,541,541,16836487,twstock/twse,2026-07-01T08:07:37Z
2330,2023-09-14,544,550,543,550,18377284,twstock/twse,2026-07-01T08:07:37Z
2330,2023-09-15,549,558,547,558,44681949,twstock/twse,2026-07-01T08:07:37Z
2330,2023-09-18,548,549,540,540,40148161,twstock/twse,2026-07-01T08:07:37Z
2330,2023-09-19,539,543,538,538,21099739,twstock/twse,2026-07-01T08:07:37Z
2330,2023-09-20,536,538,535,535,28098535,twstock/twse,2026-07-01T08:07:37Z
2330,2023-09-21,530,531,526,527,35984810,twstock/twse,2026-07-01T08:07:37Z
2330,2023-09-22,523,525,522,522,33499481,twstock/twse,2026-07-01T08:07:37Z
2330,2023-09-25,522,529,522,525,20583374,twstock/twse,2026-07-01T08:07:37Z
2330,2023-09-26,521,524,519,519,29064997,twstock/twse,2026-07-01T08:07:37Z
2330,2023-09-27,517,523,516,522,18655088,twstock/twse,2026-07-01T08:07:37Z
2330,2023-09-28,523,525,520,523,28350350,twstock/twse,2026-07-01T08:07:37Z
2330,2023-10-02,530,534,528,533,26891996,twstock/twse,2026-07-01T08:07:37Z
2330,2023-10-03,528,533,528,529,17601440,twstock/twse,2026-07-01T08:07:37Z
2330,2023-10-04,521,523,519,520,29808729,twstock/twse,2026-07-01T08:07:37Z
2330,2023-10-05,523,529,523,528,25749184,twstock/twse,2026-07-01T08:07:37Z
2330,2023-10-06,530,533,529,532,16160314,twstock/twse,2026-07-01T08:07:37Z
2330,2023-10-11,542,544,540,544,61670562,twstock/twse,2026-07-01T08:07:37Z
2330,2023-10-12,545,550,544,550,36350241,twstock/twse,2026-07-01T08:07:37Z
2330,2023-10-13,550,554,548,553,34704924,twstock/twse,2026-07-01T08:07:37Z
2330,2023-10-16,546,547,542,545,21867048,twstock/twse,2026-07-01T08:07:37Z
2330,2023-10-17,550,552,548,551,19462529,twstock/twse,2026-07-01T08:07:37Z
2330,2023-10-18,549,549,540,540,28848123,twstock/twse,2026-07-01T08:07:37Z
2330,2023-10-19,540,548,540,546,26999255,twstock/twse,2026-07-01T08:07:37Z
2330,2023-10-20,549,556,546,556,49143932,twstock/twse,2026-07-01T08:07:37Z
2330,2023-10-23,552,553,543,544,24172637,twstock/twse,2026-07-01T08:07:37Z
2330,2023-10-24,543,546,540,544,15761516,twstock/twse,2026-07-01T08:07:37Z
2330,2023-10-25,544,551,544,544,17137199,twstock/twse,2026-07-01T08:07:37Z
2330,2023-10-26,530,535,530,531,31682955,twstock/twse,2026-07-01T08:07:37Z
2330,2023-10-27,534,536,532,533,17050787,twstock/twse,2026-07-01T08:07:37Z
2330,2023-10-30,531,534,528,532,23299422,twstock/twse,2026-07-01T08:07:37Z
2330,2023-10-31,535,535,527,529,28073280,twstock/twse,2026-07-01T08:07:37Z
2330,2023-11-01,533,533,527,528,14028881,twstock/twse,2026-07-01T08:07:37Z
2330,2023-11-02,536,547,535,547,31075778,twstock/twse,2026-07-01T08:07:37Z
2330,2023-11-03,547,549,545,549,16673456,twstock/twse,2026-07-01T08:07:37Z
2330,2023-11-06,553,556,550,550,31297186,twstock/twse,2026-07-01T08:07:37Z
2330,2023-11-07,552,555,550,555,16990175,twstock/twse,2026-07-01T08:07:37Z
2330,2023-11-08,550,557,550,556,16780331,twstock/twse,2026-07-01T08:07:37Z
2330,2023-11-09,551,557,551,557,13649525,twstock/twse,2026-07-01T08:07:37Z
2330,2023-11-10,555,557,554,557,14105575,twstock/twse,2026-07-01T08:07:37Z
2330,2023-11-13,579,580,571,571,46556047,twstock/twse,2026-07-01T08:07:37Z
2330,2023-11-14,576,576,571,572,25366980,twstock/twse,2026-07-01T08:07:37Z
2330,2023-11-15,583,583,575,581,53122455,twstock/twse,2026-07-01T08:07:37Z
2330,2023-11-16,581,583,578,583,31059487,twstock/twse,2026-07-01T08:07:37Z
2330,2023-11-17,579,583,579,580,22878229,twstock/twse,2026-07-01T08:07:37Z
2330,2023-11-20,576,579,575,577,26606128,twstock/twse,2026-07-01T08:07:37Z
2330,2023-11-21,582,585,581,585,39880714,twstock/twse,2026-07-01T08:07:37Z
2330,2023-11-22,576,579,574,577,23922047,twstock/twse,2026-07-01T08:07:37Z
2330,2023-11-23,574,578,574,578,15143501,twstock/twse,2026-07-01T08:07:37Z
2330,2023-11-24,577,578,574,575,12503334,twstock/twse,2026-07-01T08:07:37Z
2330,2023-11-27,573,577,568,568,20321872,twstock/twse,2026-07-01T08:07:37Z
2330,2023-11-28,565,576,565,575,26932029,twstock/twse,2026-07-01T08:07:37Z
2330,2023-11-29,578,579,570,574,27786565,twstock/twse,2026-07-01T08:07:37Z
2330,2023-11-30,576,577,570,577,54365027,twstock/twse,2026-07-01T08:07:37Z
2330,2023-12-01,573,579,573,579,28797795,twstock/twse,2026-07-01T08:07:37Z
2330,2023-12-04,582,582,571,574,29424299,twstock/twse,2026-07-01T08:07:37Z
2330,2023-12-05,571,572,567,570,27355530,twstock/twse,2026-07-01T08:07:37Z
2330,2023-12-06,568,575,568,570,23116422,twstock/twse,2026-07-01T08:07:37Z
2330,2023-12-07,570,573,566,566,24259384,twstock/twse,2026-07-01T08:07:37Z
2330,2023-12-08,574,577,570,570,39243978,twstock/twse,2026-07-01T08:07:37Z
2330,2023-12-11,572,575,570,574,29204446,twstock/twse,2026-07-01T08:07:37Z
2330,2023-12-12,580,581,575,578,32856787,twstock/twse,2026-07-01T08:07:37Z
2330,2023-12-13,576,579,576,577,24327758,twstock/twse,2026-07-01T08:07:37Z
2330,2023-12-14,581,582,579,582,40580966,twstock/twse,2026-07-01T08:07:37Z
2330,2023-12-15,585,586,580,585,58693166,twstock/twse,2026-07-01T08:07:37Z
2330,2023-12-18,579,585,577,585,26938728,twstock/twse,2026-07-01T08:07:37Z
2330,2023-12-19,588,588,580,585,30591879,twstock/twse,2026-07-01T08:07:37Z
2330,2023-12-20,587,587,583,585,38628249,twstock/twse,2026-07-01T08:07:37Z
2330,2023-12-21,577,579,575,577,26007263,twstock/twse,2026-07-01T08:07:37Z
2330,2023-12-22,582,582,579,582,19328302,twstock/twse,2026-07-01T08:07:37Z
2330,2023-12-25,582,585,580,581,9994163,twstock/twse,2026-07-01T08:07:37Z
2330,2023-12-26,583,586,582,586,17033926,twstock/twse,2026-07-01T08:07:37Z
2330,2023-12-27,587,592,586,592,34750958,twstock/twse,2026-07-01T08:07:37Z
2330,2023-12-28,592,593,589,593,27152352,twstock/twse,2026-07-01T08:07:37Z
2330,2023-12-29,589,593,589,593,20155619,twstock/twse,2026-07-01T08:07:37Z
2330,2024-01-02,590,593,589,593,27997826,twstock/twse,2026-07-01T08:07:37Z
2330,2024-01-03,584,585,576,578,40134497,twstock/twse,2026-07-01T08:07:37Z
2330,2024-01-04,580,581,577,580,18063758,twstock/twse,2026-07-01T08:07:37Z
2330,2024-01-05,578,580,574,576,22008878,twstock/twse,2026-07-01T08:07:37Z
2330,2024-01-08,582,585,579,583,19270119,twstock/twse,2026-07-01T08:07:37Z
2330,2024-01-09,588,589,583,586,23718766,twstock/twse,2026-07-01T08:07:37Z
2330,2024-01-10,581,586,580,584,13708117,twstock/twse,2026-07-01T08:07:37Z
2330,2024-01-11,586,589,583,586,27842729,twstock/twse,2026-07-01T08:07:37Z
2330,2024-01-12,581,588,581,584,17636558,twstock/twse,2026-07-01T08:07:37Z
2330,2024-01-15,590,590,585,586,21900687,twstock/twse,2026-07-01T08:07:37Z
2330,2024-01-16,581,588,579,580,28889681,twstock/twse,2026-07-01T08:07:37Z
2330,2024-01-17,583,584,578,581,46857735,twstock/twse,2026-07-01T08:07:37Z
2330,2024-01-18,586,589,585,588,36746623,twstock/twse,2026-07-01T08:07:37Z
2330,2024-01-19,625,627,614,626,176166037,twstock/twse,2026-07-01T08:07:37Z
2330,2024-01-22,633,633,623,626,70829523,twstock/twse,2026-07-01T08:07:37Z
2330,2024-01-23,629,629,622,628,45761889,twstock/twse,2026-07-01T08:07:37Z
2330,2024-01-24,628,630,624,627,29905121,twstock/twse,2026-07-01T08:07:37Z
2330,2024-01-25,635,642,633,642,59214638,twstock/twse,2026-07-01T08:07:37Z
2330,2024-01-26,644,646,639,644,44103850,twstock/twse,2026-07-01T08:07:37Z
2330,2024-01-29,646,648,644,648,29828008,twstock/twse,2026-07-01T08:07:37Z
2330,2024-01-30,642,647,642,642,40398877,twstock/twse,2026-07-01T08:07:37Z
2330,2024-01-31,634,637,626,628,47554701,twstock/twse,2026-07-01T08:07:37Z
2330,2024-02-01,625,628,619,628,46924943,twstock/twse,2026-07-01T08:07:37Z
2330,2024-02-02,633,635,628,635,27797894,twstock/twse,2026-07-01T08:07:37Z
2330,2024-02-05,645,647,638,646,48037344,twstock/twse,2026-07-01T08:07:37Z
2330,2024-02-15,709,709,693,697,132263803,twstock/twse,2026-07-01T08:07:37Z
2330,2024-02-16,697,699,683,683,48963167,twstock/twse,2026-07-01T08:07:37Z
2330,2024-02-19,674,682,674,678,36366837,twstock/twse,2026-07-01T08:07:37Z
2330,2024-02-20,675,688,675,687,31403730,twstock/twse,2026-07-01T08:07:37Z
2330,2024-02-21,678,683,678,681,31980543,twstock/twse,2026-07-01T08:07:37Z
2330,2024-02-22,695,695,685,692,34269392,twstock/twse,2026-07-01T08:07:37Z
2330,2024-02-23,701,703,696,697,48404478,twstock/twse,2026-07-01T08:07:37Z
2330,2024-02-26,700,700,695,698,29976379,twstock/twse,2026-07-01T08:07:37Z
2330,2024-02-27,700,701,691,698,35389548,twstock/twse,2026-07-01T08:07:37Z
2330,2024-02-29,691,698,688,690,59337072,twstock/twse,2026-07-01T08:07:37Z
2330,2024-03-01,697,697,688,689,24167721,twstock/twse,2026-07-01T08:07:37Z
2330,2024-03-04,714,725,711,725,97210112,twstock/twse,2026-07-01T08:07:37Z
2330,2024-03-05,735,738,728,730,73299411,twstock/twse,2026-07-01T08:07:37Z
2330,2024-03-06,718,738,717,735,52464833,twstock/twse,2026-07-01T08:07:37Z
2330,2024-03-07,755,769,754,760,80382406,twstock/twse,2026-07-01T08:07:37Z
2330,2024-03-08,795,796,772,784,98069174,twstock/twse,2026-07-01T08:07:37Z
2330,2024-03-11,768,778,761,766,73436931,twstock/twse,2026-07-01T08:07:37Z
2330,2024-03-12,757,771,754,770,63336798,twstock/twse,2026-07-01T08:07:37Z
2330,2024-03-13,785,785,777,779,43130896,twstock/twse,2026-07-01T08:07:37Z
2330,2024-03-14,779,785,770,784,48964017,twstock/twse,2026-07-01T08:07:37Z
2330,2024-03-15,771,777,753,753,80580846,twstock/twse,2026-07-01T08:07:37Z
2330,2024-03-18,754,765,754,764,46006400,twstock/twse,2026-07-01T08:07:37Z
2330,2024-03-19,758,765,755,762,32078900,twstock/twse,2026-07-01T08:07:37Z
2330,2024-03-20,764,769,752,758,48788389,twstock/twse,2026-07-01T08:07:37Z
2330,2024-03-21,773,784,772,784,47759094,twstock/twse,2026-07-01T08:07:37Z
2330,2024-03-22,788,789,775,785,32629749,twstock/twse,2026-07-01T08:07:37Z
2330,2024-03-25,783,788,779,780,21223414,twstock/twse,2026-07-01T08:07:37Z
2330,2024-03-26,788,792,776,782,43103294,twstock/twse,2026-07-01T08:07:37Z
2330,2024-03-27,785,785,779,779,19732209,twstock/twse,2026-07-01T08:07:37Z
2330,2024-03-28,774,776,768,769,28393398,twstock/twse,2026-07-01T08:07:37Z
2330,2024-03-29,769,781,768,779,20212820,twstock/twse,2026-07-01T08:07:37Z
2330,2024-04-01,783,783,769,770,22348250,twstock/twse,2026-07-01T08:07:37Z
2330,2024-04-02,784,790,783,790,42219075,twstock/twse,2026-07-01T08:07:37Z
2330,2024-04-03,783,785,778,780,32909892,twstock/twse,2026-07-01T08:07:37Z
2330,2024-04-08,789,792,783,783,40567580,twstock/twse,2026-07-01T08:07:37Z
2330,2024-04-09,795,820,792,819,61642573,twstock/twse,2026-07-01T08:07:37Z
2330,2024-04-10,815,819,810,815,31109466,twstock/twse,2026-07-01T08:07:37Z
2330,2024-04-11,811,820,811,820,27772972,twstock/twse,2026-07-01T08:07:37Z
2330,2024-04-12,823,826,817,818,32473155,twstock/twse,2026-07-01T08:07:37Z
2330,2024-04-15,804,812,803,806,41251141,twstock/twse,2026-07-01T08:07:37Z
2330,2024-04-16,802,803,785,788,54120813,twstock/twse,2026-07-01T08:07:37Z
2330,2024-04-17,798,808,793,804,36616351,twstock/twse,2026-07-01T08:07:37Z
2330,2024-04-18,796,810,792,804,45765617,twstock/twse,2026-07-01T08:07:37Z
2330,2024-04-19,769,770,746,750,143868560,twstock/twse,2026-07-01T08:07:37Z
2330,2024-04-22,740,757,740,742,52354944,twstock/twse,2026-07-01T08:07:37Z
2330,2024-04-23,761,761,752,754,32067682,twstock/twse,2026-07-01T08:07:37Z
2330,2024-04-24,770,785,769,783,41652749,twstock/twse,2026-07-01T08:07:37Z
2330,2024-04-25,770,774,765,766,30492037,twstock/twse,2026-07-01T08:07:37Z
2330,2024-04-26,788,789,782,782,34721905,twstock/twse,2026-07-01T08:07:37Z
2330,2024-04-29,790,795,787,795,30704200,twstock/twse,2026-07-01T08:07:37Z
2330,2024-04-30,797,802,790,790,41627249,twstock/twse,2026-07-01T08:07:37Z
2330,2024-05-02,789,789,772,772,47536363,twstock/twse,2026-07-01T08:07:37Z
2330,2024-05-03,788,788,773,780,31026748,twstock/twse,2026-07-01T08:07:37Z
2330,2024-05-06,791,793,786,786,33733509,twstock/twse,2026-07-01T08:07:37Z
2330,2024-05-07,797,800,792,800,35917824,twstock/twse,2026-07-01T08:07:37Z
2330,2024-05-08,794,802,792,802,22585765,twstock/twse,2026-07-01T08:07:37Z
2330,2024-05-09,798,802,796,796,22863681,twstock/twse,2026-07-01T08:07:37Z
2330,2024-05-10,803,807,798,802,27560431,twstock/twse,2026-07-01T08:07:37Z
2330,2024-05-13,823,825,818,819,38146948,twstock/twse,2026-07-01T08:07:37Z
2330,2024-05-14,816,825,811,825,29663617,twstock/twse,2026-07-01T08:07:37Z
2330,2024-05-15,838,844,837,839,41805778,twstock/twse,2026-07-01T08:07:37Z
2330,2024-05-16,852,856,837,841,46276890,twstock/twse,2026-07-01T08:07:37Z
2330,2024-05-17,848,848,834,835,27855719,twstock/twse,2026-07-01T08:07:37Z
2330,2024-05-20,834,838,822,835,30148330,twstock/twse,2026-07-01T08:07:37Z
2330,2024-05-21,830,841,830,841,20548110,twstock/twse,2026-07-01T08:07:37Z
2330,2024-05-22,845,865,843,864,40904357,twstock/twse,2026-07-01T08:07:37Z
2330,2024-05-23,875,877,867,875,40771207,twstock/twse,2026-07-01T08:07:37Z
2330,2024-05-24,858,872,858,867,37353467,twstock/twse,2026-07-01T08:07:37Z
2330,2024-05-27,872,878,866,869,32691921,twstock/twse,2026-07-01T08:07:37Z
2330,2024-05-28,867,873,865,865,32712504,twstock/twse,2026-07-01T08:07:37Z
2330,2024-05-29,861,868,856,857,51073346,twstock/twse,2026-07-01T08:07:37Z
2330,2024-05-30,841,848,838,838,42535118,twstock/twse,2026-07-01T08:07:37Z
2330,2024-05-31,838,846,821,821,90177283,twstock/twse,2026-07-01T08:07:37Z
2330,2024-06-03,839,853,837,846,29629706,twstock/twse,2026-07-01T08:07:37Z
2330,2024-06-04,844,851,837,839,31031104,twstock/twse,2026-07-01T08:07:37Z
2330,2024-06-05,841,857,835,854,37531781,twstock/twse,2026-07-01T08:07:37Z
2330,2024-06-06,893,899,885,894,67300344,twstock/twse,2026-07-01T08:07:37Z
2330,2024-06-07,885,888,879,879,44489018,twstock/twse,2026-07-01T08:07:37Z
2330,2024-06-11,892,895,883,883,57435637,twstock/twse,2026-07-01T08:07:37Z
2330,2024-06-12,888,914,888,909,51874967,twstock/twse,2026-07-01T08:07:37Z
2330,2024-06-13,923,935,911,919,59656092,twstock/twse,2026-07-01T08:07:37Z
2330,2024-06-14,916,922,905,922,43289572,twstock/twse,2026-07-01T08:07:37Z
2330,2024-06-17,913,925,913,921,28796529,twstock/twse,2026-07-01T08:07:37Z
2330,2024-06-18,944,950,940,943,40870419,twstock/twse,2026-07-01T08:07:37Z
2330,2024-06-19,953,984,953,981,76684138,twstock/twse,2026-07-01T08:07:37Z
2330,2024-06-20,971,981,971,981,52144900,twstock/twse,2026-07-01T08:07:37Z
2330,2024-06-21,961,978,960,970,97995843,twstock/twse,2026-07-01T08:07:37Z
2330,2024-06-24,958,960,940,940,74081708,twstock/twse,2026-07-01T08:07:37Z
2330,2024-06-25,925,945,923,945,62079701,twstock/twse,2026-07-01T08:07:37Z
2330,2024-06-26,951,960,951,960,48821135,twstock/twse,2026-07-01T08:07:37Z
2330,2024-06-27,951,961,949,960,41276086,twstock/twse,2026-07-01T08:07:37Z
2330,2024-06-28,956,971,955,966,42998776,twstock/twse,2026-07-01T08:07:37Z
2330,2024-07-01,968,977,965,968,20936005,twstock/twse,2026-07-01T08:07:37Z
2330,2024-07-02,967,971,959,960,27992930,twstock/twse,2026-07-01T08:07:37Z
2330,2024-07-03,976,979,967,979,25022531,twstock/twse,2026-07-01T08:07:37Z
2330,2024-07-04,1000,1010,997,1005,47251502,twstock/twse,2026-07-01T08:07:37Z
2330,2024-07-05,1005,1010,1000,1005,21735614,twstock/twse,2026-07-01T08:07:37Z
2330,2024-07-08,1005,1050,1000,1035,45678332,twstock/twse,2026-07-01T08:07:37Z
2330,2024-07-09,1030,1055,1025,1040,54339957,twstock/twse,2026-07-01T08:07:37Z
2330,2024-07-10,1020,1050,1015,1045,51810372,twstock/twse,2026-07-01T08:07:37Z
2330,2024-07-11,1065,1080,1055,1080,49304453,twstock/twse,2026-07-01T08:07:37Z
2330,2024-07-12,1030,1045,1025,1040,79472761,twstock/twse,2026-07-01T08:07:37Z
2330,2024-07-15,1040,1045,1025,1040,44123104,twstock/twse,2026-07-01T08:07:37Z
2330,2024-07-16,1040,1070,1035,1055,36244442,twstock/twse,2026-07-01T08:07:37Z
2330,2024-07-17,1035,1045,1020,1030,62390596,twstock/twse,2026-07-01T08:07:37Z
2330,2024-07-18,988,1005,986,1005,94327431,twstock/twse,2026-07-01T08:07:37Z
2330,2024-07-19,988,995,970,970,110541544,twstock/twse,2026-07-01T08:07:37Z
2330,2024-07-22,964,965,938,939,90266550,twstock/twse,2026-07-01T08:07:37Z
2330,2024-07-23,963,979,956,979,53439290,twstock/twse,2026-07-01T08:07:37Z
2330,2024-07-26,915,930,915,924,95625050,twstock/twse,2026-07-01T08:07:37Z
2330,2024-07-29,942,948,936,944,44000914,twstock/twse,2026-07-01T08:07:37Z
2330,2024-07-30,930,949,926,940,45996400,twstock/twse,2026-07-01T08:07:37Z
2330,2024-07-31,929,940,928,934,47407263,twstock/twse,2026-07-01T08:07:37Z
2330,2024-08-01,969,969,948,960,50257642,twstock/twse,2026-07-01T08:07:37Z
2330,2024-08-02,918,928,903,903,89044852,twstock/twse,2026-07-01T08:07:37Z
2330,2024-08-05,852,857,813,815,159662795,twstock/twse,2026-07-01T08:07:37Z
2330,2024-08-06,868,895,840,880,108521787,twstock/twse,2026-07-01T08:07:37Z
2330,2024-08-07,901,920,893,920,62643163,twstock/twse,2026-07-01T08:07:37Z
2330,2024-08-08,901,905,887,896,41288222,twstock/twse,2026-07-01T08:07:37Z
2330,2024-08-09,927,934,922,934,54464183,twstock/twse,2026-07-01T08:07:37Z
2330,2024-08-12,942,948,931,940,40968742,twstock/twse,2026-07-01T08:07:37Z
2330,2024-08-13,945,945,937,941,26831364,twstock/twse,2026-07-01T08:07:37Z
2330,2024-08-14,951,955,945,948,40527779,twstock/twse,2026-07-01T08:07:37Z
2330,2024-08-15,945,950,941,943,21714163,twstock/twse,2026-07-01T08:07:37Z
2330,2024-08-16,963,969,958,969,49830670,twstock/twse,2026-07-01T08:07:37Z
2330,2024-08-19,969,975,964,973,22416274,twstock/twse,2026-07-01T08:07:37Z
2330,2024-08-20,977,977,968,973,26420625,twstock/twse,2026-07-01T08:07:37Z
2330,2024-08-21,961,964,956,958,32606816,twstock/twse,2026-07-01T08:07:37Z
2330,2024-08-22,958,964,948,951,25850379,twstock/twse,2026-07-01T08:07:37Z
2330,2024-08-23,944,952,939,949,31203321,twstock/twse,2026-07-01T08:07:37Z
2330,2024-08-26,957,961,945,950,26518126,twstock/twse,2026-07-01T08:07:37Z
2330,2024-08-27,945,946,940,942,19969925,twstock/twse,2026-07-01T08:07:37Z
2330,2024-08-28,945,964,943,964,33519083,twstock/twse,2026-07-01T08:07:37Z
2330,2024-08-29,942,947,937,943,46275772,twstock/twse,2026-07-01T08:07:37Z
2330,2024-08-30,944,952,941,944,75533393,twstock/twse,2026-07-01T08:07:37Z
2330,2024-09-02,950,955,943,948,19272593,twstock/twse,2026-07-01T08:07:37Z
2330,2024-09-03,948,952,939,940,23205623,twstock/twse,2026-07-01T08:07:37Z
2330,2024-09-04,894,905,888,889,93169835,twstock/twse,2026-07-01T08:07:37Z
2330,2024-09-05,907,915,900,902,34147890,twstock/twse,2026-07-01T08:07:37Z
2330,2024-09-06,909,918,903,918,28248063,twstock/twse,2026-07-01T08:07:37Z
2330,2024-09-09,892,900,891,899,38448946,twstock/twse,2026-07-01T08:07:37Z
2330,2024-09-10,907,911,901,904,34312646,twstock/twse,2026-07-01T08:07:37Z
2330,2024-09-11,906,906,900,901,19513256,twstock/twse,2026-07-01T08:07:37Z
2330,2024-09-12,936,944,928,940,43749260,twstock/twse,2026-07-01T08:07:37Z
2330,2024-09-13,955,955,939,947,28307441,twstock/twse,2026-07-01T08:07:37Z
2330,2024-09-16,952,952,943,947,14456888,twstock/twse,2026-07-01T08:07:37Z
2330,2024-09-18,945,948,933,941,30094662,twstock/twse,2026-07-01T08:07:37Z
2330,2024-09-19,940,960,936,960,35254383,twstock/twse,2026-07-01T08:07:37Z
2330,2024-09-20,981,982,971,973,66762167,twstock/twse,2026-07-01T08:07:37Z
2330,2024-09-23,971,977,971,977,15399658,twstock/twse,2026-07-01T08:07:37Z
2330,2024-09-24,976,987,971,987,29324170,twstock/twse,2026-07-01T08:07:37Z
2330,2024-09-25,1000,1005,998,1005,43039991,twstock/twse,2026-07-01T08:07:37Z
2330,2024-09-26,1010,1015,1005,1015,43341810,twstock/twse,2026-07-01T08:07:37Z
2330,2024-09-27,1020,1025,1000,1000,37665070,twstock/twse,2026-07-01T08:07:37Z
2330,2024-09-30,978,990,957,957,66874949,twstock/twse,2026-07-01T08:07:37Z
2330,2024-10-01,967,977,967,972,27877267,twstock/twse,2026-07-01T08:07:37Z
2330,2024-10-04,986,986,967,977,43765757,twstock/twse,2026-07-01T08:07:37Z
2330,2024-10-07,993,1010,989,1005,43850831,twstock/twse,2026-07-01T08:07:37Z
2330,2024-10-08,1000,1010,997,1010,35344059,twstock/twse,2026-07-01T08:07:37Z
2330,2024-10-09,1030,1035,1020,1020,53208610,twstock/twse,2026-07-01T08:07:37Z
2330,2024-10-11,1025,1050,1020,1045,47776351,twstock/twse,2026-07-01T08:07:37Z
2330,2024-10-14,1045,1055,1035,1045,39906157,twstock/twse,2026-07-01T08:07:37Z
2330,2024-10-15,1050,1075,1050,1070,52066470,twstock/twse,2026-07-01T08:07:37Z
2330,2024-10-16,1040,1070,1035,1045,60312846,twstock/twse,2026-07-01T08:07:37Z
2330,2024-10-17,1050,1055,1030,1035,56618332,twstock/twse,2026-07-01T08:07:37Z
2330,2024-10-18,1095,1100,1075,1085,91036335,twstock/twse,2026-07-01T08:07:37Z
2330,2024-10-21,1090,1095,1080,1085,42094031,twstock/twse,2026-07-01T08:07:37Z
2330,2024-10-22,1065,1075,1060,1075,43740591,twstock/twse,2026-07-01T08:07:37Z
2330,2024-10-23,1060,1070,1055,1060,32895421,twstock/twse,2026-07-01T08:07:37Z
2330,2024-10-24,1070,1075,1055,1060,40791484,twstock/twse,2026-07-01T08:07:37Z
2330,2024-10-25,1065,1070,1060,1065,23347890,twstock/twse,2026-07-01T08:07:37Z
2330,2024-10-28,1075,1080,1050,1050,41665065,twstock/twse,2026-07-01T08:07:37Z
2330,2024-10-29,1035,1040,1020,1040,48097705,twstock/twse,2026-07-01T08:07:37Z
2330,2024-10-30,1040,1055,1030,1030,40765247,twstock/twse,2026-07-01T08:07:37Z
2330,2024-11-01,996,1030,996,1025,61545741,twstock/twse,2026-07-01T08:07:37Z
2330,2024-11-04,1030,1045,1025,1040,28225506,twstock/twse,2026-07-01T08:07:37Z
2330,2024-11-05,1030,1055,1030,1050,33407780,twstock/twse,2026-07-01T08:07:37Z
2330,2024-11-06,1050,1080,1040,1060,59404980,twstock/twse,2026-07-01T08:07:37Z
2330,2024-11-07,1050,1075,1050,1065,46030563,twstock/twse,2026-07-01T08:07:37Z
2330,2024-11-08,1085,1090,1080,1090,38840413,twstock/twse,2026-07-01T08:07:37Z
2330,2024-11-11,1080,1090,1070,1085,36630666,twstock/twse,2026-07-01T08:07:37Z
2330,2024-11-12,1060,1065,1050,1050,54098799,twstock/twse,2026-07-01T08:07:37Z
2330,2024-11-13,1045,1050,1035,1035,46420969,twstock/twse,2026-07-01T08:07:37Z
2330,2024-11-14,1030,1040,1025,1035,49328914,twstock/twse,2026-07-01T08:07:37Z
2330,2024-11-15,1040,1045,1030,1035,37405855,twstock/twse,2026-07-01T08:07:37Z
2330,2024-11-18,1030,1035,1020,1025,33583180,twstock/twse,2026-07-01T08:07:37Z
2330,2024-11-19,1030,1045,1025,1040,25497606,twstock/twse,2026-07-01T08:07:37Z
2330,2024-11-20,1045,1050,1020,1025,40203197,twstock/twse,2026-07-01T08:07:37Z
2330,2024-11-21,1020,1025,1010,1010,44679981,twstock/twse,2026-07-01T08:07:37Z
2330,2024-11-22,1035,1050,1035,1040,32509453,twstock/twse,2026-07-01T08:07:37Z
2330,2024-11-25,1045,1050,1030,1030,54443912,twstock/twse,2026-07-01T08:07:37Z
2330,2024-11-26,1015,1020,1010,1010,31309332,twstock/twse,2026-07-01T08:07:37Z
2330,2024-11-27,1010,1020,1000,1000,34602143,twstock/twse,2026-07-01T08:07:37Z
2330,2024-11-28,1005,1005,992,1005,37166049,twstock/twse,2026-07-01T08:07:37Z
2330,2024-11-29,995,1010,994,996,43621329,twstock/twse,2026-07-01T08:07:37Z
2330,2024-12-02,1020,1040,1015,1035,33333423,twstock/twse,2026-07-01T08:07:37Z
2330,2024-12-03,1060,1065,1055,1055,48632084,twstock/twse,2026-07-01T08:07:37Z
2330,2024-12-04,1065,1070,1055,1070,35431584,twstock/twse,2026-07-01T08:07:37Z
2330,2024-12-05,1070,1080,1070,1075,41293183,twstock/twse,2026-07-01T08:07:37Z
2330,2024-12-06,1075,1080,1060,1065,32090124,twstock/twse,2026-07-01T08:07:37Z
2330,2024-12-09,1070,1075,1065,1075,30255281,twstock/twse,2026-07-01T08:07:37Z
2330,2024-12-10,1070,1075,1060,1065,32359253,twstock/twse,2026-07-01T08:07:37Z
2330,2024-12-11,1045,1060,1045,1045,26948940,twstock/twse,2026-07-01T08:07:37Z
2330,2024-12-12,1060,1065,1055,1060,26574460,twstock/twse,2026-07-01T08:07:37Z
2330,2024-12-13,1060,1070,1055,1065,24329785,twstock/twse,2026-07-01T08:07:37Z
2330,2024-12-16,1085,1085,1075,1085,43679921,twstock/twse,2026-07-01T08:07:37Z
2330,2024-12-17,1090,1095,1075,1075,40033595,twstock/twse,2026-07-01T08:07:37Z
2330,2024-12-18,1075,1090,1070,1085,47331164,twstock/twse,2026-07-01T08:07:37Z
2330,2024-12-19,1065,1070,1055,1070,46126529,twstock/twse,2026-07-01T08:07:37Z
2330,2024-12-20,1060,1060,1035,1035,56392109,twstock/twse,2026-07-01T08:07:37Z
2330,2024-12-23,1065,1080,1060,1080,32800319,twstock/twse,2026-07-01T08:07:37Z
2330,2024-12-24,1095,1095,1080,1080,30069757,twstock/twse,2026-07-01T08:07:37Z
2330,2024-12-25,1090,1090,1080,1085,16186220,twstock/twse,2026-07-01T08:07:37Z
2330,2024-12-26,1085,1090,1085,1085,15017636,twstock/twse,2026-07-01T08:07:37Z
2330,2024-12-27,1080,1095,1080,1090,26151993,twstock/twse,2026-07-01T08:07:37Z
2330,2024-12-30,1090,1095,1085,1090,27437455,twstock/twse,2026-07-01T08:07:37Z
2330,2024-12-31,1080,1085,1075,1075,29239004,twstock/twse,2026-07-01T08:07:37Z
2330,2025-01-02,1070,1075,1055,1065,45045125,twstock/twse,2026-07-01T08:07:37Z
2330,2025-01-03,1080,1085,1075,1075,31244211,twstock/twse,2026-07-01T08:07:37Z
2330,2025-01-06,1100,1125,1095,1125,77874801,twstock/twse,2026-07-01T08:07:37Z
2330,2025-01-07,1150,1160,1130,1130,54691485,twstock/twse,2026-07-01T08:07:37Z
2330,2025-01-08,1110,1130,1105,1105,49181518,twstock/twse,2026-07-01T08:07:37Z
2330,2025-01-09,1100,1115,1100,1100,29916198,twstock/twse,2026-07-01T08:07:37Z
2330,2025-01-10,1100,1110,1100,1100,24475751,twstock/twse,2026-07-01T08:07:37Z
2330,2025-01-13,1110,1115,1070,1075,62629547,twstock/twse,2026-07-01T08:07:37Z
2330,2025-01-14,1085,1090,1075,1090,31280235,twstock/twse,2026-07-01T08:07:37Z
2330,2025-01-15,1085,1085,1065,1065,37966582,twstock/twse,2026-07-01T08:07:37Z
2330,2025-01-16,1095,1115,1090,1105,49872673,twstock/twse,2026-07-01T08:07:37Z
2330,2025-01-17,1125,1125,1095,1120,60857371,twstock/twse,2026-07-01T08:07:37Z
2330,2025-01-20,1125,1135,1120,1120,32062171,twstock/twse,2026-07-01T08:07:37Z
2330,2025-01-21,1115,1125,1110,1120,24368832,twstock/twse,2026-07-01T08:07:37Z
2330,2025-01-22,1140,1150,1135,1135,45996696,twstock/twse,2026-07-01T08:07:37Z
2330,2025-02-03,1065,1075,1060,1070,113031525,twstock/twse,2026-07-01T08:07:37Z
2330,2025-02-04,1085,1100,1080,1095,57904652,twstock/twse,2026-07-01T08:07:37Z
2330,2025-02-05,1110,1120,1105,1110,43082532,twstock/twse,2026-07-01T08:07:37Z
2330,2025-02-06,1120,1120,1105,1115,33768196,twstock/twse,2026-07-01T08:07:37Z
2330,2025-02-07,1110,1125,1105,1125,31107545,twstock/twse,2026-07-01T08:07:37Z
2330,2025-02-10,1125,1125,1095,1105,31037109,twstock/twse,2026-07-01T08:07:37Z
2330,2025-02-11,1110,1115,1100,1110,21023057,twstock/twse,2026-07-01T08:07:37Z
2330,2025-02-12,1110,1115,1100,1100,26190392,twstock/twse,2026-07-01T08:07:37Z
2330,2025-02-13,1090,1095,1080,1090,35681521,twstock/twse,2026-07-01T08:07:37Z
2330,2025-02-14,1065,1070,1060,1060,73417323,twstock/twse,2026-07-01T08:07:37Z
2330,2025-02-17,1065,1085,1065,1085,37215861,twstock/twse,2026-07-01T08:07:37Z
2330,2025-02-18,1085,1100,1080,1100,24018940,twstock/twse,2026-07-01T08:07:37Z
2330,2025-02-19,1090,1095,1085,1090,28756849,twstock/twse,2026-07-01T08:07:37Z
2330,2025-02-20,1080,1085,1070,1080,31108197,twstock/twse,2026-07-01T08:07:37Z
2330,2025-02-21,1085,1095,1080,1095,31480715,twstock/twse,2026-07-01T08:07:37Z
2330,2025-02-24,1080,1085,1075,1075,33837606,twstock/twse,2026-07-01T08:07:37Z
2330,2025-02-25,1055,1060,1050,1055,53174277,twstock/twse,2026-07-01T08:07:37Z
2330,2025-02-26,1045,1060,1045,1060,42921499,twstock/twse,2026-07-01T08:07:37Z
2330,2025-02-27,1065,1065,1040,1040,61646900,twstock/twse,2026-07-01T08:07:37Z
2330,2025-03-03,1000,1020,1000,1020,73279419,twstock/twse,2026-07-01T08:07:37Z
2330,2025-03-04,996,1010,996,1000,70879417,twstock/twse,2026-07-01T08:07:37Z
2330,2025-03-05,1020,1030,1015,1020,45086222,twstock/twse,2026-07-01T08:07:37Z
2330,2025-03-06,1020,1025,1005,1005,49318590,twstock/twse,2026-07-01T08:07:37Z
2330,2025-03-07,1005,1010,1000,1005,50358724,twstock/twse,2026-07-01T08:07:37Z
2330,2025-03-10,1005,1005,992,998,55410836,twstock/twse,2026-07-01T08:07:37Z
2330,2025-03-11,969,979,963,971,58764791,twstock/twse,2026-07-01T08:07:37Z
2330,2025-03-12,980,995,976,988,38527201,twstock/twse,2026-07-01T08:07:37Z
2330,2025-03-13,1000,1005,965,965,42915696,twstock/twse,2026-07-01T08:07:37Z
2330,2025-03-14,965,969,955,959,42394920,twstock/twse,2026-07-01T08:07:37Z
2330,2025-03-17,977,985,968,970,35012870,twstock/twse,2026-07-01T08:07:37Z
2330,2025-03-18,976,978,968,971,25716157,twstock/twse,2026-07-01T08:07:37Z
2330,2025-03-19,965,967,950,952,43493556,twstock/twse,2026-07-01T08:07:37Z
2330,2025-03-20,978,985,971,985,31993556,twstock/twse,2026-07-01T08:07:37Z
2330,2025-03-21,985,987,970,972,46869716,twstock/twse,2026-07-01T08:07:37Z
2330,2025-03-24,986,987,972,972,16866075,twstock/twse,2026-07-01T08:07:37Z
2330,2025-03-25,989,995,985,990,28306040,twstock/twse,2026-07-01T08:07:37Z
2330,2025-03-26,995,995,980,980,25939071,twstock/twse,2026-07-01T08:07:37Z
2330,2025-03-27,961,964,958,958,44589770,twstock/twse,2026-07-01T08:07:37Z
2330,2025-03-28,946,955,946,952,37802947,twstock/twse,2026-07-01T08:07:37Z
2330,2025-03-31,920,924,910,910,59733510,twstock/twse,2026-07-01T08:07:37Z
2330,2025-04-01,929,946,925,944,33673400,twstock/twse,2026-07-01T08:07:37Z
2330,2025-04-02,949,952,938,942,28201820,twstock/twse,2026-07-01T08:07:37Z
2330,2025-04-07,848,848,848,848,37652704,twstock/twse,2026-07-01T08:07:37Z
2330,2025-04-08,797,843,797,816,136580582,twstock/twse,2026-07-01T08:07:37Z
2330,2025-04-09,809,826,780,785,122044966,twstock/twse,2026-07-01T08:07:37Z
2330,2025-04-10,863,863,863,863,28397160,twstock/twse,2026-07-01T08:07:37Z
2330,2025-04-11,848,889,836,889,81264878,twstock/twse,2026-07-01T08:07:37Z
2330,2025-04-14,895,903,865,865,72625129,twstock/twse,2026-07-01T08:07:37Z
2330,2025-04-15,874,879,865,877,35642588,twstock/twse,2026-07-01T08:07:37Z
2330,2025-04-16,867,869,852,855,47199014,twstock/twse,2026-07-01T08:07:37Z
2330,2025-04-17,849,856,842,847,36449601,twstock/twse,2026-07-01T08:07:37Z
2330,2025-04-18,853,858,850,850,23249139,twstock/twse,2026-07-01T08:07:37Z
2330,2025-04-21,844,847,832,835,20672773,twstock/twse,2026-07-01T08:07:37Z
2330,2025-04-22,826,829,816,816,32057642,twstock/twse,2026-07-01T08:07:37Z
2330,2025-04-23,853,873,848,873,40685613,twstock/twse,2026-07-01T08:07:37Z
2330,2025-04-24,886,886,859,864,34499991,twstock/twse,2026-07-01T08:07:37Z
2330,2025-04-25,900,901,886,888,39651775,twstock/twse,2026-07-01T08:07:37Z
2330,2025-04-28,898,898,893,897,25396543,twstock/twse,2026-07-01T08:07:37Z
2330,2025-04-29,897,902,893,902,31146996,twstock/twse,2026-07-01T08:07:37Z
2330,2025-04-30,901,908,899,908,39204833,twstock/twse,2026-07-01T08:07:37Z
2330,2025-05-02,938,950,932,950,48129292,twstock/twse,2026-07-01T08:07:37Z
2330,2025-05-05,956,957,923,938,56516129,twstock/twse,2026-07-01T08:07:37Z
2330,2025-05-06,916,930,916,920,43358708,twstock/twse,2026-07-01T08:07:37Z
2330,2025-05-07,925,932,911,928,39021595,twstock/twse,2026-07-01T08:07:37Z
2330,2025-05-08,933,939,918,918,30777988,twstock/twse,2026-07-01T08:07:37Z
2330,2025-05-09,938,949,934,949,40878730,twstock/twse,2026-07-01T08:07:37Z
2330,2025-05-12,954,962,952,957,25668469,twstock/twse,2026-07-01T08:07:37Z
2330,2025-05-13,990,990,969,969,50960522,twstock/twse,2026-07-01T08:07:37Z
2330,2025-05-14,990,999,988,999,55061671,twstock/twse,2026-07-01T08:07:37Z
2330,2025-05-15,1000,1000,993,993,28518212,twstock/twse,2026-07-01T08:07:37Z
2330,2025-05-16,991,998,989,998,18079325,twstock/twse,2026-07-01T08:07:37Z
2330,2025-05-19,993,994,980,984,21936885,twstock/twse,2026-07-01T08:07:37Z
2330,2025-05-20,991,994,978,978,24317788,twstock/twse,2026-07-01T08:07:37Z
2330,2025-05-21,986,999,983,990,27677478,twstock/twse,2026-07-01T08:07:37Z
2330,2025-05-22,988,988,979,982,19671417,twstock/twse,2026-07-01T08:07:37Z
2330,2025-05-23,993,993,975,984,23744132,twstock/twse,2026-07-01T08:07:37Z
2330,2025-05-26,975,984,975,976,20906797,twstock/twse,2026-07-01T08:07:37Z
2330,2025-05-27,971,975,961,965,29843876,twstock/twse,2026-07-01T08:07:37Z
2330,2025-05-28,984,985,967,967,31929816,twstock/twse,2026-07-01T08:07:37Z
2330,2025-05-29,986,986,967,967,64850290,twstock/twse,2026-07-01T08:07:37Z
2330,2025-06-02,958,961,946,946,40608468,twstock/twse,2026-07-01T08:07:37Z
2330,2025-06-03,960,965,950,950,27482916,twstock/twse,2026-07-01T08:07:37Z
2330,2025-06-04,974,990,970,990,43196396,twstock/twse,2026-07-01T08:07:37Z
2330,2025-06-05,1000,1000,991,998,27047750,twstock/twse,2026-07-01T08:07:37Z
2330,2025-06-06,997,997,991,995,18797346,twstock/twse,2026-07-01T08:07:37Z
2330,2025-06-09,1005,1010,1000,1005,23952041,twstock/twse,2026-07-01T08:07:37Z
2330,2025-06-10,1025,1050,1020,1045,55353908,twstock/twse,2026-07-01T08:07:37Z
2330,2025-06-11,1065,1070,1055,1065,46137188,twstock/twse,2026-07-01T08:07:37Z
2330,2025-06-12,1055,1060,1045,1045,28661875,twstock/twse,2026-07-01T08:07:37Z
2330,2025-06-13,1040,1040,1025,1030,31371948,twstock/twse,2026-07-01T08:07:37Z
2330,2025-06-16,1030,1030,1015,1025,31257555,twstock/twse,2026-07-01T08:07:37Z
2330,2025-06-17,1040,1050,1035,1045,30890431,twstock/twse,2026-07-01T08:07:37Z
2330,2025-06-18,1040,1055,1030,1055,41740374,twstock/twse,2026-07-01T08:07:37Z
2330,2025-06-19,1045,1045,1030,1035,25354905,twstock/twse,2026-07-01T08:07:37Z
2330,2025-06-20,1030,1055,1025,1055,67241164,twstock/twse,2026-07-01T08:07:37Z
2330,2025-06-23,1025,1030,1015,1020,33543038,twstock/twse,2026-07-01T08:07:37Z
2330,2025-06-24,1045,1050,1040,1050,30105394,twstock/twse,2026-07-01T08:07:37Z
2330,2025-06-25,1060,1070,1055,1070,44519173,twstock/twse,2026-07-01T08:07:37Z
2330,2025-06-26,1075,1080,1065,1075,39534708,twstock/twse,2026-07-01T08:07:37Z
2330,2025-06-27,1070,1080,1060,1080,34877892,twstock/twse,2026-07-01T08:07:37Z
2330,2025-06-30,1075,1080,1060,1060,35763093,twstock/twse,2026-07-01T08:07:37Z
2330,2025-07-01,1080,1095,1075,1085,52818889,twstock/twse,2026-07-01T08:07:37Z
2330,2025-07-02,1075,1085,1070,1085,24453697,twstock/twse,2026-07-01T08:07:37Z
2330,2025-07-03,1105,1105,1090,1090,39719503,twstock/twse,2026-07-01T08:07:37Z
2330,2025-07-04,1095,1100,1080,1085,23556842,twstock/twse,2026-07-01T08:07:37Z
2330,2025-07-07,1080,1085,1070,1080,19949311,twstock/twse,2026-07-01T08:07:37Z
2330,2025-07-08,1070,1080,1065,1080,29944918,twstock/twse,2026-07-01T08:07:37Z
2330,2025-07-09,1070,1090,1065,1090,25899845,twstock/twse,2026-07-01T08:07:37Z
2330,2025-07-10,1095,1100,1090,1100,23947482,twstock/twse,2026-07-01T08:07:37Z
2330,2025-07-11,1095,1100,1090,1100,30615792,twstock/twse,2026-07-01T08:07:37Z
2330,2025-07-14,1100,1100,1085,1095,29975913,twstock/twse,2026-07-01T08:07:37Z
2330,2025-07-15,1095,1115,1090,1110,49458466,twstock/twse,2026-07-01T08:07:37Z
2330,2025-07-16,1120,1130,1120,1130,34513639,twstock/twse,2026-07-01T08:07:37Z
2330,2025-07-17,1130,1135,1115,1130,36971364,twstock/twse,2026-07-01T08:07:37Z
2330,2025-07-18,1155,1160,1145,1155,50467755,twstock/twse,2026-07-01T08:07:37Z
2330,2025-07-21,1145,1150,1135,1150,32374260,twstock/twse,2026-07-01T08:07:37Z
2330,2025-07-22,1145,1160,1130,1130,54933274,twstock/twse,2026-07-01T08:07:37Z
2330,2025-07-23,1140,1145,1135,1145,31360184,twstock/twse,2026-07-01T08:07:37Z
2330,2025-07-24,1150,1155,1145,1145,16038287,twstock/twse,2026-07-01T08:07:37Z
2330,2025-07-25,1150,1155,1140,1145,23026843,twstock/twse,2026-07-01T08:07:37Z
2330,2025-07-28,1155,1160,1145,1145,23153187,twstock/twse,2026-07-01T08:07:37Z
2330,2025-07-29,1145,1145,1125,1135,41471548,twstock/twse,2026-07-01T08:07:37Z
2330,2025-07-30,1150,1160,1145,1155,37445435,twstock/twse,2026-07-01T08:07:37Z
2330,2025-07-31,1160,1165,1155,1160,35986507,twstock/twse,2026-07-01T08:07:37Z
2330,2025-08-01,1145,1150,1130,1140,45352225,twstock/twse,2026-07-01T08:07:37Z
2330,2025-08-04,1130,1135,1125,1135,25256974,twstock/twse,2026-07-01T08:07:37Z
2330,2025-08-05,1145,1150,1140,1150,20695955,twstock/twse,2026-07-01T08:07:37Z
2330,2025-08-06,1130,1135,1125,1125,24015506,twstock/twse,2026-07-01T08:07:37Z
2330,2025-08-07,1160,1180,1155,1180,64965686,twstock/twse,2026-07-01T08:07:37Z
2330,2025-08-08,1180,1185,1170,1175,27434505,twstock/twse,2026-07-01T08:07:37Z
2330,2025-08-11,1170,1195,1165,1180,37435809,twstock/twse,2026-07-01T08:07:37Z
2330,2025-08-12,1180,1190,1170,1180,30137118,twstock/twse,2026-07-01T08:07:37Z
2330,2025-08-13,1185,1200,1185,1200,39708109,twstock/twse,2026-07-01T08:07:37Z
2330,2025-08-14,1185,1190,1175,1175,35269337,twstock/twse,2026-07-01T08:07:37Z
2330,2025-08-15,1175,1185,1170,1180,23577178,twstock/twse,2026-07-01T08:07:37Z
2330,2025-08-18,1170,1185,1170,1180,21182611,twstock/twse,2026-07-01T08:07:37Z
2330,2025-08-19,1180,1185,1175,1185,22439999,twstock/twse,2026-07-01T08:07:37Z
2330,2025-08-20,1165,1165,1135,1135,73148689,twstock/twse,2026-07-01T08:07:37Z
2330,2025-08-21,1140,1155,1140,1150,25030476,twstock/twse,2026-07-01T08:07:37Z
2330,2025-08-22,1155,1155,1135,1135,20220071,twstock/twse,2026-07-01T08:07:37Z
2330,2025-08-25,1165,1180,1160,1170,27470807,twstock/twse,2026-07-01T08:07:37Z
2330,2025-08-26,1165,1185,1160,1175,39495275,twstock/twse,2026-07-01T08:07:37Z
2330,2025-08-27,1190,1190,1180,1190,23824689,twstock/twse,2026-07-01T08:07:37Z
2330,2025-08-28,1185,1185,1160,1160,20960787,twstock/twse,2026-07-01T08:07:37Z
2330,2025-08-29,1180,1185,1160,1160,21820054,twstock/twse,2026-07-01T08:07:37Z
2330,2025-09-01,1150,1165,1145,1165,23022319,twstock/twse,2026-07-01T08:07:37Z
2330,2025-09-02,1170,1175,1155,1160,14994018,twstock/twse,2026-07-01T08:07:37Z
2330,2025-09-03,1155,1160,1145,1160,20211322,twstock/twse,2026-07-01T08:07:37Z
2330,2025-09-04,1170,1175,1160,1160,25311450,twstock/twse,2026-07-01T08:07:37Z
2330,2025-09-05,1175,1180,1170,1180,27931124,twstock/twse,2026-07-01T08:07:37Z
2330,2025-09-08,1195,1195,1180,1180,28393035,twstock/twse,2026-07-01T08:07:37Z
2330,2025-09-09,1195,1200,1190,1200,35720097,twstock/twse,2026-07-01T08:07:37Z
2330,2025-09-10,1220,1230,1215,1225,43516678,twstock/twse,2026-07-01T08:07:37Z
2330,2025-09-11,1255,1260,1235,1240,34811140,twstock/twse,2026-07-01T08:07:37Z
2330,2025-09-12,1255,1260,1250,1260,28224895,twstock/twse,2026-07-01T08:07:37Z
2330,2025-09-15,1260,1260,1250,1255,26019117,twstock/twse,2026-07-01T08:07:37Z
2330,2025-09-16,1265,1285,1260,1280,42279997,twstock/twse,2026-07-01T08:07:37Z
2330,2025-09-17,1270,1275,1265,1265,32019276,twstock/twse,2026-07-01T08:07:37Z
2330,2025-09-18,1275,1285,1265,1285,26442220,twstock/twse,2026-07-01T08:07:37Z
2330,2025-09-19,1285,1290,1265,1265,48894096,twstock/twse,2026-07-01T08:07:37Z
2330,2025-09-22,1270,1295,1270,1295,30411595,twstock/twse,2026-07-01T08:07:37Z
2330,2025-09-23,1320,1340,1315,1340,37523254,twstock/twse,2026-07-01T08:07:37Z
2330,2025-09-24,1350,1355,1325,1340,47820358,twstock/twse,2026-07-01T08:07:37Z
2330,2025-09-25,1320,1330,1320,1320,27800815,twstock/twse,2026-07-01T08:07:37Z
2330,2025-09-26,1310,1315,1295,1300,29378983,twstock/twse,2026-07-01T08:07:37Z
2330,2025-09-30,1310,1320,1305,1305,44853467,twstock/twse,2026-07-01T08:07:37Z
2330,2025-10-01,1325,1350,1325,1325,36184828,twstock/twse,2026-07-01T08:07:37Z
2330,2025-10-02,1360,1370,1355,1365,32693509,twstock/twse,2026-07-01T08:07:37Z
2330,2025-10-03,1365,1400,1365,1400,34379158,twstock/twse,2026-07-01T08:07:37Z
2330,2025-10-07,1420,1445,1420,1435,42424519,twstock/twse,2026-07-01T08:07:37Z
2330,2025-10-08,1410,1420,1405,1415,27708676,twstock/twse,2026-07-01T08:07:37Z
2330,2025-10-09,1440,1455,1430,1440,42507551,twstock/twse,2026-07-01T08:07:37Z
2330,2025-10-13,1390,1420,1390,1415,60321869,twstock/twse,2026-07-01T08:07:37Z
2330,2025-10-14,1455,1460,1420,1425,44821332,twstock/twse,2026-07-01T08:07:37Z
2330,2025-10-15,1435,1465,1425,1465,45432176,twstock/twse,2026-07-01T08:07:37Z
2330,2025-10-16,1465,1495,1465,1485,42490828,twstock/twse,2026-07-01T08:07:37Z
2330,2025-10-17,1455,1465,1450,1450,43864962,twstock/twse,2026-07-01T08:07:37Z
2330,2025-10-20,1460,1495,1455,1480,34972122,twstock/twse,2026-07-01T08:07:37Z
2330,2025-10-21,1485,1500,1480,1480,37067269,twstock/twse,2026-07-01T08:07:37Z
2330,2025-10-22,1460,1470,1455,1460,30679057,twstock/twse,2026-07-01T08:07:37Z
2330,2025-10-23,1440,1455,1435,1450,26134949,twstock/twse,2026-07-01T08:07:37Z
2330,2025-10-27,1500,1500,1480,1480,36024098,twstock/twse,2026-07-01T08:07:37Z
2330,2025-10-28,1480,1490,1470,1475,35135504,twstock/twse,2026-07-01T08:07:37Z
2330,2025-10-29,1495,1515,1490,1505,32775105,twstock/twse,2026-07-01T08:07:37Z
2330,2025-10-30,1515,1520,1500,1505,30058497,twstock/twse,2026-07-01T08:07:37Z
2330,2025-10-31,1515,1525,1500,1500,33838761,twstock/twse,2026-07-01T08:07:37Z
2330,2025-11-03,1510,1520,1490,1510,30913479,twstock/twse,2026-07-01T08:07:37Z
2330,2025-11-04,1520,1525,1495,1505,35922791,twstock/twse,2026-07-01T08:07:37Z
2330,2025-11-05,1480,1485,1455,1460,63423241,twstock/twse,2026-07-01T08:07:37Z
2330,2025-11-06,1470,1480,1465,1465,29955147,twstock/twse,2026-07-01T08:07:37Z
2330,2025-11-07,1460,1465,1455,1460,23551721,twstock/twse,2026-07-01T08:07:37Z
2330,2025-11-10,1470,1485,1465,1475,26579263,twstock/twse,2026-07-01T08:07:37Z
2330,2025-11-11,1490,1495,1465,1465,24857058,twstock/twse,2026-07-01T08:07:37Z
2330,2025-11-12,1470,1485,1460,1475,25998385,twstock/twse,2026-07-01T08:07:37Z
2330,2025-11-13,1460,1470,1460,1460,23920639,twstock/twse,2026-07-01T08:07:37Z
2330,2025-11-14,1425,1440,1425,1430,32778804,twstock/twse,2026-07-01T08:07:37Z
2330,2025-11-17,1450,1460,1445,1445,34872653,twstock/twse,2026-07-01T08:07:37Z
2330,2025-11-18,1435,1435,1405,1405,49856799,twstock/twse,2026-07-01T08:07:37Z
2330,2025-11-19,1400,1415,1395,1395,42661060,twstock/twse,2026-07-01T08:07:37Z
2330,2025-11-20,1450,1460,1440,1455,28295025,twstock/twse,2026-07-01T08:07:37Z
2330,2025-11-21,1395,1405,1385,1385,64673494,twstock/twse,2026-07-01T08:07:37Z
2330,2025-11-24,1400,1405,1375,1375,88861648,twstock/twse,2026-07-01T08:07:37Z
2330,2025-11-25,1425,1425,1405,1415,31006765,twstock/twse,2026-07-01T08:07:37Z
2330,2025-11-26,1430,1440,1425,1440,31659935,twstock/twse,2026-07-01T08:07:37Z
2330,2025-11-27,1450,1455,1430,1435,24202285,twstock/twse,2026-07-01T08:07:37Z
2330,2025-11-28,1440,1455,1435,1440,26130506,twstock/twse,2026-07-01T08:07:37Z
2330,2025-12-01,1445,1445,1410,1410,33722188,twstock/twse,2026-07-01T08:07:37Z
2330,2025-12-02,1430,1440,1420,1430,27923064,twstock/twse,2026-07-01T08:07:37Z
2330,2025-12-03,1440,1450,1435,1450,25462840,twstock/twse,2026-07-01T08:07:37Z
2330,2025-12-04,1445,1450,1430,1445,21934952,twstock/twse,2026-07-01T08:07:37Z
2330,2025-12-05,1445,1460,1440,1460,22539737,twstock/twse,2026-07-01T08:07:37Z
2330,2025-12-08,1465,1495,1460,1495,27405663,twstock/twse,2026-07-01T08:07:37Z
2330,2025-12-09,1495,1500,1480,1480,27555343,twstock/twse,2026-07-01T08:07:37Z
2330,2025-12-10,1490,1505,1485,1505,26387641,twstock/twse,2026-07-01T08:07:37Z
2330,2025-12-11,1510,1515,1465,1470,31820417,twstock/twse,2026-07-01T08:07:37Z
2330,2025-12-12,1475,1485,1470,1480,24025183,twstock/twse,2026-07-01T08:07:37Z
2330,2025-12-15,1450,1455,1445,1450,28160888,twstock/twse,2026-07-01T08:07:37Z
2330,2025-12-16,1435,1445,1425,1435,36751412,twstock/twse,2026-07-01T08:07:37Z
2330,2025-12-17,1435,1445,1425,1430,33103549,twstock/twse,2026-07-01T08:07:37Z
2330,2025-12-18,1420,1435,1415,1430,33103697,twstock/twse,2026-07-01T08:07:37Z
2330,2025-12-19,1455,1455,1430,1430,42614140,twstock/twse,2026-07-01T08:07:37Z
2330,2025-12-22,1465,1470,1455,1465,23919483,twstock/twse,2026-07-01T08:07:37Z
2330,2025-12-23,1475,1490,1470,1490,22337117,twstock/twse,2026-07-01T08:07:37Z
2330,2025-12-24,1495,1500,1485,1495,13707427,twstock/twse,2026-07-01T08:07:37Z
2330,2025-12-26,1505,1510,1495,1510,20806344,twstock/twse,2026-07-01T08:07:37Z
2330,2025-12-29,1515,1530,1510,1530,24010398,twstock/twse,2026-07-01T08:07:37Z
2330,2025-12-30,1515,1530,1510,1520,21819219,twstock/twse,2026-07-01T08:07:37Z
2330,2025-12-31,1520,1550,1515,1550,31389568,twstock/twse,2026-07-01T08:07:37Z
2330,2026-01-02,1555,1585,1545,1585,39836425,twstock/twse,2026-07-01T08:07:37Z
2330,2026-01-05,1630,1695,1625,1670,76182999,twstock/twse,2026-07-01T08:07:37Z
2330,2026-01-06,1645,1705,1645,1705,54073389,twstock/twse,2026-07-01T08:07:37Z
2330,2026-01-07,1665,1685,1665,1675,54807595,twstock/twse,2026-07-01T08:07:37Z
2330,2026-01-08,1660,1700,1655,1685,31485749,twstock/twse,2026-07-01T08:07:37Z
2330,2026-01-09,1665,1700,1655,1680,42191307,twstock/twse,2026-07-01T08:07:37Z
2330,2026-01-12,1700,1705,1690,1690,34556660,twstock/twse,2026-07-01T08:07:37Z
2330,2026-01-13,1720,1720,1700,1710,34064122,twstock/twse,2026-07-01T08:07:37Z
2330,2026-01-14,1705,1715,1700,1710,33253803,twstock/twse,2026-07-01T08:07:37Z
2330,2026-01-15,1685,1700,1680,1690,41703827,twstock/twse,2026-07-01T08:07:37Z
2330,2026-01-16,1735,1750,1710,1740,58108842,twstock/twse,2026-07-01T08:07:37Z
2330,2026-01-19,1725,1780,1725,1760,32242493,twstock/twse,2026-07-01T08:07:37Z
2330,2026-01-20,1740,1775,1740,1775,32687106,twstock/twse,2026-07-01T08:07:37Z
2330,2026-01-21,1745,1765,1740,1740,50745376,twstock/twse,2026-07-01T08:07:37Z
2330,2026-01-22,1765,1770,1750,1760,34437982,twstock/twse,2026-07-01T08:07:37Z
2330,2026-01-23,1770,1775,1750,1770,29676301,twstock/twse,2026-07-01T08:07:37Z
2330,2026-01-26,1765,1785,1755,1755,25989274,twstock/twse,2026-07-01T08:07:37Z
2330,2026-01-27,1760,1785,1755,1780,32183611,twstock/twse,2026-07-01T08:07:37Z
2330,2026-01-28,1790,1820,1790,1820,31327933,twstock/twse,2026-07-01T08:07:37Z
2330,2026-01-29,1830,1835,1800,1805,36079326,twstock/twse,2026-07-01T08:07:37Z
2330,2026-01-30,1790,1800,1775,1775,46341867,twstock/twse,2026-07-01T08:07:37Z
2330,2026-02-02,1750,1765,1745,1765,33342359,twstock/twse,2026-07-01T08:07:37Z
2330,2026-02-03,1810,1810,1785,1800,30386718,twstock/twse,2026-07-01T08:07:37Z
2330,2026-02-04,1785,1805,1775,1785,29087857,twstock/twse,2026-07-01T08:07:37Z
2330,2026-02-05,1765,1780,1760,1765,28974303,twstock/twse,2026-07-01T08:07:37Z
2330,2026-02-06,1745,1780,1740,1780,36484181,twstock/twse,2026-07-01T08:07:37Z
2330,2026-02-09,1830,1835,1815,1815,40350444,twstock/twse,2026-07-01T08:07:37Z
2330,2026-02-10,1845,1880,1840,1880,45674475,twstock/twse,2026-07-01T08:07:37Z
2330,2026-02-11,1880,1925,1875,1915,44684131,twstock/twse,2026-07-01T08:07:37Z
2330,2026-02-23,1900,1935,1900,1900,80768993,twstock/twse,2026-07-01T08:07:37Z
2330,2026-02-24,1915,1975,1915,1965,44316733,twstock/twse,2026-07-01T08:07:37Z
2330,2026-02-25,1995,2025,1995,2015,47398835,twstock/twse,2026-07-01T08:07:37Z
2330,2026-02-26,2000,2010,1995,1995,74411249,twstock/twse,2026-07-01T08:07:37Z
2330,2026-04-01,1840,1855,1830,1855,46457423,twstock/twse,2026-07-01T08:07:37Z
2330,2026-04-02,1865,1865,1805,1810,29332490,twstock/twse,2026-07-01T08:07:37Z
2330,2026-04-07,1850,1860,1835,1860,19895445,twstock/twse,2026-07-01T08:07:37Z
2330,2026-04-08,1935,1950,1925,1950,53813263,twstock/twse,2026-07-01T08:07:37Z
2330,2026-04-09,1945,1955,1930,1955,36054784,twstock/twse,2026-07-01T08:07:37Z
2330,2026-04-10,1975,2000,1970,2000,39096242,twstock/twse,2026-07-01T08:07:37Z
2330,2026-04-13,1985,1995,1975,1990,31882568,twstock/twse,2026-07-01T08:07:37Z
2330,2026-04-14,2015,2055,2010,2055,46188401,twstock/twse,2026-07-01T08:07:37Z
2330,2026-04-15,2065,2100,2060,2080,46824833,twstock/twse,2026-07-01T08:07:37Z
2330,2026-04-16,2080,2090,2055,2085,35974352,twstock/twse,2026-07-01T08:07:37Z
2330,2026-04-17,2055,2060,2030,2030,44433257,twstock/twse,2026-07-01T08:07:37Z
2330,2026-04-20,2030,2055,2025,2025,30566172,twstock/twse,2026-07-01T08:07:37Z
2330,2026-04-21,2050,2075,2045,2050,28055761,twstock/twse,2026-07-01T08:07:37Z
2330,2026-04-22,2045,2070,2040,2050,27457065,twstock/twse,2026-07-01T08:07:37Z
2330,2026-04-23,2090,2135,2055,2080,54918117,twstock/twse,2026-07-01T08:07:37Z
2330,2026-04-24,2110,2190,2105,2185,52391785,twstock/twse,2026-07-01T08:07:37Z
2330,2026-04-27,2280,2330,2265,2265,79778277,twstock/twse,2026-07-01T08:07:37Z
2330,2026-04-28,2245,2280,2215,2215,57336004,twstock/twse,2026-07-01T08:07:37Z
2330,2026-04-29,2175,2210,2165,2180,49147402,twstock/twse,2026-07-01T08:07:37Z
2330,2026-04-30,2205,2215,2135,2135,59584011,twstock/twse,2026-07-01T08:07:37Z
2330,2026-05-04,2200,2285,2195,2275,44458732,twstock/twse,2026-07-01T08:07:37Z
2330,2026-05-05,2250,2270,2240,2250,26644983,twstock/twse,2026-07-01T08:07:37Z
2330,2026-05-06,2250,2285,2240,2250,38026963,twstock/twse,2026-07-01T08:07:37Z
2330,2026-05-07,2335,2345,2310,2310,41966283,twstock/twse,2026-07-01T08:07:37Z
2330,2026-05-08,2300,2310,2265,2290,31730352,twstock/twse,2026-07-01T08:07:37Z
2330,2026-05-11,2265,2275,2235,2235,46172626,twstock/twse,2026-07-01T08:07:37Z
2330,2026-05-12,2235,2280,2210,2255,54239538,twstock/twse,2026-07-01T08:07:37Z
2330,2026-05-13,2205,2240,2205,2220,43727683,twstock/twse,2026-07-01T08:07:37Z
2330,2026-05-14,2250,2270,2230,2270,39564699,twstock/twse,2026-07-01T08:07:37Z
2330,2026-05-15,2310,2325,2250,2265,34360513,twstock/twse,2026-07-01T08:07:37Z
2330,2026-05-18,2225,2260,2215,2240,32966937,twstock/twse,2026-07-01T08:07:37Z
2330,2026-05-19,2220,2230,2205,2205,45585931,twstock/twse,2026-07-01T08:07:37Z
2330,2026-05-20,2205,2210,2185,2185,38332945,twstock/twse,2026-07-01T08:07:37Z
2330,2026-05-21,2240,2255,2230,2230,24929331,twstock/twse,2026-07-01T08:07:37Z
2330,2026-05-22,2245,2260,2225,2255,26823133,twstock/twse,2026-07-01T08:07:37Z
2330,2026-05-25,2275,2310,2275,2310,28250944,twstock/twse,2026-07-01T08:07:37Z
2330,2026-05-26,2320,2325,2270,2270,32781470,twstock/twse,2026-07-01T08:07:37Z
2330,2026-05-27,2310,2330,2290,2300,40272350,twstock/twse,2026-07-01T08:07:37Z
2330,2026-05-28,2350,2360,2270,2295,42313277,twstock/twse,2026-07-01T08:07:37Z
2330,2026-05-29,2340,2375,2330,2355,104783831,twstock/twse,2026-07-01T08:07:37Z
2330,2026-06-01,2355,2415,2350,2355,60942792,twstock/twse,2026-07-01T08:07:37Z
2330,2026-06-02,2390,2400,2360,2380,41532527,twstock/twse,2026-07-01T08:07:37Z
2330,2026-06-03,2425,2440,2410,2425,29219904,twstock/twse,2026-07-01T08:07:37Z
2330,2026-06-04,2385,2415,2385,2385,32542948,twstock/twse,2026-07-01T08:07:37Z
2330,2026-06-05,2395,2405,2350,2365,43403895,twstock/twse,2026-07-01T08:07:37Z
2330,2026-06-08,2230,2320,2230,2295,52273858,twstock/twse,2026-07-01T08:07:37Z
2330,2026-06-09,2305,2320,2295,2305,38847544,twstock/twse,2026-07-01T08:07:37Z
2330,2026-06-10,2285,2300,2255,2255,54194021,twstock/twse,2026-07-01T08:07:37Z
2330,2026-06-11,2240,2260,2210,2250,46417523,twstock/twse,2026-07-01T08:07:37Z
2330,2026-06-12,2325,2325,2290,2310,26306885,twstock/twse,2026-07-01T08:07:37Z
2330,2026-06-15,2360,2375,2345,2375,30228535,twstock/twse,2026-07-01T08:07:37Z
2330,2026-06-16,2375,2400,2350,2400,37145708,twstock/twse,2026-07-01T08:07:37Z
2330,2026-06-17,2355,2385,2350,2385,30059393,twstock/twse,2026-07-01T08:07:37Z
2330,2026-06-18,2395,2415,2385,2410,49982610,twstock/twse,2026-07-01T08:07:37Z
2330,2026-06-22,2455,2510,2455,2510,45207883,twstock/twse,2026-07-01T08:07:37Z
2330,2026-06-23,2510,2535,2490,2490,39537895,twstock/twse,2026-07-01T08:07:37Z
2330,2026-06-24,2435,2445,2390,2390,67304477,twstock/twse,2026-07-01T08:07:37Z
2330,2026-06-25,2410,2420,2390,2390,41099957,twstock/twse,2026-07-01T08:07:37Z
2330,2026-06-26,2360,2370,2325,2340,53800344,twstock/twse,2026-07-01T08:07:37Z
2330,2026-06-29,2330,2395,2330,2370,38133782,twstock/twse,2026-07-01T08:07:37Z
2330,2026-06-30,2440,2475,2410,2410,49540227,twstock/twse,2026-07-01T08:07:37Z
2330,2026-07-01,2495,2505,2475,2505,33300219,twstock/twse,2026-07-01T08:07:37Z
2454,2020-01-02,445,446,440.5,441.5,6237434,twstock/twse,2026-07-01T08:07:37Z
2454,2020-01-03,445,445.5,423,434.5,12375266,twstock/twse,2026-07-01T08:07:37Z
2454,2020-01-06,428,431.5,424,424,8520516,twstock/twse,2026-07-01T08:07:37Z
2454,2020-01-07,428,431,418,426,11707155,twstock/twse,2026-07-01T08:07:37Z
2454,2020-01-08,426,436.5,424,430.5,9695448,twstock/twse,2026-07-01T08:07:37Z
2454,2020-01-09,435,439,432.5,437,7061194,twstock/twse,2026-07-01T08:07:37Z
2454,2020-01-10,439.5,441,426,432,7882248,twstock/twse,2026-07-01T08:07:37Z
2454,2020-01-13,432,435,422,422,10239998,twstock/twse,2026-07-01T08:07:37Z
2454,2020-01-14,422.5,424.5,412.5,416,19437055,twstock/twse,2026-07-01T08:07:37Z
2454,2020-01-15,409,419,406.5,416,26086092,twstock/twse,2026-07-01T08:07:37Z
2454,2020-01-16,419,423.5,415,421,13075722,twstock/twse,2026-07-01T08:07:37Z
2454,2020-01-17,428,428,418.5,420.5,8818316,twstock/twse,2026-07-01T08:07:37Z
2454,2020-01-20,421,422,417,419,6172773,twstock/twse,2026-07-01T08:07:37Z
2454,2020-01-30,400,400.5,382.5,383.5,22330256,twstock/twse,2026-07-01T08:07:37Z
2454,2020-01-31,385,393,382,388,10439123,twstock/twse,2026-07-01T08:07:37Z
2454,2020-02-03,376.5,387,373,382,10641830,twstock/twse,2026-07-01T08:07:37Z
2454,2020-02-04,384,396.5,384,390.5,9511276,twstock/twse,2026-07-01T08:07:37Z
2454,2020-02-05,390.5,390.5,378.5,381,16355382,twstock/twse,2026-07-01T08:07:37Z
2454,2020-02-06,381,390.5,380,382,10507866,twstock/twse,2026-07-01T08:07:37Z
2454,2020-02-07,380.5,385.5,379,381,10226510,twstock/twse,2026-07-01T08:07:37Z
2454,2020-02-10,377.5,386.5,375,380,11049172,twstock/twse,2026-07-01T08:07:37Z
2454,2020-02-11,382,391.5,382,390,11384133,twstock/twse,2026-07-01T08:07:37Z
2454,2020-02-12,398,403.5,395,401.5,13600808,twstock/twse,2026-07-01T08:07:37Z
2454,2020-02-13,408.5,412,406.5,408.5,15526270,twstock/twse,2026-07-01T08:07:37Z
2454,2020-02-14,407,408,403.5,405.5,9177582,twstock/twse,2026-07-01T08:07:37Z
2454,2020-02-17,397.5,399.5,394,398,9237824,twstock/twse,2026-07-01T08:07:37Z
2454,2020-02-18,394,396.5,392,392,7500223,twstock/twse,2026-07-01T08:07:37Z
2454,2020-02-19,395,396,387.5,388.5,9008260,twstock/twse,2026-07-01T08:07:37Z
2454,2020-02-20,391.5,394,387.5,394,8177571,twstock/twse,2026-07-01T08:07:37Z
2454,2020-02-21,394,394,388,388,7800080,twstock/twse,2026-07-01T08:07:37Z
2454,2020-02-24,382.5,384.5,376,377,13117425,twstock/twse,2026-07-01T08:07:37Z
2454,2020-02-25,374.5,383,371,378.5,10230047,twstock/twse,2026-07-01T08:07:37Z
2454,2020-02-26,375,380,373,375,10994144,twstock/twse,2026-07-01T08:07:37Z
2454,2020-02-27,376,378,360,360,14733370,twstock/twse,2026-07-01T08:07:37Z
2454,2020-03-02,356,368,353.5,363,11727602,twstock/twse,2026-07-01T08:07:37Z
2454,2020-03-03,373,378.5,371,372,10014005,twstock/twse,2026-07-01T08:07:37Z
2454,2020-03-04,371.5,372.5,364,370.5,10894688,twstock/twse,2026-07-01T08:07:37Z
2454,2020-03-05,377.5,385,376,385,11305601,twstock/twse,2026-07-01T08:07:37Z
2454,2020-03-06,380,382.5,376.5,378.5,7682406,twstock/twse,2026-07-01T08:07:37Z
2454,2020-03-09,368.5,371,361,366.5,11652891,twstock/twse,2026-07-01T08:07:37Z
2454,2020-03-10,363.5,373.5,362,373.5,11832469,twstock/twse,2026-07-01T08:07:37Z
2454,2020-03-11,373.5,377,362,363,9371669,twstock/twse,2026-07-01T08:07:37Z
2454,2020-03-12,356,358.5,336,336,19312208,twstock/twse,2026-07-01T08:07:37Z
2454,2020-03-13,307.5,348,305,341,23633277,twstock/twse,2026-07-01T08:07:37Z
2454,2020-03-16,333,342.5,320,320,12157253,twstock/twse,2026-07-01T08:07:37Z
2454,2020-03-17,308,328.5,308,315.5,14400860,twstock/twse,2026-07-01T08:07:37Z
2454,2020-03-18,315.5,321.5,301.5,301.5,14131612,twstock/twse,2026-07-01T08:07:37Z
2454,2020-03-19,291,298.5,273,274,25712419,twstock/twse,2026-07-01T08:07:37Z
2454,2020-03-20,296,301,287,301,17586676,twstock/twse,2026-07-01T08:07:37Z
2454,2020-03-23,307,314,296,308,21198004,twstock/twse,2026-07-01T08:07:37Z
2454,2020-03-24,336,338.5,326,330,13447078,twstock/twse,2026-07-01T08:07:37Z
2454,2020-03-25,348,353,330,334.5,20283591,twstock/twse,2026-07-01T08:07:37Z
2454,2020-03-26,339,345,328,343.5,11554093,twstock/twse,2026-07-01T08:07:37Z
2454,2020-03-27,359.5,359.5,336.5,340,13224545,twstock/twse,2026-07-01T08:07:37Z
2454,2020-03-30,329.5,336.5,323,336.5,11164349,twstock/twse,2026-07-01T08:07:37Z
2454,2020-03-31,339,343.5,326,327.5,10956002,twstock/twse,2026-07-01T08:07:37Z
2454,2020-04-01,333,334,325.5,334,6677209,twstock/twse,2026-07-01T08:07:37Z
2454,2020-04-06,346,346,336.5,341,8234391,twstock/twse,2026-07-01T08:07:37Z
2454,2020-04-07,348,350,346,347,10214322,twstock/twse,2026-07-01T08:07:37Z
2454,2020-04-08,346,352,345,349.5,6885590,twstock/twse,2026-07-01T08:07:37Z
2454,2020-04-09,356,356,347.5,351.5,8237776,twstock/twse,2026-07-01T08:07:37Z
2454,2020-04-10,352.5,352.5,348,350,6619621,twstock/twse,2026-07-01T08:07:37Z
2454,2020-04-13,349,354.5,348.5,351.5,7148004,twstock/twse,2026-07-01T08:07:37Z
2454,2020-04-14,354,368.5,353.5,365.5,13578196,twstock/twse,2026-07-01T08:07:37Z
2454,2020-04-15,370,370.5,363.5,365.5,8890815,twstock/twse,2026-07-01T08:07:37Z
2454,2020-04-16,361,365.5,360.5,361.5,6871648,twstock/twse,2026-07-01T08:07:37Z
2454,2020-04-17,379,379,363,368,13317197,twstock/twse,2026-07-01T08:07:37Z
2454,2020-04-20,371,373.5,366.5,370,5979488,twstock/twse,2026-07-01T08:07:37Z
2454,2020-04-21,367,367,352,353.5,11421460,twstock/twse,2026-07-01T08:07:37Z
2454,2020-04-22,350,352,342,346,12142371,twstock/twse,2026-07-01T08:07:37Z
2454,2020-04-23,347.5,351,344,351,8791011,twstock/twse,2026-07-01T08:07:37Z
2454,2020-04-24,351,353,348,348.5,6025467,twstock/twse,2026-07-01T08:07:37Z
2454,2020-04-27,357,374,355.5,372,13194986,twstock/twse,2026-07-01T08:07:37Z
2454,2020-04-28,374.5,375,363.5,375,10769852,twstock/twse,2026-07-01T08:07:37Z
2454,2020-04-29,400,400,386.5,398,31507975,twstock/twse,2026-07-01T08:07:37Z
2454,2020-04-30,412,415.5,405,415,22045679,twstock/twse,2026-07-01T08:07:37Z
2454,2020-05-04,404,405,398,399.5,11748303,twstock/twse,2026-07-01T08:07:37Z
2454,2020-05-05,403.5,405.5,396,401.5,7287899,twstock/twse,2026-07-01T08:07:37Z
2454,2020-05-06,405,409.5,401.5,408,10340772,twstock/twse,2026-07-01T08:07:37Z
2454,2020-05-07,412,415,411,411,8184230,twstock/twse,2026-07-01T08:07:37Z
2454,2020-05-08,415,418,411.5,411.5,6884964,twstock/twse,2026-07-01T08:07:37Z
2454,2020-05-11,415.5,415.5,407,410,6480940,twstock/twse,2026-07-01T08:07:37Z
2454,2020-05-12,408,409.5,404,407,5093041,twstock/twse,2026-07-01T08:07:37Z
2454,2020-05-13,408.5,420,407,420,11287740,twstock/twse,2026-07-01T08:07:37Z
2454,2020-05-14,417,419,406.5,411,8304088,twstock/twse,2026-07-01T08:07:37Z
2454,2020-05-15,414,415.5,404.5,411,5826797,twstock/twse,2026-07-01T08:07:37Z
2454,2020-05-18,452,452,436.5,440.5,25672990,twstock/twse,2026-07-01T08:07:37Z
2454,2020-05-19,462.5,464,458,462,23381164,twstock/twse,2026-07-01T08:07:37Z
2454,2020-05-20,467,479,464,470,18969567,twstock/twse,2026-07-01T08:07:37Z
2454,2020-05-21,470,472,460.5,464.5,9455736,twstock/twse,2026-07-01T08:07:37Z
2454,2020-05-22,446.5,455,440,442,15484024,twstock/twse,2026-07-01T08:07:37Z
2454,2020-05-25,451.5,460,449,460,11364742,twstock/twse,2026-07-01T08:07:37Z
2454,2020-05-26,460,468,458,460,6684259,twstock/twse,2026-07-01T08:07:37Z
2454,2020-05-27,465,466,459.5,464.5,8859230,twstock/twse,2026-07-01T08:07:37Z
2454,2020-05-28,468,469,453.5,460,10968535,twstock/twse,2026-07-01T08:07:37Z
2454,2020-05-29,460,467,453.5,463,9592183,twstock/twse,2026-07-01T08:07:37Z
2454,2020-06-01,468,470,460,461.5,8808266,twstock/twse,2026-07-01T08:07:37Z
2454,2020-06-02,488,490.5,479.5,485,17040745,twstock/twse,2026-07-01T08:07:37Z
2454,2020-06-03,492,493.5,487,490,9783845,twstock/twse,2026-07-01T08:07:37Z
2454,2020-06-04,485,493,482,490,8538190,twstock/twse,2026-07-01T08:07:37Z
2454,2020-06-05,493,497.5,491,494,8958917,twstock/twse,2026-07-01T08:07:37Z
2454,2020-06-08,495.5,505,493,494.5,9669114,twstock/twse,2026-07-01T08:07:37Z
2454,2020-06-09,491,499.5,487.5,497.5,7942284,twstock/twse,2026-07-01T08:07:37Z
2454,2020-06-10,495.5,503,495,500,6677972,twstock/twse,2026-07-01T08:07:37Z
2454,2020-06-11,500,509,496,496.5,11175186,twstock/twse,2026-07-01T08:07:37Z
2454,2020-06-12,473,495.5,473,492.5,12644920,twstock/twse,2026-07-01T08:07:37Z
2454,2020-06-15,498,505,492.5,492.5,7204482,twstock/twse,2026-07-01T08:07:37Z
2454,2020-06-16,492,510,491.5,510,11665647,twstock/twse,2026-07-01T08:07:37Z
2454,2020-06-17,511,516,505,510,7132179,twstock/twse,2026-07-01T08:07:37Z
2454,2020-06-18,515,515,508,513,5601592,twstock/twse,2026-07-01T08:07:37Z
2454,2020-06-19,520,560,518,546,22189522,twstock/twse,2026-07-01T08:07:37Z
2454,2020-06-22,553,576,546,576,17896887,twstock/twse,2026-07-01T08:07:37Z
2454,2020-06-23,580,594,558,574,16106824,twstock/twse,2026-07-01T08:07:37Z
2454,2020-06-24,572,584,568,580,9137582,twstock/twse,2026-07-01T08:07:37Z
2454,2020-06-29,566,576,563,565,12360207,twstock/twse,2026-07-01T08:07:37Z
2454,2020-06-30,569,579,568,579,9477547,twstock/twse,2026-07-01T08:07:37Z
2454,2020-07-01,590,594,575,577,7704668,twstock/twse,2026-07-01T08:07:37Z
2454,2020-07-02,577,582,573,574,6031098,twstock/twse,2026-07-01T08:07:37Z
2454,2020-07-03,575,587,575,585,8709502,twstock/twse,2026-07-01T08:07:37Z
2454,2020-07-06,587,589,580,589,7257983,twstock/twse,2026-07-01T08:07:37Z
2454,2020-07-07,598,632,595,618,19739242,twstock/twse,2026-07-01T08:07:37Z
2454,2020-07-08,629,674,625,661,23384399,twstock/twse,2026-07-01T08:07:37Z
2454,2020-07-09,661,663,640,651,17228954,twstock/twse,2026-07-01T08:07:37Z
2454,2020-07-10,641,647,616,616,17015547,twstock/twse,2026-07-01T08:07:37Z
2454,2020-07-13,626,639,618,629,10446840,twstock/twse,2026-07-01T08:07:37Z
2454,2020-07-14,627,628,610,611,9446920,twstock/twse,2026-07-01T08:07:37Z
2454,2020-07-15,612,618,598,609,14729162,twstock/twse,2026-07-01T08:07:37Z
2454,2020-07-16,601,612,599,599,7417218,twstock/twse,2026-07-01T08:07:37Z
2454,2020-07-17,598,608,596,607,8994459,twstock/twse,2026-07-01T08:07:37Z
2454,2020-07-20,609,611,590,601,9008151,twstock/twse,2026-07-01T08:07:37Z
2454,2020-07-21,612,643,612,637,15777808,twstock/twse,2026-07-01T08:07:37Z
2454,2020-07-22,659,670,651,664,17852109,twstock/twse,2026-07-01T08:07:37Z
2454,2020-07-23,658,687,653,677,17793987,twstock/twse,2026-07-01T08:07:37Z
2454,2020-07-24,677,703,670,675,24419901,twstock/twse,2026-07-01T08:07:37Z
2454,2020-07-27,695,737,691,728,21431219,twstock/twse,2026-07-01T08:07:37Z
2454,2020-07-28,741,763,680,680,36378539,twstock/twse,2026-07-01T08:07:37Z
2454,2020-07-29,683,694,667,682,14628939,twstock/twse,2026-07-01T08:07:37Z
2454,2020-07-30,686,694,670,683,13796896,twstock/twse,2026-07-01T08:07:37Z
2454,2020-07-31,678,707,670,701,15072563,twstock/twse,2026-07-01T08:07:37Z
2454,2020-08-03,743,743,695,696,25733096,twstock/twse,2026-07-01T08:07:37Z
2454,2020-08-04,703,732,700,732,19275303,twstock/twse,2026-07-01T08:07:37Z
2454,2020-08-05,735,739,722,730,13153226,twstock/twse,2026-07-01T08:07:37Z
2454,2020-08-06,736,753,730,732,12890678,twstock/twse,2026-07-01T08:07:37Z
2454,2020-08-07,730,736,704,705,14627882,twstock/twse,2026-07-01T08:07:37Z
2454,2020-08-10,696,714,696,706,11142754,twstock/twse,2026-07-01T08:07:37Z
2454,2020-08-11,698,708,691,693,9919208,twstock/twse,2026-07-01T08:07:37Z
2454,2020-08-12,684,690,674,680,11143131,twstock/twse,2026-07-01T08:07:37Z
2454,2020-08-13,700,702,671,684,11410405,twstock/twse,2026-07-01T08:07:37Z
2454,2020-08-14,670,683,670,680,9672925,twstock/twse,2026-07-01T08:07:37Z
2454,2020-08-17,684,689,677,685,6056362,twstock/twse,2026-07-01T08:07:37Z
2454,2020-08-18,617,642,617,617,42389663,twstock/twse,2026-07-01T08:07:37Z
2454,2020-08-19,618,626,605,609,23597107,twstock/twse,2026-07-01T08:07:37Z
2454,2020-08-20,603,611,551,565,34547307,twstock/twse,2026-07-01T08:07:37Z
2454,2020-08-21,583,606,581,604,21528784,twstock/twse,2026-07-01T08:07:37Z
2454,2020-08-24,599,600,583,585,14910954,twstock/twse,2026-07-01T08:07:37Z
2454,2020-08-25,592,594,584,589,9904789,twstock/twse,2026-07-01T08:07:37Z
2454,2020-08-26,585,586,573,578,10781130,twstock/twse,2026-07-01T08:07:37Z
2454,2020-08-27,583,586,555,558,15405596,twstock/twse,2026-07-01T08:07:37Z
2454,2020-08-28,558,575,553,574,13150295,twstock/twse,2026-07-01T08:07:37Z
2454,2020-08-31,580,583,552,556,17151699,twstock/twse,2026-07-01T08:07:37Z
2454,2020-09-01,559,577,553,576,11319355,twstock/twse,2026-07-01T08:07:37Z
2454,2020-09-02,605,609,590,596,18844801,twstock/twse,2026-07-01T08:07:37Z
2454,2020-09-03,614,615,598,603,13567883,twstock/twse,2026-07-01T08:07:37Z
2454,2020-09-04,589,610,582,603,13800424,twstock/twse,2026-07-01T08:07:37Z
2454,2020-09-07,608,613,593,598,7096189,twstock/twse,2026-07-01T08:07:37Z
2454,2020-09-08,602,614,598,604,6683057,twstock/twse,2026-07-01T08:07:37Z
2454,2020-09-09,594,599,586,595,10536718,twstock/twse,2026-07-01T08:07:37Z
2454,2020-09-10,601,607,598,599,7308603,twstock/twse,2026-07-01T08:07:37Z
2454,2020-09-11,598,603,586,595,7837495,twstock/twse,2026-07-01T08:07:37Z
2454,2020-09-14,596,610,589,609,8675428,twstock/twse,2026-07-01T08:07:37Z
2454,2020-09-15,609,614,603,611,8056558,twstock/twse,2026-07-01T08:07:37Z
2454,2020-09-16,618,628,616,617,10738991,twstock/twse,2026-07-01T08:07:37Z
2454,2020-09-17,610,611,593,599,12572944,twstock/twse,2026-07-01T08:07:37Z
2454,2020-09-18,599,611,591,611,11402876,twstock/twse,2026-07-01T08:07:37Z
2454,2020-09-21,614,624,610,616,8306351,twstock/twse,2026-07-01T08:07:37Z
2454,2020-09-22,614,615,602,603,7641728,twstock/twse,2026-07-01T08:07:37Z
2454,2020-09-23,609,619,609,617,6545842,twstock/twse,2026-07-01T08:07:37Z
2454,2020-09-24,606,616,600,600,8632965,twstock/twse,2026-07-01T08:07:37Z
2454,2020-09-25,605,608,581,585,9004337,twstock/twse,2026-07-01T08:07:37Z
2454,2020-09-28,583,607,581,603,8878900,twstock/twse,2026-07-01T08:07:37Z
2454,2020-09-29,606,614,606,610,6297334,twstock/twse,2026-07-01T08:07:37Z
2454,2020-09-30,615,618,607,607,6064893,twstock/twse,2026-07-01T08:07:37Z
2454,2020-10-05,614,617,610,611,5000804,twstock/twse,2026-07-01T08:07:37Z
2454,2020-10-06,618,619,612,615,3949603,twstock/twse,2026-07-01T08:07:37Z
2454,2020-10-07,617,658,613,647,17770203,twstock/twse,2026-07-01T08:07:37Z
2454,2020-10-08,660,677,650,670,15705367,twstock/twse,2026-07-01T08:07:37Z
2454,2020-10-12,710,722,699,714,22052450,twstock/twse,2026-07-01T08:07:37Z
2454,2020-10-13,712,712,693,699,7971165,twstock/twse,2026-07-01T08:07:37Z
2454,2020-10-14,692,698,687,689,6302855,twstock/twse,2026-07-01T08:07:37Z
2454,2020-10-15,693,707,689,689,7045919,twstock/twse,2026-07-01T08:07:37Z
2454,2020-10-16,689,695,680,680,5020630,twstock/twse,2026-07-01T08:07:37Z
2454,2020-10-19,683,695,683,692,3933553,twstock/twse,2026-07-01T08:07:37Z
2454,2020-10-20,688,697,683,697,4936501,twstock/twse,2026-07-01T08:07:37Z
2454,2020-10-21,704,710,687,691,5171741,twstock/twse,2026-07-01T08:07:37Z
2454,2020-10-22,688,696,685,688,5130155,twstock/twse,2026-07-01T08:07:37Z
2454,2020-10-23,689,694,678,678,4854113,twstock/twse,2026-07-01T08:07:37Z
2454,2020-10-26,680,686,672,674,4340545,twstock/twse,2026-07-01T08:07:37Z
2454,2020-10-27,674,688,672,685,6628379,twstock/twse,2026-07-01T08:07:37Z
2454,2020-10-28,685,689,675,681,6124573,twstock/twse,2026-07-01T08:07:37Z
2454,2020-10-29,670,687,666,684,4542886,twstock/twse,2026-07-01T08:07:37Z
2454,2020-10-30,678,682,670,678,6389520,twstock/twse,2026-07-01T08:07:37Z
2454,2020-11-02,690,690,650,653,14039866,twstock/twse,2026-07-01T08:07:37Z
2454,2020-11-03,661,676,660,665,8279509,twstock/twse,2026-07-01T08:07:37Z
2454,2020-11-04,671,685,661,677,9310114,twstock/twse,2026-07-01T08:07:37Z
2454,2020-11-05,685,696,679,696,11771407,twstock/twse,2026-07-01T08:07:37Z
2454,2020-11-06,701,704,692,700,7383559,twstock/twse,2026-07-01T08:07:37Z
2454,2020-11-09,710,714,693,702,6643292,twstock/twse,2026-07-01T08:07:37Z
2454,2020-11-10,702,702,681,686,6061984,twstock/twse,2026-07-01T08:07:37Z
2454,2020-11-11,662,682,662,676,8075443,twstock/twse,2026-07-01T08:07:37Z
2454,2020-11-12,677,683,671,673,4845993,twstock/twse,2026-07-01T08:07:37Z
2454,2020-11-13,671,677,667,675,4707048,twstock/twse,2026-07-01T08:07:37Z
2454,2020-11-16,685,695,681,694,6340597,twstock/twse,2026-07-01T08:07:37Z
2454,2020-11-17,701,703,691,696,6537087,twstock/twse,2026-07-01T08:07:37Z
2454,2020-11-18,702,728,701,728,21267800,twstock/twse,2026-07-01T08:07:37Z
2454,2020-11-19,732,738,727,733,9175800,twstock/twse,2026-07-01T08:07:37Z
2454,2020-11-20,732,754,723,747,11660336,twstock/twse,2026-07-01T08:07:37Z
2454,2020-11-23,754,758,738,743,7122453,twstock/twse,2026-07-01T08:07:37Z
2454,2020-11-24,752,752,734,742,5788982,twstock/twse,2026-07-01T08:07:37Z
2454,2020-11-25,746,748,724,724,7168939,twstock/twse,2026-07-01T08:07:37Z
2454,2020-11-26,733,737,725,730,3674272,twstock/twse,2026-07-01T08:07:37Z
2454,2020-11-27,725,731,721,725,3520339,twstock/twse,2026-07-01T08:07:37Z
2454,2020-11-30,711,718,703,704,14282872,twstock/twse,2026-07-01T08:07:37Z
2454,2020-12-01,700,708,693,697,8546033,twstock/twse,2026-07-01T08:07:37Z
2454,2020-12-02,706,717,695,712,8951519,twstock/twse,2026-07-01T08:07:37Z
2454,2020-12-03,715,715,698,700,7043862,twstock/twse,2026-07-01T08:07:37Z
2454,2020-12-04,700,707,696,705,5447920,twstock/twse,2026-07-01T08:07:37Z
2454,2020-12-07,705,708,695,704,5507847,twstock/twse,2026-07-01T08:07:37Z
2454,2020-12-08,703,731,702,730,10092358,twstock/twse,2026-07-01T08:07:37Z
2454,2020-12-09,735,746,730,734,7934850,twstock/twse,2026-07-01T08:07:37Z
2454,2020-12-10,730,730,706,709,7890093,twstock/twse,2026-07-01T08:07:37Z
2454,2020-12-11,720,722,701,707,7743157,twstock/twse,2026-07-01T08:07:37Z
2454,2020-12-14,706,710,699,702,3923653,twstock/twse,2026-07-01T08:07:37Z
2454,2020-12-15,702,706,696,701,5126489,twstock/twse,2026-07-01T08:07:37Z
2454,2020-12-16,711,714,701,701,6278334,twstock/twse,2026-07-01T08:07:37Z
2454,2020-12-17,703,711,699,704,6085006,twstock/twse,2026-07-01T08:07:37Z
2454,2020-12-18,704,708,699,699,4932935,twstock/twse,2026-07-01T08:07:37Z
2454,2020-12-21,698,708,689,708,5459098,twstock/twse,2026-07-01T08:07:37Z
2454,2020-12-22,708,722,703,703,6455645,twstock/twse,2026-07-01T08:07:37Z
2454,2020-12-23,708,722,705,720,5391073,twstock/twse,2026-07-01T08:07:37Z
2454,2020-12-24,724,725,714,714,3363422,twstock/twse,2026-07-01T08:07:37Z
2454,2020-12-25,720,722,712,715,2222300,twstock/twse,2026-07-01T08:07:37Z
2454,2020-12-28,724,741,723,740,10682986,twstock/twse,2026-07-01T08:07:37Z
2454,2020-12-29,741,746,734,734,4621472,twstock/twse,2026-07-01T08:07:37Z
2454,2020-12-30,740,746,735,746,5673669,twstock/twse,2026-07-01T08:07:37Z
2454,2020-12-31,747,753,742,747,4667590,twstock/twse,2026-07-01T08:07:37Z
2454,2021-01-04,755,798,752,792,14143143,twstock/twse,2026-07-01T08:07:37Z
2454,2021-01-05,796,804,775,797,9450974,twstock/twse,2026-07-01T08:07:37Z
2454,2021-01-06,802,814,785,792,9331483,twstock/twse,2026-07-01T08:07:37Z
2454,2021-01-07,794,808,785,799,7755897,twstock/twse,2026-07-01T08:07:37Z
2454,2021-01-08,810,844,802,838,13336420,twstock/twse,2026-07-01T08:07:37Z
2454,2021-01-11,843,856,835,851,8031597,twstock/twse,2026-07-01T08:07:37Z
2454,2021-01-12,857,868,842,846,10441036,twstock/twse,2026-07-01T08:07:37Z
2454,2021-01-13,855,899,850,884,16971279,twstock/twse,2026-07-01T08:07:37Z
2454,2021-01-14,872,881,854,861,11667769,twstock/twse,2026-07-01T08:07:37Z
2454,2021-01-15,878,882,842,850,9997448,twstock/twse,2026-07-01T08:07:37Z
2454,2021-01-18,850,851,817,844,9010949,twstock/twse,2026-07-01T08:07:37Z
2454,2021-01-19,861,880,854,879,8072808,twstock/twse,2026-07-01T08:07:37Z
2454,2021-01-20,885,898,870,872,11111720,twstock/twse,2026-07-01T08:07:37Z
2454,2021-01-21,890,935,888,934,17720132,twstock/twse,2026-07-01T08:07:37Z
2454,2021-01-22,914,946,908,917,16584582,twstock/twse,2026-07-01T08:07:37Z
2454,2021-01-25,917,925,891,910,9057069,twstock/twse,2026-07-01T08:07:37Z
2454,2021-01-26,914,922,871,871,10311306,twstock/twse,2026-07-01T08:07:37Z
2454,2021-01-27,881,905,871,897,11567263,twstock/twse,2026-07-01T08:07:37Z
2454,2021-01-28,866,880,863,869,18167308,twstock/twse,2026-07-01T08:07:37Z
2454,2021-01-29,889,903,875,875,18258898,twstock/twse,2026-07-01T08:07:37Z
2454,2021-02-01,886,909,875,905,13638526,twstock/twse,2026-07-01T08:07:37Z
2454,2021-02-02,925,952,920,931,14757663,twstock/twse,2026-07-01T08:07:37Z
2454,2021-02-03,947,959,942,950,11707296,twstock/twse,2026-07-01T08:07:37Z
2454,2021-02-04,933,953,915,946,13251920,twstock/twse,2026-07-01T08:07:37Z
2454,2021-02-05,955,987,950,950,15508268,twstock/twse,2026-07-01T08:07:37Z
2454,2021-02-17,1000,1010,971,980,11965819,twstock/twse,2026-07-01T08:07:37Z
2454,2021-02-18,980,987,968,978,6379963,twstock/twse,2026-07-01T08:07:37Z
2454,2021-02-19,971,975,953,964,7991437,twstock/twse,2026-07-01T08:07:37Z
2454,2021-02-22,972,980,951,951,7565200,twstock/twse,2026-07-01T08:07:37Z
2454,2021-02-23,945,968,932,965,8565124,twstock/twse,2026-07-01T08:07:37Z
2454,2021-02-24,948,967,940,940,8417401,twstock/twse,2026-07-01T08:07:37Z
2454,2021-02-25,950,955,930,944,8044929,twstock/twse,2026-07-01T08:07:37Z
2454,2021-02-26,923,931,896,896,15572480,twstock/twse,2026-07-01T08:07:37Z
2454,2021-03-02,920,939,900,900,14215554,twstock/twse,2026-07-01T08:07:37Z
2454,2021-03-03,915,930,895,930,9625941,twstock/twse,2026-07-01T08:07:37Z
2454,2021-03-04,919,919,895,897,12469716,twstock/twse,2026-07-01T08:07:37Z
2454,2021-03-05,877,892,870,883,10585927,twstock/twse,2026-07-01T08:07:37Z
2454,2021-03-08,901,909,866,867,9984494,twstock/twse,2026-07-01T08:07:37Z
2454,2021-03-09,860,885,854,879,9503232,twstock/twse,2026-07-01T08:07:37Z
2454,2021-03-10,890,892,860,864,9564427,twstock/twse,2026-07-01T08:07:37Z
2454,2021-03-11,869,895,865,888,9536535,twstock/twse,2026-07-01T08:07:37Z
2454,2021-03-12,900,915,892,899,8342109,twstock/twse,2026-07-01T08:07:37Z
2454,2021-03-15,900,914,900,907,6870767,twstock/twse,2026-07-01T08:07:37Z
2454,2021-03-16,917,919,906,919,6819333,twstock/twse,2026-07-01T08:07:37Z
2454,2021-03-17,924,925,902,908,6095656,twstock/twse,2026-07-01T08:07:37Z
2454,2021-03-18,914,920,903,903,4643748,twstock/twse,2026-07-01T08:07:37Z
2454,2021-03-19,895,896,880,885,7815136,twstock/twse,2026-07-01T08:07:37Z
2454,2021-03-22,880,891,872,881,7242365,twstock/twse,2026-07-01T08:07:37Z
2454,2021-03-23,890,892,870,870,8634587,twstock/twse,2026-07-01T08:07:37Z
2454,2021-03-24,872,895,866,894,7176317,twstock/twse,2026-07-01T08:07:37Z
2454,2021-03-25,904,950,896,949,16822913,twstock/twse,2026-07-01T08:07:37Z
2454,2021-03-26,951,955,930,943,11990455,twstock/twse,2026-07-01T08:07:37Z
2454,2021-03-29,953,970,941,941,9733633,twstock/twse,2026-07-01T08:07:37Z
2454,2021-03-30,958,977,941,971,12775101,twstock/twse,2026-07-01T08:07:37Z
2454,2021-03-31,972,984,960,969,9308335,twstock/twse,2026-07-01T08:07:37Z
2454,2021-04-01,978,985,961,961,5773029,twstock/twse,2026-07-01T08:07:37Z
2454,2021-04-06,985,1010,984,995,12518802,twstock/twse,2026-07-01T08:07:37Z
2454,2021-04-07,1005,1010,988,998,5555761,twstock/twse,2026-07-01T08:07:37Z
2454,2021-04-08,988,1030,985,1020,8167263,twstock/twse,2026-07-01T08:07:37Z
2454,2021-04-09,1025,1030,999,999,6835494,twstock/twse,2026-07-01T08:07:37Z
2454,2021-04-12,997,1005,956,960,10591483,twstock/twse,2026-07-01T08:07:37Z
2454,2021-04-13,973,984,952,961,9936111,twstock/twse,2026-07-01T08:07:37Z
2454,2021-04-14,965,969,935,965,8837949,twstock/twse,2026-07-01T08:07:37Z
2454,2021-04-15,971,985,957,985,6003442,twstock/twse,2026-07-01T08:07:37Z
2454,2021-04-16,990,990,967,975,6494451,twstock/twse,2026-07-01T08:07:37Z
2454,2021-04-19,985,985,962,963,4616211,twstock/twse,2026-07-01T08:07:37Z
2454,2021-04-20,966,1010,963,998,11068834,twstock/twse,2026-07-01T08:07:37Z
2454,2021-04-21,1010,1010,983,988,6767197,twstock/twse,2026-07-01T08:07:37Z
2454,2021-04-22,999,1010,984,984,6178019,twstock/twse,2026-07-01T08:07:37Z
2454,2021-04-23,980,1035,980,1035,11303072,twstock/twse,2026-07-01T08:07:37Z
2454,2021-04-26,1070,1090,1030,1070,11479738,twstock/twse,2026-07-01T08:07:37Z
2454,2021-04-27,1075,1100,1055,1065,8769643,twstock/twse,2026-07-01T08:07:37Z
2454,2021-04-28,1075,1090,1055,1080,9050437,twstock/twse,2026-07-01T08:07:37Z
2454,2021-04-29,1185,1185,1185,1185,6567928,twstock/twse,2026-07-01T08:07:37Z
2454,2021-05-03,1175,1175,1080,1105,26691326,twstock/twse,2026-07-01T08:07:37Z
2454,2021-05-04,1100,1105,1025,1085,18231506,twstock/twse,2026-07-01T08:07:37Z
2454,2021-05-05,1090,1100,999,1005,14706523,twstock/twse,2026-07-01T08:07:37Z
2454,2021-05-06,1030,1065,1000,1055,14707057,twstock/twse,2026-07-01T08:07:37Z
2454,2021-05-07,1055,1065,1020,1060,10404016,twstock/twse,2026-07-01T08:07:37Z
2454,2021-05-10,1015,1025,979,979,19770327,twstock/twse,2026-07-01T08:07:37Z
2454,2021-05-11,901,937,898,911,25311449,twstock/twse,2026-07-01T08:07:37Z
2454,2021-05-12,900,919,821,888,31743355,twstock/twse,2026-07-01T08:07:37Z
2454,2021-05-13,886,905,861,873,16914988,twstock/twse,2026-07-01T08:07:37Z
2454,2021-05-14,894,920,888,895,11955062,twstock/twse,2026-07-01T08:07:37Z
2454,2021-05-17,880,937,869,914,16387825,twstock/twse,2026-07-01T08:07:37Z
2454,2021-05-18,940,994,920,994,16451932,twstock/twse,2026-07-01T08:07:37Z
2454,2021-05-19,983,992,943,943,12726405,twstock/twse,2026-07-01T08:07:37Z
2454,2021-05-20,938,949,926,930,11288732,twstock/twse,2026-07-01T08:07:37Z
2454,2021-05-21,961,973,936,955,13888295,twstock/twse,2026-07-01T08:07:37Z
2454,2021-05-24,950,959,938,943,6117441,twstock/twse,2026-07-01T08:07:37Z
2454,2021-05-25,955,969,947,952,8851143,twstock/twse,2026-07-01T08:07:37Z
2454,2021-05-26,960,968,947,951,5897428,twstock/twse,2026-07-01T08:07:37Z
2454,2021-05-27,945,952,931,935,9408341,twstock/twse,2026-07-01T08:07:37Z
2454,2021-05-28,950,968,938,961,7683008,twstock/twse,2026-07-01T08:07:37Z
2454,2021-05-31,971,1010,959,995,9735550,twstock/twse,2026-07-01T08:07:37Z
2454,2021-06-01,1005,1015,976,977,7359973,twstock/twse,2026-07-01T08:07:37Z
2454,2021-06-02,981,988,957,959,7280733,twstock/twse,2026-07-01T08:07:37Z
2454,2021-06-03,968,984,965,981,5997351,twstock/twse,2026-07-01T08:07:37Z
2454,2021-06-04,971,977,966,977,4084872,twstock/twse,2026-07-01T08:07:37Z
2454,2021-06-07,971,976,948,973,5423299,twstock/twse,2026-07-01T08:07:37Z
2454,2021-06-08,975,977,966,966,3584585,twstock/twse,2026-07-01T08:07:37Z
2454,2021-06-09,963,984,963,967,3982070,twstock/twse,2026-07-01T08:07:37Z
2454,2021-06-10,980,1005,977,998,9223103,twstock/twse,2026-07-01T08:07:37Z
2454,2021-06-11,1005,1010,980,980,6101450,twstock/twse,2026-07-01T08:07:37Z
2454,2021-06-15,992,1005,985,989,5500801,twstock/twse,2026-07-01T08:07:37Z
2454,2021-06-16,995,995,981,985,5172619,twstock/twse,2026-07-01T08:07:37Z
2454,2021-06-17,978,979,968,978,6313231,twstock/twse,2026-07-01T08:07:37Z
2454,2021-06-18,980,990,965,965,6077649,twstock/twse,2026-07-01T08:07:37Z
2454,2021-06-21,960,961,918,918,11806041,twstock/twse,2026-07-01T08:07:37Z
2454,2021-06-22,902,916,890,903,14408209,twstock/twse,2026-07-01T08:07:37Z
2454,2021-06-23,903,941,898,941,8988863,twstock/twse,2026-07-01T08:07:37Z
2454,2021-06-24,945,947,927,929,3582547,twstock/twse,2026-07-01T08:07:37Z
2454,2021-06-25,940,952,927,927,5050278,twstock/twse,2026-07-01T08:07:37Z
2454,2021-06-28,929,935,922,935,3891044,twstock/twse,2026-07-01T08:07:37Z
2454,2021-06-29,942,949,935,935,5525324,twstock/twse,2026-07-01T08:07:37Z
2454,2021-06-30,945,978,943,962,10667882,twstock/twse,2026-07-01T08:07:37Z
2454,2021-07-01,971,976,948,955,5621060,twstock/twse,2026-07-01T08:07:37Z
2454,2021-07-02,963,964,953,957,4790985,twstock/twse,2026-07-01T08:07:37Z
2454,2021-07-05,960,975,957,957,7532324,twstock/twse,2026-07-01T08:07:37Z
2454,2021-07-06,937,940,920,922,7187618,twstock/twse,2026-07-01T08:07:37Z
2454,2021-07-07,926,928,917,917,5379862,twstock/twse,2026-07-01T08:07:37Z
2454,2021-07-08,920,929,914,920,6530700,twstock/twse,2026-07-01T08:07:37Z
2454,2021-07-09,915,929,911,919,5186052,twstock/twse,2026-07-01T08:07:37Z
2454,2021-07-12,940,941,930,935,5706017,twstock/twse,2026-07-01T08:07:37Z
2454,2021-07-13,940,944,926,926,7219531,twstock/twse,2026-07-01T08:07:37Z
2454,2021-07-14,929,938,925,930,3410706,twstock/twse,2026-07-01T08:07:37Z
2454,2021-07-15,935,952,930,951,7490469,twstock/twse,2026-07-01T08:07:37Z
2454,2021-07-16,948,960,941,957,6055983,twstock/twse,2026-07-01T08:07:37Z
2454,2021-07-19,941,945,915,919,7197515,twstock/twse,2026-07-01T08:07:37Z
2454,2021-07-20,917,928,915,920,3177142,twstock/twse,2026-07-01T08:07:37Z
2454,2021-07-21,926,931,906,912,5054585,twstock/twse,2026-07-01T08:07:37Z
2454,2021-07-22,915,931,915,919,4257367,twstock/twse,2026-07-01T08:07:37Z
2454,2021-07-23,932,934,924,933,4544769,twstock/twse,2026-07-01T08:07:37Z
2454,2021-07-26,940,940,920,923,5040016,twstock/twse,2026-07-01T08:07:37Z
2454,2021-07-27,928,948,924,938,8669067,twstock/twse,2026-07-01T08:07:37Z
2454,2021-07-28,931,932,887,890,17046717,twstock/twse,2026-07-01T08:07:37Z
2454,2021-07-29,915,935,903,933,10421629,twstock/twse,2026-07-01T08:07:37Z
2454,2021-07-30,935,937,907,910,6139039,twstock/twse,2026-07-01T08:07:37Z
2454,2021-08-02,924,934,920,934,4122769,twstock/twse,2026-07-01T08:07:37Z
2454,2021-08-03,948,948,930,938,3168619,twstock/twse,2026-07-01T08:07:37Z
2454,2021-08-04,948,953,941,950,6227344,twstock/twse,2026-07-01T08:07:37Z
2454,2021-08-05,960,964,952,961,7656801,twstock/twse,2026-07-01T08:07:37Z
2454,2021-08-06,956,957,935,936,3869980,twstock/twse,2026-07-01T08:07:37Z
2454,2021-08-09,928,928,911,921,4439039,twstock/twse,2026-07-01T08:07:37Z
2454,2021-08-10,930,930,916,922,2513902,twstock/twse,2026-07-01T08:07:37Z
2454,2021-08-11,913,916,906,910,4585315,twstock/twse,2026-07-01T08:07:37Z
2454,2021-08-12,923,923,901,904,4309333,twstock/twse,2026-07-01T08:07:37Z
2454,2021-08-13,909,916,901,910,5316640,twstock/twse,2026-07-01T08:07:37Z
2454,2021-08-16,910,918,900,901,3748871,twstock/twse,2026-07-01T08:07:37Z
2454,2021-08-17,903,905,880,880,5619978,twstock/twse,2026-07-01T08:07:37Z
2454,2021-08-18,870,912,865,912,6112567,twstock/twse,2026-07-01T08:07:37Z
2454,2021-08-19,908,914,882,888,5605024,twstock/twse,2026-07-01T08:07:37Z
2454,2021-08-20,899,904,870,873,5568161,twstock/twse,2026-07-01T08:07:37Z
2454,2021-08-23,882,915,882,911,5355550,twstock/twse,2026-07-01T08:07:37Z
2454,2021-08-24,920,920,903,909,3669517,twstock/twse,2026-07-01T08:07:37Z
2454,2021-08-25,915,915,900,911,4529009,twstock/twse,2026-07-01T08:07:37Z
2454,2021-08-26,906,907,870,888,9982776,twstock/twse,2026-07-01T08:07:37Z
2454,2021-08-27,873,896,873,896,5541636,twstock/twse,2026-07-01T08:07:37Z
2454,2021-08-30,902,912,898,912,4321735,twstock/twse,2026-07-01T08:07:37Z
2454,2021-08-31,917,917,885,901,7759596,twstock/twse,2026-07-01T08:07:37Z
2454,2021-09-01,917,930,906,927,9426404,twstock/twse,2026-07-01T08:07:37Z
2454,2021-09-02,930,945,927,933,5835912,twstock/twse,2026-07-01T08:07:37Z
2454,2021-09-03,938,938,917,919,5982064,twstock/twse,2026-07-01T08:07:37Z
2454,2021-09-06,907,917,895,896,8507094,twstock/twse,2026-07-01T08:07:37Z
2454,2021-09-07,901,907,897,903,3756993,twstock/twse,2026-07-01T08:07:37Z
2454,2021-09-08,899,914,895,912,5405988,twstock/twse,2026-07-01T08:07:37Z
2454,2021-09-09,903,908,898,901,6326324,twstock/twse,2026-07-01T08:07:37Z
2454,2021-09-10,903,925,902,925,4863848,twstock/twse,2026-07-01T08:07:37Z
2454,2021-09-13,918,932,918,927,3014460,twstock/twse,2026-07-01T08:07:37Z
2454,2021-09-14,932,949,932,947,8536498,twstock/twse,2026-07-01T08:07:37Z
2454,2021-09-15,943,945,928,935,5483694,twstock/twse,2026-07-01T08:07:37Z
2454,2021-09-16,930,936,926,936,4041855,twstock/twse,2026-07-01T08:07:37Z
2454,2021-09-17,940,952,936,940,7362257,twstock/twse,2026-07-01T08:07:37Z
2454,2021-09-22,918,925,900,911,8480705,twstock/twse,2026-07-01T08:07:37Z
2454,2021-09-23,919,921,905,915,5320705,twstock/twse,2026-07-01T08:07:37Z
2454,2021-09-24,918,923,912,920,4848703,twstock/twse,2026-07-01T08:07:37Z
2454,2021-09-27,921,959,921,959,11010430,twstock/twse,2026-07-01T08:07:37Z
2454,2021-09-28,959,969,945,957,7353868,twstock/twse,2026-07-01T08:07:37Z
2454,2021-09-29,940,943,913,913,8807094,twstock/twse,2026-07-01T08:07:37Z
2454,2021-09-30,913,915,896,905,8747603,twstock/twse,2026-07-01T08:07:37Z
2454,2021-10-01,905,905,882,885,6601268,twstock/twse,2026-07-01T08:07:37Z
2454,2021-10-04,892,899,878,892,4625996,twstock/twse,2026-07-01T08:07:37Z
2454,2021-10-05,872,878,855,867,9075762,twstock/twse,2026-07-01T08:07:37Z
2454,2021-10-06,875,890,871,871,5437206,twstock/twse,2026-07-01T08:07:37Z
2454,2021-10-07,885,914,883,911,7536884,twstock/twse,2026-07-01T08:07:37Z
2454,2021-10-08,919,925,906,910,4815175,twstock/twse,2026-07-01T08:07:37Z
2454,2021-10-12,907,908,885,887,9179159,twstock/twse,2026-07-01T08:07:37Z
2454,2021-10-13,891,893,862,862,5792133,twstock/twse,2026-07-01T08:07:37Z
2454,2021-10-14,870,873,839,840,8950553,twstock/twse,2026-07-01T08:07:37Z
2454,2021-10-15,853,859,847,857,6522822,twstock/twse,2026-07-01T08:07:37Z
2454,2021-10-18,862,878,860,867,6064288,twstock/twse,2026-07-01T08:07:37Z
2454,2021-10-19,877,900,872,898,6912775,twstock/twse,2026-07-01T08:07:37Z
2454,2021-10-20,910,918,901,901,4559291,twstock/twse,2026-07-01T08:07:37Z
2454,2021-10-21,912,924,903,913,6120161,twstock/twse,2026-07-01T08:07:37Z
2454,2021-10-22,913,926,906,926,4750886,twstock/twse,2026-07-01T08:07:37Z
2454,2021-10-25,928,944,916,938,5842189,twstock/twse,2026-07-01T08:07:37Z
2454,2021-10-26,951,952,940,946,6475143,twstock/twse,2026-07-01T08:07:37Z
2454,2021-10-27,949,958,932,942,8154279,twstock/twse,2026-07-01T08:07:37Z
2454,2021-10-28,942,947,927,936,3849136,twstock/twse,2026-07-01T08:07:37Z
2454,2021-10-29,938,939,913,913,5549918,twstock/twse,2026-07-01T08:07:37Z
2454,2021-11-01,925,930,917,922,2963703,twstock/twse,2026-07-01T08:07:37Z
2454,2021-11-02,929,934,919,928,2965080,twstock/twse,2026-07-01T08:07:37Z
2454,2021-11-03,934,939,929,932,3089194,twstock/twse,2026-07-01T08:07:37Z
2454,2021-11-04,945,945,926,928,3142300,twstock/twse,2026-07-01T08:07:37Z
2454,2021-11-05,939,940,927,940,3922770,twstock/twse,2026-07-01T08:07:37Z
2454,2021-11-08,947,983,944,980,10948581,twstock/twse,2026-07-01T08:07:37Z
2454,2021-11-09,1000,1000,976,978,7326160,twstock/twse,2026-07-01T08:07:37Z
2454,2021-11-10,972,978,958,958,3607273,twstock/twse,2026-07-01T08:07:37Z
2454,2021-11-11,936,960,936,954,3976455,twstock/twse,2026-07-01T08:07:37Z
2454,2021-11-12,964,988,956,983,4506624,twstock/twse,2026-07-01T08:07:37Z
2454,2021-11-15,1010,1035,1000,1025,11863385,twstock/twse,2026-07-01T08:07:37Z
2454,2021-11-16,1025,1045,1010,1035,5968762,twstock/twse,2026-07-01T08:07:37Z
2454,2021-11-17,1060,1075,1020,1030,7313793,twstock/twse,2026-07-01T08:07:37Z
2454,2021-11-18,1060,1100,1050,1085,13199272,twstock/twse,2026-07-01T08:07:37Z
2454,2021-11-19,1115,1120,1060,1090,10562661,twstock/twse,2026-07-01T08:07:37Z
2454,2021-11-22,1100,1110,1080,1080,5357065,twstock/twse,2026-07-01T08:07:37Z
2454,2021-11-23,1070,1090,1050,1055,6209563,twstock/twse,2026-07-01T08:07:37Z
2454,2021-11-24,1045,1060,1025,1040,4303829,twstock/twse,2026-07-01T08:07:37Z
2454,2021-11-25,1045,1055,1020,1035,3042360,twstock/twse,2026-07-01T08:07:37Z
2454,2021-11-26,1020,1025,996,1005,4570424,twstock/twse,2026-07-01T08:07:37Z
2454,2021-11-29,998,1030,991,1030,3878731,twstock/twse,2026-07-01T08:07:37Z
2454,2021-11-30,1050,1060,1010,1010,8407302,twstock/twse,2026-07-01T08:07:37Z
2454,2021-12-01,1020,1070,1010,1065,6547926,twstock/twse,2026-07-01T08:07:37Z
2454,2021-12-02,1045,1085,1040,1080,7194120,twstock/twse,2026-07-01T08:07:37Z
2454,2021-12-03,1080,1090,1055,1060,4782312,twstock/twse,2026-07-01T08:07:37Z
2454,2021-12-06,1060,1085,1040,1085,4650774,twstock/twse,2026-07-01T08:07:37Z
2454,2021-12-07,1060,1080,1050,1065,6286966,twstock/twse,2026-07-01T08:07:37Z
2454,2021-12-08,1085,1110,1080,1095,7553331,twstock/twse,2026-07-01T08:07:37Z
2454,2021-12-09,1095,1100,1075,1085,3406357,twstock/twse,2026-07-01T08:07:37Z
2454,2021-12-10,1075,1085,1065,1075,3190902,twstock/twse,2026-07-01T08:07:37Z
2454,2021-12-13,1070,1095,1070,1075,3450664,twstock/twse,2026-07-01T08:07:37Z
2454,2021-12-14,1070,1075,1050,1070,4197956,twstock/twse,2026-07-01T08:07:37Z
2454,2021-12-15,1065,1075,1045,1060,3025297,twstock/twse,2026-07-01T08:07:37Z
2454,2021-12-16,1085,1090,1075,1090,3900955,twstock/twse,2026-07-01T08:07:37Z
2454,2021-12-17,1075,1095,1070,1075,5577386,twstock/twse,2026-07-01T08:07:37Z
2454,2021-12-20,1070,1075,1055,1055,3333615,twstock/twse,2026-07-01T08:07:37Z
2454,2021-12-21,1110,1110,1070,1090,4476757,twstock/twse,2026-07-01T08:07:37Z
2454,2021-12-22,1095,1095,1080,1085,1375244,twstock/twse,2026-07-01T08:07:37Z
2454,2021-12-23,1090,1105,1085,1095,2771095,twstock/twse,2026-07-01T08:07:37Z
2454,2021-12-24,1100,1130,1095,1120,5416247,twstock/twse,2026-07-01T08:07:37Z
2454,2021-12-27,1125,1185,1120,1145,8596153,twstock/twse,2026-07-01T08:07:37Z
2454,2021-12-28,1160,1180,1155,1175,5042669,twstock/twse,2026-07-01T08:07:37Z
2454,2021-12-29,1180,1200,1170,1185,5160937,twstock/twse,2026-07-01T08:07:37Z
2454,2021-12-30,1200,1200,1175,1190,3858894,twstock/twse,2026-07-01T08:07:37Z
2454,2022-02-07,1130,1130,1075,1100,18948207,twstock/twse,2026-07-01T08:07:37Z
2454,2022-02-08,1125,1125,1090,1095,9138912,twstock/twse,2026-07-01T08:07:37Z
2454,2022-02-09,1125,1135,1095,1130,8215520,twstock/twse,2026-07-01T08:07:37Z
2454,2022-02-10,1140,1165,1125,1160,8726429,twstock/twse,2026-07-01T08:07:37Z
2454,2022-02-11,1150,1170,1145,1150,5058227,twstock/twse,2026-07-01T08:07:37Z
2454,2022-02-14,1120,1125,1100,1105,5789679,twstock/twse,2026-07-01T08:07:37Z
2454,2022-02-15,1110,1120,1090,1100,3322875,twstock/twse,2026-07-01T08:07:37Z
2454,2022-02-16,1130,1130,1115,1130,2940602,twstock/twse,2026-07-01T08:07:37Z
2454,2022-02-17,1130,1135,1120,1130,3047582,twstock/twse,2026-07-01T08:07:37Z
2454,2022-02-18,1115,1125,1105,1120,2777044,twstock/twse,2026-07-01T08:07:37Z
2454,2022-02-21,1115,1135,1110,1130,3249940,twstock/twse,2026-07-01T08:07:37Z
2454,2022-02-22,1115,1120,1090,1110,4981430,twstock/twse,2026-07-01T08:07:37Z
2454,2022-02-23,1110,1120,1100,1120,3590396,twstock/twse,2026-07-01T08:07:37Z
2454,2022-02-24,1095,1105,1055,1060,8155250,twstock/twse,2026-07-01T08:07:37Z
2454,2022-02-25,1075,1095,1060,1085,7392515,twstock/twse,2026-07-01T08:07:37Z
2454,2022-03-01,1105,1120,1095,1100,5544370,twstock/twse,2026-07-01T08:07:37Z
2454,2022-03-02,1105,1105,1070,1080,3703428,twstock/twse,2026-07-01T08:07:37Z
2454,2022-03-03,1085,1100,1065,1080,3873104,twstock/twse,2026-07-01T08:07:37Z
2454,2022-03-04,1060,1060,1025,1025,6621209,twstock/twse,2026-07-01T08:07:37Z
2454,2022-03-07,985,995,970,972,11348964,twstock/twse,2026-07-01T08:07:37Z
2454,2022-03-08,945,986,943,963,7471419,twstock/twse,2026-07-01T08:07:37Z
2454,2022-03-09,971,976,956,966,6282516,twstock/twse,2026-07-01T08:07:37Z
2454,2022-03-10,990,1005,982,995,5992358,twstock/twse,2026-07-01T08:07:37Z
2454,2022-03-11,1000,1000,961,963,6396559,twstock/twse,2026-07-01T08:07:37Z
2454,2022-03-14,973,975,934,944,8927797,twstock/twse,2026-07-01T08:07:37Z
2454,2022-03-15,933,935,901,904,10994846,twstock/twse,2026-07-01T08:07:37Z
2454,2022-03-16,930,931,900,907,7790859,twstock/twse,2026-07-01T08:07:37Z
2454,2022-03-17,951,978,949,968,9926344,twstock/twse,2026-07-01T08:07:37Z
2454,2022-03-18,971,974,955,969,7194385,twstock/twse,2026-07-01T08:07:37Z
2454,2022-03-21,985,985,977,978,4146781,twstock/twse,2026-07-01T08:07:37Z
2454,2022-03-22,971,980,967,975,3993632,twstock/twse,2026-07-01T08:07:37Z
2454,2022-03-23,988,995,976,977,4955261,twstock/twse,2026-07-01T08:07:37Z
2454,2022-03-24,978,978,967,972,4765504,twstock/twse,2026-07-01T08:07:37Z
2454,2022-03-25,975,976,965,971,5031201,twstock/twse,2026-07-01T08:07:37Z
2454,2022-03-28,950,964,946,964,2814908,twstock/twse,2026-07-01T08:07:37Z
2454,2022-03-29,931,951,903,912,14174826,twstock/twse,2026-07-01T08:07:37Z
2454,2022-03-30,912,923,903,915,11786348,twstock/twse,2026-07-01T08:07:37Z
2454,2022-03-31,900,919,900,905,8830610,twstock/twse,2026-07-01T08:07:37Z
2454,2022-04-01,900,904,893,900,11812480,twstock/twse,2026-07-01T08:07:37Z
2454,2022-04-06,858,883,855,882,14330964,twstock/twse,2026-07-01T08:07:37Z
2454,2022-04-07,858,872,850,850,19182221,twstock/twse,2026-07-01T08:07:37Z
2454,2022-04-08,851,859,834,840,14333839,twstock/twse,2026-07-01T08:07:37Z
2454,2022-04-11,839,847,832,836,6422208,twstock/twse,2026-07-01T08:07:37Z
2454,2022-04-12,840,848,830,842,8125095,twstock/twse,2026-07-01T08:07:37Z
2454,2022-04-13,849,882,847,880,10355160,twstock/twse,2026-07-01T08:07:37Z
2454,2022-04-14,874,874,861,861,6810310,twstock/twse,2026-07-01T08:07:37Z
2454,2022-04-15,851,852,831,832,7666989,twstock/twse,2026-07-01T08:07:37Z
2454,2022-04-18,827,844,827,833,4094460,twstock/twse,2026-07-01T08:07:37Z
2454,2022-04-19,855,862,838,838,6379783,twstock/twse,2026-07-01T08:07:37Z
2454,2022-04-20,847,856,841,856,5567216,twstock/twse,2026-07-01T08:07:37Z
2454,2022-04-21,854,872,850,868,5096585,twstock/twse,2026-07-01T08:07:37Z
2454,2022-04-22,848,857,846,854,6109863,twstock/twse,2026-07-01T08:07:37Z
2454,2022-04-25,833,838,831,837,6665153,twstock/twse,2026-07-01T08:07:37Z
2454,2022-04-26,833,837,825,833,7337645,twstock/twse,2026-07-01T08:07:37Z
2454,2022-04-27,806,816,797,808,8869795,twstock/twse,2026-07-01T08:07:37Z
2454,2022-04-28,835,853,821,828,13045549,twstock/twse,2026-07-01T08:07:37Z
2454,2022-04-29,850,850,830,830,6766620,twstock/twse,2026-07-01T08:07:37Z
2454,2022-05-03,830,833,808,820,8551333,twstock/twse,2026-07-01T08:07:37Z
2454,2022-05-04,829,835,825,829,3612614,twstock/twse,2026-07-01T08:07:37Z
2454,2022-05-05,843,848,837,841,7049410,twstock/twse,2026-07-01T08:07:37Z
2454,2022-05-06,809,834,808,834,5758127,twstock/twse,2026-07-01T08:07:37Z
2454,2022-05-09,821,827,813,813,3222122,twstock/twse,2026-07-01T08:07:37Z
2454,2022-05-10,801,824,801,820,6325340,twstock/twse,2026-07-01T08:07:37Z
2454,2022-05-11,814,831,813,829,3922273,twstock/twse,2026-07-01T08:07:37Z
2454,2022-05-12,828,835,820,820,4176731,twstock/twse,2026-07-01T08:07:37Z
2454,2022-05-13,831,845,828,843,4717939,twstock/twse,2026-07-01T08:07:37Z
2454,2022-05-16,849,858,825,825,5271200,twstock/twse,2026-07-01T08:07:37Z
2454,2022-05-17,838,847,830,841,4072755,twstock/twse,2026-07-01T08:07:37Z
2454,2022-05-18,854,855,845,855,5519119,twstock/twse,2026-07-01T08:07:37Z
2454,2022-05-19,839,847,835,845,5322227,twstock/twse,2026-07-01T08:07:37Z
2454,2022-05-20,841,850,836,846,3553014,twstock/twse,2026-07-01T08:07:37Z
2454,2022-05-23,854,857,843,843,3264401,twstock/twse,2026-07-01T08:07:37Z
2454,2022-05-24,848,848,830,830,2984755,twstock/twse,2026-07-01T08:07:37Z
2454,2022-05-25,833,848,826,843,3361816,twstock/twse,2026-07-01T08:07:37Z
2454,2022-05-26,849,849,832,833,3510535,twstock/twse,2026-07-01T08:07:37Z
2454,2022-05-27,842,852,838,851,3370246,twstock/twse,2026-07-01T08:07:37Z
2454,2022-05-30,865,878,864,878,5414530,twstock/twse,2026-07-01T08:07:37Z
2454,2022-05-31,876,905,867,905,10757306,twstock/twse,2026-07-01T08:07:37Z
2454,2022-06-01,903,912,896,905,5422330,twstock/twse,2026-07-01T08:07:37Z
2454,2022-06-02,899,906,897,898,3955773,twstock/twse,2026-07-01T08:07:37Z
2454,2022-06-06,896,912,890,905,5946507,twstock/twse,2026-07-01T08:07:37Z
2454,2022-06-07,900,901,890,890,5947743,twstock/twse,2026-07-01T08:07:37Z
2454,2022-06-08,903,933,900,930,10728702,twstock/twse,2026-07-01T08:07:37Z
2454,2022-06-09,927,935,920,924,5984203,twstock/twse,2026-07-01T08:07:37Z
2454,2022-06-10,915,934,914,930,5318503,twstock/twse,2026-07-01T08:07:37Z
2454,2022-06-13,902,907,885,887,9022930,twstock/twse,2026-07-01T08:07:37Z
2454,2022-06-14,870,882,866,880,6584136,twstock/twse,2026-07-01T08:07:37Z
2454,2022-06-15,880,893,878,884,5067404,twstock/twse,2026-07-01T08:07:37Z
2454,2022-06-16,906,908,869,873,5021856,twstock/twse,2026-07-01T08:07:37Z
2454,2022-06-17,847,856,831,831,13752224,twstock/twse,2026-07-01T08:07:37Z
2454,2022-06-20,838,852,832,840,7147473,twstock/twse,2026-07-01T08:07:37Z
2454,2022-06-21,861,868,847,868,7646638,twstock/twse,2026-07-01T08:07:37Z
2454,2022-06-22,848,852,805,807,15085390,twstock/twse,2026-07-01T08:07:37Z
2454,2022-06-23,731,740,679,689,32333439,twstock/twse,2026-07-01T08:07:37Z
2454,2022-06-24,682,696,669,670,15415332,twstock/twse,2026-07-01T08:07:37Z
2454,2022-06-27,685,695,678,678,13100554,twstock/twse,2026-07-01T08:07:37Z
2454,2022-06-28,670,678,646,651,16972052,twstock/twse,2026-07-01T08:07:37Z
2454,2022-06-29,644,668,640,661,14778786,twstock/twse,2026-07-01T08:07:37Z
2454,2022-06-30,655,662,647,651,10036830,twstock/twse,2026-07-01T08:07:37Z
2454,2022-07-01,652,655,610,612,10444271,twstock/twse,2026-07-01T08:07:37Z
2454,2022-07-04,609,623,606,611,9444092,twstock/twse,2026-07-01T08:07:37Z
2454,2022-07-05,624,630,597,615,9082053,twstock/twse,2026-07-01T08:07:37Z
2454,2022-07-06,617,619,603,605,7751766,twstock/twse,2026-07-01T08:07:37Z
2454,2022-07-07,612,638,606,636,8855162,twstock/twse,2026-07-01T08:07:37Z
2454,2022-07-08,650,657,642,651,9192119,twstock/twse,2026-07-01T08:07:37Z
2454,2022-07-11,655,656,635,637,5167336,twstock/twse,2026-07-01T08:07:37Z
2454,2022-07-12,628,629,608,614,7529559,twstock/twse,2026-07-01T08:07:37Z
2454,2022-07-13,650,652,631,634,6699944,twstock/twse,2026-07-01T08:07:37Z
2454,2022-07-14,629,652,625,646,5577460,twstock/twse,2026-07-01T08:07:37Z
2454,2022-07-15,646,652,638,648,7813312,twstock/twse,2026-07-01T08:07:37Z
2454,2022-07-18,652,673,650,661,7954940,twstock/twse,2026-07-01T08:07:37Z
2454,2022-07-19,658,667,655,662,4731512,twstock/twse,2026-07-01T08:07:37Z
2454,2022-07-20,680,687,667,671,8248076,twstock/twse,2026-07-01T08:07:37Z
2454,2022-07-21,681,716,678,716,12111113,twstock/twse,2026-07-01T08:07:37Z
2454,2022-07-22,718,721,701,705,8431314,twstock/twse,2026-07-01T08:07:37Z
2454,2022-07-25,695,698,687,688,6110219,twstock/twse,2026-07-01T08:07:37Z
2454,2022-07-26,679,696,675,681,5427846,twstock/twse,2026-07-01T08:07:37Z
2454,2022-07-27,661,677,660,677,6722762,twstock/twse,2026-07-01T08:07:37Z
2454,2022-07-28,693,693,678,682,4804152,twstock/twse,2026-07-01T08:07:37Z
2454,2022-07-29,690,702,676,683,7074682,twstock/twse,2026-07-01T08:07:37Z
2454,2022-08-01,684,696,674,694,6498892,twstock/twse,2026-07-01T08:07:37Z
2454,2022-08-02,679,690,672,683,6232318,twstock/twse,2026-07-01T08:07:37Z
2454,2022-08-03,685,689,678,686,3594609,twstock/twse,2026-07-01T08:07:37Z
2454,2022-08-04,689,692,680,684,3502217,twstock/twse,2026-07-01T08:07:37Z
2454,2022-08-05,700,717,698,717,7340789,twstock/twse,2026-07-01T08:07:37Z
2454,2022-08-08,713,720,706,709,5124852,twstock/twse,2026-07-01T08:07:37Z
2454,2022-08-09,702,706,690,694,5387167,twstock/twse,2026-07-01T08:07:37Z
2454,2022-08-10,677,680,668,668,6662101,twstock/twse,2026-07-01T08:07:37Z
2454,2022-08-11,670,676,663,670,9463374,twstock/twse,2026-07-01T08:07:37Z
2454,2022-08-12,674,684,670,684,4506950,twstock/twse,2026-07-01T08:07:37Z
2454,2022-08-15,688,709,686,706,5002381,twstock/twse,2026-07-01T08:07:37Z
2454,2022-08-16,709,717,705,706,5593958,twstock/twse,2026-07-01T08:07:37Z
2454,2022-08-17,707,711,699,703,4721071,twstock/twse,2026-07-01T08:07:37Z
2454,2022-08-18,702,705,691,702,4254484,twstock/twse,2026-07-01T08:07:37Z
2454,2022-08-19,701,701,693,693,4994714,twstock/twse,2026-07-01T08:07:37Z
2454,2022-08-22,682,683,672,672,5870198,twstock/twse,2026-07-01T08:07:37Z
2454,2022-08-23,668,679,665,676,3574827,twstock/twse,2026-07-01T08:07:37Z
2454,2022-08-24,680,683,667,667,4170803,twstock/twse,2026-07-01T08:07:37Z
2454,2022-08-25,670,677,666,670,3040907,twstock/twse,2026-07-01T08:07:37Z
2454,2022-08-26,679,687,675,678,3037313,twstock/twse,2026-07-01T08:07:37Z
2454,2022-08-29,657,659,651,653,4913425,twstock/twse,2026-07-01T08:07:37Z
2454,2022-08-30,653,660,648,657,4614677,twstock/twse,2026-07-01T08:07:37Z
2454,2022-08-31,655,671,652,667,4275779,twstock/twse,2026-07-01T08:07:37Z
2454,2022-09-01,655,661,643,648,7390933,twstock/twse,2026-07-01T08:07:37Z
2454,2022-09-02,640,645,620,620,10901940,twstock/twse,2026-07-01T08:07:37Z
2454,2022-09-05,616,637,616,631,5910336,twstock/twse,2026-07-01T08:07:37Z
2454,2022-09-06,633,636,627,629,4176482,twstock/twse,2026-07-01T08:07:37Z
2454,2022-09-07,620,625,609,619,5355654,twstock/twse,2026-07-01T08:07:37Z
2454,2022-09-08,622,626,617,623,3442261,twstock/twse,2026-07-01T08:07:37Z
2454,2022-09-12,634,642,626,627,5127405,twstock/twse,2026-07-01T08:07:37Z
2454,2022-09-13,631,636,625,626,4689244,twstock/twse,2026-07-01T08:07:37Z
2454,2022-09-14,603,617,602,615,6259768,twstock/twse,2026-07-01T08:07:37Z
2454,2022-09-15,611,620,611,616,3853962,twstock/twse,2026-07-01T08:07:37Z
2454,2022-09-16,607,611,600,600,8391808,twstock/twse,2026-07-01T08:07:37Z
2454,2022-09-19,606,611,601,604,4322884,twstock/twse,2026-07-01T08:07:37Z
2454,2022-09-20,607,611,603,605,3254305,twstock/twse,2026-07-01T08:07:37Z
2454,2022-09-21,610,610,601,605,4364075,twstock/twse,2026-07-01T08:07:37Z
2454,2022-09-22,598,600,587,591,5723804,twstock/twse,2026-07-01T08:07:37Z
2454,2022-09-23,591,594,580,580,4343315,twstock/twse,2026-07-01T08:07:37Z
2454,2022-09-26,573,576,564,569,5278826,twstock/twse,2026-07-01T08:07:37Z
2454,2022-09-27,571,574,563,568,4472787,twstock/twse,2026-07-01T08:07:37Z
2454,2022-09-28,572,576,545,545,7440529,twstock/twse,2026-07-01T08:07:37Z
2454,2022-09-29,558,563,540,543,8115892,twstock/twse,2026-07-01T08:07:37Z
2454,2022-09-30,536,554,533,551,5860219,twstock/twse,2026-07-01T08:07:37Z
2454,2022-11-01,592,604,590,599,8454173,twstock/twse,2026-07-01T08:07:37Z
2454,2022-11-02,595,607,593,599,6841497,twstock/twse,2026-07-01T08:07:37Z
2454,2022-11-03,587,602,587,600,6419381,twstock/twse,2026-07-01T08:07:37Z
2454,2022-11-04,600,600,586,597,4423954,twstock/twse,2026-07-01T08:07:37Z
2454,2022-11-07,608,623,601,620,8262942,twstock/twse,2026-07-01T08:07:37Z
2454,2022-11-08,632,632,616,620,7912180,twstock/twse,2026-07-01T08:07:37Z
2454,2022-11-09,628,656,626,650,12934955,twstock/twse,2026-07-01T08:07:37Z
2454,2022-11-10,648,660,641,660,7376979,twstock/twse,2026-07-01T08:07:37Z
2454,2022-11-11,698,700,680,700,17001177,twstock/twse,2026-07-01T08:07:37Z
2454,2022-11-14,705,710,694,697,9849795,twstock/twse,2026-07-01T08:07:37Z
2454,2022-11-15,704,735,700,722,13979872,twstock/twse,2026-07-01T08:07:37Z
2454,2022-11-16,732,738,719,729,10399350,twstock/twse,2026-07-01T08:07:37Z
2454,2022-11-17,740,740,716,725,6928331,twstock/twse,2026-07-01T08:07:37Z
2454,2022-11-18,732,742,716,722,5558511,twstock/twse,2026-07-01T08:07:37Z
2454,2022-11-21,716,722,709,720,4436545,twstock/twse,2026-07-01T08:07:37Z
2454,2022-11-22,707,715,703,713,6289730,twstock/twse,2026-07-01T08:07:37Z
2454,2022-11-23,722,722,705,705,3202235,twstock/twse,2026-07-01T08:07:37Z
2454,2022-11-24,715,736,711,728,7750672,twstock/twse,2026-07-01T08:07:37Z
2454,2022-11-25,729,736,723,727,5847844,twstock/twse,2026-07-01T08:07:37Z
2454,2022-11-28,703,719,703,703,5606289,twstock/twse,2026-07-01T08:07:37Z
2454,2022-11-29,695,718,695,713,5160799,twstock/twse,2026-07-01T08:07:37Z
2454,2022-11-30,714,738,711,733,9728516,twstock/twse,2026-07-01T08:07:37Z
2454,2022-12-01,750,756,738,741,6932733,twstock/twse,2026-07-01T08:07:37Z
2454,2022-12-02,730,748,730,739,4119211,twstock/twse,2026-07-01T08:07:37Z
2454,2022-12-05,739,755,739,739,4535657,twstock/twse,2026-07-01T08:07:37Z
2454,2022-12-06,739,744,720,725,5041043,twstock/twse,2026-07-01T08:07:37Z
2454,2022-12-07,717,728,713,716,5325977,twstock/twse,2026-07-01T08:07:37Z
2454,2022-12-08,724,725,705,705,4204451,twstock/twse,2026-07-01T08:07:37Z
2454,2022-12-09,714,729,711,729,4613417,twstock/twse,2026-07-01T08:07:37Z
2454,2022-12-12,715,716,705,712,5234621,twstock/twse,2026-07-01T08:07:37Z
2454,2022-12-13,717,722,708,709,6051369,twstock/twse,2026-07-01T08:07:37Z
2454,2022-12-14,717,724,714,718,4980611,twstock/twse,2026-07-01T08:07:37Z
2454,2022-12-15,703,706,681,681,14093519,twstock/twse,2026-07-01T08:07:37Z
2454,2022-12-16,653,665,651,660,13076649,twstock/twse,2026-07-01T08:07:37Z
2454,2022-12-19,650,662,650,656,6975640,twstock/twse,2026-07-01T08:07:37Z
2454,2022-12-20,650,660,646,646,6420511,twstock/twse,2026-07-01T08:07:37Z
2454,2022-12-21,649,661,646,654,6274754,twstock/twse,2026-07-01T08:07:37Z
2454,2022-12-22,665,668,661,661,4093339,twstock/twse,2026-07-01T08:07:37Z
2454,2022-12-23,651,661,648,660,2430760,twstock/twse,2026-07-01T08:07:37Z
2454,2022-12-26,661,661,651,651,1515532,twstock/twse,2026-07-01T08:07:37Z
2454,2022-12-27,654,664,653,656,1969029,twstock/twse,2026-07-01T08:07:37Z
2454,2022-12-28,649,649,621,638,9053565,twstock/twse,2026-07-01T08:07:37Z
2454,2022-12-29,630,631,623,629,3690707,twstock/twse,2026-07-01T08:07:37Z
2454,2022-12-30,635,640,625,625,2648733,twstock/twse,2026-07-01T08:07:37Z
2454,2023-01-03,623,645,621,644,4509288,twstock/twse,2026-07-01T08:07:37Z
2454,2023-01-04,639,644,635,636,3081086,twstock/twse,2026-07-01T08:07:37Z
2454,2023-01-05,638,641,625,631,5429497,twstock/twse,2026-07-01T08:07:37Z
2454,2023-01-06,634,660,634,660,7951964,twstock/twse,2026-07-01T08:07:37Z
2454,2023-01-09,671,675,665,675,7084736,twstock/twse,2026-07-01T08:07:37Z
2454,2023-01-10,684,696,681,694,8836356,twstock/twse,2026-07-01T08:07:37Z
2454,2023-01-11,700,707,694,707,7050840,twstock/twse,2026-07-01T08:07:37Z
2454,2023-01-12,710,720,708,715,6557029,twstock/twse,2026-07-01T08:07:37Z
2454,2023-01-13,722,726,691,694,7897961,twstock/twse,2026-07-01T08:07:37Z
2454,2023-01-16,707,712,701,704,5310041,twstock/twse,2026-07-01T08:07:37Z
2454,2023-01-17,706,709,693,693,4750714,twstock/twse,2026-07-01T08:07:37Z
2454,2023-01-30,734,739,709,739,18980506,twstock/twse,2026-07-01T08:07:37Z
2454,2023-01-31,734,752,716,718,13095953,twstock/twse,2026-07-01T08:07:37Z
2454,2023-02-01,724,728,718,724,5815887,twstock/twse,2026-07-01T08:07:37Z
2454,2023-02-02,747,753,737,747,11416420,twstock/twse,2026-07-01T08:07:37Z
2454,2023-02-03,742,753,741,751,6601968,twstock/twse,2026-07-01T08:07:37Z
2454,2023-02-06,745,749,730,731,7693098,twstock/twse,2026-07-01T08:07:37Z
2454,2023-02-07,739,739,716,717,7367549,twstock/twse,2026-07-01T08:07:37Z
2454,2023-02-08,726,747,725,744,7991431,twstock/twse,2026-07-01T08:07:37Z
2454,2023-02-09,740,749,736,749,4016255,twstock/twse,2026-07-01T08:07:37Z
2454,2023-02-10,749,749,739,740,3235750,twstock/twse,2026-07-01T08:07:37Z
2454,2023-02-13,735,737,726,731,4171947,twstock/twse,2026-07-01T08:07:37Z
2454,2023-02-14,737,742,731,732,3487039,twstock/twse,2026-07-01T08:07:37Z
2454,2023-02-15,730,730,708,710,6977304,twstock/twse,2026-07-01T08:07:37Z
2454,2023-02-16,716,718,706,711,5178561,twstock/twse,2026-07-01T08:07:37Z
2454,2023-02-17,708,723,707,723,3610451,twstock/twse,2026-07-01T08:07:37Z
2454,2023-02-20,725,732,719,726,2619587,twstock/twse,2026-07-01T08:07:37Z
2454,2023-02-21,728,734,724,725,2746079,twstock/twse,2026-07-01T08:07:37Z
2454,2023-02-22,718,722,713,713,4610941,twstock/twse,2026-07-01T08:07:37Z
2454,2023-02-23,724,745,722,745,8227452,twstock/twse,2026-07-01T08:07:37Z
2454,2023-02-24,751,752,723,723,8209174,twstock/twse,2026-07-01T08:07:37Z
2454,2023-03-01,737,795,731,791,16624548,twstock/twse,2026-07-01T08:07:37Z
2454,2023-03-02,790,790,773,775,9729803,twstock/twse,2026-07-01T08:07:37Z
2454,2023-03-03,778,789,771,775,6642734,twstock/twse,2026-07-01T08:07:37Z
2454,2023-03-06,785,795,777,784,7685453,twstock/twse,2026-07-01T08:07:37Z
2454,2023-03-07,789,790,783,788,5202228,twstock/twse,2026-07-01T08:07:37Z
2454,2023-03-08,782,784,765,768,8741223,twstock/twse,2026-07-01T08:07:37Z
2454,2023-03-09,769,775,767,767,5335712,twstock/twse,2026-07-01T08:07:37Z
2454,2023-03-10,759,761,753,756,6008380,twstock/twse,2026-07-01T08:07:37Z
2454,2023-03-13,756,764,743,764,5327065,twstock/twse,2026-07-01T08:07:37Z
2454,2023-03-14,749,768,749,761,6588044,twstock/twse,2026-07-01T08:07:37Z
2454,2023-03-15,766,773,757,758,5292738,twstock/twse,2026-07-01T08:07:37Z
2454,2023-03-16,751,765,748,756,6000004,twstock/twse,2026-07-01T08:07:37Z
2454,2023-03-17,770,777,766,773,6841068,twstock/twse,2026-07-01T08:07:37Z
2454,2023-03-20,773,780,768,770,5321040,twstock/twse,2026-07-01T08:07:37Z
2454,2023-03-21,776,779,763,771,5445430,twstock/twse,2026-07-01T08:07:37Z
2454,2023-03-22,777,785,776,781,5659553,twstock/twse,2026-07-01T08:07:37Z
2454,2023-03-23,780,794,778,793,4865131,twstock/twse,2026-07-01T08:07:37Z
2454,2023-03-24,790,794,785,790,4406461,twstock/twse,2026-07-01T08:07:37Z
2454,2023-03-27,789,790,779,780,3071593,twstock/twse,2026-07-01T08:07:37Z
2454,2023-03-28,775,780,766,766,4137411,twstock/twse,2026-07-01T08:07:37Z
2454,2023-03-29,774,775,765,773,2981780,twstock/twse,2026-07-01T08:07:37Z
2454,2023-03-30,780,783,775,778,3614487,twstock/twse,2026-07-01T08:07:37Z
2454,2023-03-31,778,789,778,787,4496209,twstock/twse,2026-07-01T08:07:37Z
2454,2023-04-06,774,777,751,753,9301246,twstock/twse,2026-07-01T08:07:37Z
2454,2023-04-07,749,752,743,749,4618526,twstock/twse,2026-07-01T08:07:37Z
2454,2023-04-10,748,750,739,742,5956250,twstock/twse,2026-07-01T08:07:37Z
2454,2023-04-11,743,759,743,756,4665168,twstock/twse,2026-07-01T08:07:37Z
2454,2023-04-12,756,760,752,758,4555491,twstock/twse,2026-07-01T08:07:37Z
2454,2023-04-13,759,760,749,750,5815842,twstock/twse,2026-07-01T08:07:37Z
2454,2023-04-14,754,758,746,748,5990292,twstock/twse,2026-07-01T08:07:37Z
2454,2023-04-17,705,710,694,709,14840026,twstock/twse,2026-07-01T08:07:37Z
2454,2023-04-18,702,703,685,688,15093599,twstock/twse,2026-07-01T08:07:37Z
2454,2023-04-19,682,685,675,675,11632986,twstock/twse,2026-07-01T08:07:37Z
2454,2023-04-20,661,684,661,673,10238247,twstock/twse,2026-07-01T08:07:37Z
2454,2023-04-21,676,679,665,665,5480008,twstock/twse,2026-07-01T08:07:37Z
2454,2023-04-24,663,681,663,676,4802301,twstock/twse,2026-07-01T08:07:37Z
2454,2023-04-25,678,678,650,650,9007698,twstock/twse,2026-07-01T08:07:37Z
2454,2023-04-26,641,652,638,649,7417677,twstock/twse,2026-07-01T08:07:37Z
2454,2023-04-27,654,667,653,662,4770671,twstock/twse,2026-07-01T08:07:37Z
2454,2023-04-28,668,674,663,665,6790242,twstock/twse,2026-07-01T08:07:37Z
2454,2023-05-02,654,673,654,671,6448130,twstock/twse,2026-07-01T08:07:37Z
2454,2023-05-03,674,680,668,680,6817126,twstock/twse,2026-07-01T08:07:37Z
2454,2023-05-04,674,674,666,668,5752312,twstock/twse,2026-07-01T08:07:37Z
2454,2023-05-05,675,678,672,675,3271540,twstock/twse,2026-07-01T08:07:37Z
2454,2023-05-08,681,684,674,675,3131678,twstock/twse,2026-07-01T08:07:37Z
2454,2023-05-09,681,681,674,677,2224247,twstock/twse,2026-07-01T08:07:37Z
2454,2023-05-10,677,677,666,668,3945608,twstock/twse,2026-07-01T08:07:37Z
2454,2023-05-11,666,674,664,668,3193160,twstock/twse,2026-07-01T08:07:37Z
2454,2023-05-12,673,676,661,673,5310815,twstock/twse,2026-07-01T08:07:37Z
2454,2023-05-15,676,682,673,680,3670003,twstock/twse,2026-07-01T08:07:37Z
2454,2023-05-16,688,688,680,680,3837504,twstock/twse,2026-07-01T08:07:37Z
2454,2023-05-17,680,689,677,685,8035289,twstock/twse,2026-07-01T08:07:37Z
2454,2023-05-18,690,694,685,689,4642695,twstock/twse,2026-07-01T08:07:37Z
2454,2023-05-19,691,698,690,698,5282896,twstock/twse,2026-07-01T08:07:37Z
2454,2023-05-22,702,709,701,705,4735362,twstock/twse,2026-07-01T08:07:37Z
2454,2023-05-23,710,722,708,716,5482158,twstock/twse,2026-07-01T08:07:37Z
2454,2023-05-24,713,713,701,711,5846655,twstock/twse,2026-07-01T08:07:37Z
2454,2023-05-25,708,718,706,708,4795371,twstock/twse,2026-07-01T08:07:37Z
2454,2023-05-26,708,737,708,730,11322817,twstock/twse,2026-07-01T08:07:37Z
2454,2023-05-29,755,758,738,738,10781343,twstock/twse,2026-07-01T08:07:37Z
2454,2023-05-30,759,773,757,763,18933732,twstock/twse,2026-07-01T08:07:37Z
2454,2023-05-31,757,767,748,759,12616197,twstock/twse,2026-07-01T08:07:37Z
2454,2023-06-01,755,761,748,748,6475068,twstock/twse,2026-07-01T08:07:37Z
2454,2023-06-02,754,762,750,751,6602831,twstock/twse,2026-07-01T08:07:37Z
2454,2023-06-05,757,767,757,759,5479487,twstock/twse,2026-07-01T08:07:37Z
2454,2023-06-06,760,764,752,757,4539092,twstock/twse,2026-07-01T08:07:37Z
2454,2023-06-07,759,769,756,768,5460461,twstock/twse,2026-07-01T08:07:37Z
2454,2023-06-08,770,775,763,768,7438271,twstock/twse,2026-07-01T08:07:37Z
2454,2023-06-09,768,770,761,764,4669885,twstock/twse,2026-07-01T08:07:37Z
2454,2023-06-12,769,769,763,767,3946889,twstock/twse,2026-07-01T08:07:37Z
2454,2023-06-13,770,782,768,779,7414411,twstock/twse,2026-07-01T08:07:37Z
2454,2023-06-14,781,782,776,780,5431002,twstock/twse,2026-07-01T08:07:37Z
2454,2023-06-15,777,779,765,766,8544438,twstock/twse,2026-07-01T08:07:37Z
2454,2023-06-16,760,765,751,751,10727794,twstock/twse,2026-07-01T08:07:37Z
2454,2023-06-19,769,793,764,785,20318537,twstock/twse,2026-07-01T08:07:37Z
2454,2023-06-20,708,725,691,691,28362644,twstock/twse,2026-07-01T08:07:37Z
2454,2023-06-21,689,696,683,693,17552774,twstock/twse,2026-07-01T08:07:37Z
2454,2023-06-26,688,690,685,685,4807895,twstock/twse,2026-07-01T08:07:37Z
2454,2023-06-27,680,688,680,681,4722955,twstock/twse,2026-07-01T08:07:37Z
2454,2023-06-28,692,697,685,695,6520526,twstock/twse,2026-07-01T08:07:37Z
2454,2023-06-29,704,705,695,696,5304709,twstock/twse,2026-07-01T08:07:37Z
2454,2023-06-30,692,692,686,688,5442323,twstock/twse,2026-07-01T08:07:37Z
2454,2023-07-03,692,698,690,691,3088086,twstock/twse,2026-07-01T08:07:37Z
2454,2023-07-04,696,702,691,700,3880537,twstock/twse,2026-07-01T08:07:37Z
2454,2023-07-05,703,703,696,697,3803541,twstock/twse,2026-07-01T08:07:37Z
2454,2023-07-06,692,699,688,690,4539581,twstock/twse,2026-07-01T08:07:37Z
2454,2023-07-07,686,686,680,682,4819527,twstock/twse,2026-07-01T08:07:37Z
2454,2023-07-10,680,686,673,673,6111018,twstock/twse,2026-07-01T08:07:37Z
2454,2023-07-11,682,687,676,686,3472971,twstock/twse,2026-07-01T08:07:37Z
2454,2023-07-12,689,689,680,685,4353464,twstock/twse,2026-07-01T08:07:37Z
2454,2023-07-13,692,693,680,680,5685109,twstock/twse,2026-07-01T08:07:37Z
2454,2023-07-14,686,698,685,692,6182648,twstock/twse,2026-07-01T08:07:37Z
2454,2023-07-17,692,692,681,683,4524171,twstock/twse,2026-07-01T08:07:37Z
2454,2023-07-18,680,686,678,683,4934643,twstock/twse,2026-07-01T08:07:37Z
2454,2023-07-19,690,699,689,696,6475653,twstock/twse,2026-07-01T08:07:37Z
2454,2023-07-20,697,697,689,692,2629394,twstock/twse,2026-07-01T08:07:37Z
2454,2023-07-21,677,683,652,682,11982886,twstock/twse,2026-07-01T08:07:37Z
2454,2023-07-24,679,690,673,675,7662267,twstock/twse,2026-07-01T08:07:37Z
2454,2023-07-25,675,679,665,665,7473142,twstock/twse,2026-07-01T08:07:37Z
2454,2023-07-26,665,670,654,655,7778681,twstock/twse,2026-07-01T08:07:37Z
2454,2023-07-27,658,661,654,658,4857149,twstock/twse,2026-07-01T08:07:37Z
2454,2023-07-28,660,666,655,658,4310361,twstock/twse,2026-07-01T08:07:37Z
2454,2023-07-31,691,698,684,690,17202994,twstock/twse,2026-07-01T08:07:37Z
2454,2023-08-01,700,715,695,713,14701465,twstock/twse,2026-07-01T08:07:37Z
2454,2023-08-02,712,720,704,709,9248789,twstock/twse,2026-07-01T08:07:37Z
2454,2023-08-04,710,711,699,706,7295888,twstock/twse,2026-07-01T08:07:37Z
2454,2023-08-07,709,712,703,706,5595685,twstock/twse,2026-07-01T08:07:37Z
2454,2023-08-08,705,705,690,690,5805650,twstock/twse,2026-07-01T08:07:37Z
2454,2023-08-09,689,702,686,701,3247603,twstock/twse,2026-07-01T08:07:37Z
2454,2023-08-10,702,703,688,693,4544788,twstock/twse,2026-07-01T08:07:37Z
2454,2023-08-11,688,689,675,679,5202231,twstock/twse,2026-07-01T08:07:37Z
2454,2023-08-14,672,673,666,672,3774054,twstock/twse,2026-07-01T08:07:37Z
2454,2023-08-15,682,684,676,678,2827119,twstock/twse,2026-07-01T08:07:37Z
2454,2023-08-16,698,698,683,689,6070735,twstock/twse,2026-07-01T08:07:37Z
2454,2023-08-17,680,681,673,674,4930026,twstock/twse,2026-07-01T08:07:37Z
2454,2023-08-18,670,679,669,674,3292501,twstock/twse,2026-07-01T08:07:37Z
2454,2023-08-21,678,679,667,669,2756277,twstock/twse,2026-07-01T08:07:37Z
2454,2023-08-22,675,682,668,672,3767273,twstock/twse,2026-07-01T08:07:37Z
2454,2023-08-23,672,676,670,671,2124750,twstock/twse,2026-07-01T08:07:37Z
2454,2023-08-24,682,692,680,691,6428618,twstock/twse,2026-07-01T08:07:37Z
2454,2023-08-25,692,695,687,694,5811245,twstock/twse,2026-07-01T08:07:37Z
2454,2023-08-28,700,709,698,701,6133086,twstock/twse,2026-07-01T08:07:37Z
2454,2023-08-29,714,716,702,710,5358981,twstock/twse,2026-07-01T08:07:37Z
2454,2023-08-30,714,715,702,709,4407859,twstock/twse,2026-07-01T08:07:37Z
2454,2023-08-31,705,714,704,705,6359299,twstock/twse,2026-07-01T08:07:37Z
2454,2023-09-01,707,712,701,710,3098361,twstock/twse,2026-07-01T08:07:37Z
2454,2023-09-04,713,713,705,711,2522028,twstock/twse,2026-07-01T08:07:37Z
2454,2023-09-05,712,718,711,718,5279205,twstock/twse,2026-07-01T08:07:37Z
2454,2023-09-06,721,722,712,712,3242836,twstock/twse,2026-07-01T08:07:37Z
2454,2023-09-07,709,718,708,717,3316214,twstock/twse,2026-07-01T08:07:37Z
2454,2023-09-08,705,710,701,709,4521206,twstock/twse,2026-07-01T08:07:37Z
2454,2023-09-11,715,715,708,714,2183539,twstock/twse,2026-07-01T08:07:37Z
2454,2023-09-12,710,729,709,728,7009423,twstock/twse,2026-07-01T08:07:37Z
2454,2023-09-13,739,744,729,732,9660616,twstock/twse,2026-07-01T08:07:37Z
2454,2023-09-14,735,735,725,733,5768123,twstock/twse,2026-07-01T08:07:37Z
2454,2023-09-15,741,763,737,763,17615207,twstock/twse,2026-07-01T08:07:37Z
2454,2023-09-18,751,792,750,782,12668690,twstock/twse,2026-07-01T08:07:37Z
2454,2023-09-19,782,782,764,773,6470728,twstock/twse,2026-07-01T08:07:37Z
2454,2023-09-20,765,766,751,759,5579484,twstock/twse,2026-07-01T08:07:37Z
2454,2023-09-21,752,762,744,746,5238125,twstock/twse,2026-07-01T08:07:37Z
2454,2023-09-22,735,748,728,746,7898746,twstock/twse,2026-07-01T08:07:37Z
2454,2023-09-25,741,762,741,755,4731685,twstock/twse,2026-07-01T08:07:37Z
2454,2023-09-26,748,755,736,737,3992725,twstock/twse,2026-07-01T08:07:37Z
2454,2023-09-27,728,737,728,737,3938690,twstock/twse,2026-07-01T08:07:37Z
2454,2023-09-28,739,741,730,735,4663792,twstock/twse,2026-07-01T08:07:37Z
2454,2023-10-02,747,748,740,745,3984135,twstock/twse,2026-07-01T08:07:37Z
2454,2023-10-03,767,784,766,772,10858690,twstock/twse,2026-07-01T08:07:37Z
2454,2023-10-04,771,783,764,780,8115420,twstock/twse,2026-07-01T08:07:37Z
2454,2023-10-05,783,786,776,786,6094736,twstock/twse,2026-07-01T08:07:37Z
2454,2023-10-06,790,790,781,786,3120332,twstock/twse,2026-07-01T08:07:37Z
2454,2023-10-11,790,816,790,814,14131456,twstock/twse,2026-07-01T08:07:37Z
2454,2023-10-12,817,819,805,815,7541921,twstock/twse,2026-07-01T08:07:37Z
2454,2023-10-13,820,842,818,842,10447476,twstock/twse,2026-07-01T08:07:37Z
2454,2023-10-16,838,849,832,840,5985812,twstock/twse,2026-07-01T08:07:37Z
2454,2023-10-17,845,854,820,825,8686799,twstock/twse,2026-07-01T08:07:37Z
2454,2023-10-18,800,822,800,813,7906890,twstock/twse,2026-07-01T08:07:37Z
2454,2023-10-19,811,838,811,830,7862713,twstock/twse,2026-07-01T08:07:37Z
2454,2023-10-20,831,837,812,828,8706294,twstock/twse,2026-07-01T08:07:37Z
2454,2023-10-23,825,829,816,821,5392858,twstock/twse,2026-07-01T08:07:37Z
2454,2023-10-24,821,823,804,816,5162297,twstock/twse,2026-07-01T08:07:37Z
2454,2023-10-25,818,832,816,822,6590507,twstock/twse,2026-07-01T08:07:37Z
2454,2023-10-26,815,817,811,817,5768583,twstock/twse,2026-07-01T08:07:37Z
2454,2023-10-27,824,824,800,801,7422025,twstock/twse,2026-07-01T08:07:37Z
2454,2023-10-30,819,864,818,857,16750720,twstock/twse,2026-07-01T08:07:37Z
2454,2023-10-31,860,861,834,842,12015011,twstock/twse,2026-07-01T08:07:37Z
2454,2023-11-01,854,856,832,846,6970553,twstock/twse,2026-07-01T08:07:37Z
2454,2023-11-02,863,877,855,868,10079016,twstock/twse,2026-07-01T08:07:37Z
2454,2023-11-03,872,876,864,870,5808935,twstock/twse,2026-07-01T08:07:37Z
2454,2023-11-06,879,890,873,882,7492650,twstock/twse,2026-07-01T08:07:37Z
2454,2023-11-07,890,899,879,888,7289254,twstock/twse,2026-07-01T08:07:37Z
2454,2023-11-08,898,916,895,914,9834316,twstock/twse,2026-07-01T08:07:37Z
2454,2023-11-09,913,913,899,905,6965311,twstock/twse,2026-07-01T08:07:37Z
2454,2023-11-10,900,904,884,884,7983550,twstock/twse,2026-07-01T08:07:37Z
2454,2023-11-13,909,925,905,906,9776090,twstock/twse,2026-07-01T08:07:37Z
2454,2023-11-14,916,917,902,905,4874889,twstock/twse,2026-07-01T08:07:37Z
2454,2023-11-15,925,925,900,908,8644081,twstock/twse,2026-07-01T08:07:37Z
2454,2023-11-16,914,914,891,893,8055932,twstock/twse,2026-07-01T08:07:37Z
2454,2023-11-17,896,905,893,904,4982028,twstock/twse,2026-07-01T08:07:37Z
2454,2023-11-20,920,924,904,912,7092656,twstock/twse,2026-07-01T08:07:37Z
2454,2023-11-21,922,934,915,926,9993957,twstock/twse,2026-07-01T08:07:37Z
2454,2023-11-22,928,942,925,942,6698496,twstock/twse,2026-07-01T08:07:37Z
2454,2023-11-23,951,951,929,930,5460045,twstock/twse,2026-07-01T08:07:37Z
2454,2023-11-24,935,950,932,945,4669666,twstock/twse,2026-07-01T08:07:37Z
2454,2023-11-27,946,951,931,931,6360969,twstock/twse,2026-07-01T08:07:37Z
2454,2023-11-28,929,942,925,942,5755130,twstock/twse,2026-07-01T08:07:37Z
2454,2023-11-29,941,949,936,948,5410850,twstock/twse,2026-07-01T08:07:37Z
2454,2023-11-30,949,953,939,945,7863209,twstock/twse,2026-07-01T08:07:37Z
2454,2023-12-01,942,947,938,947,3529034,twstock/twse,2026-07-01T08:07:37Z
2454,2023-12-04,945,946,930,933,5265906,twstock/twse,2026-07-01T08:07:37Z
2454,2023-12-05,925,933,921,929,5372126,twstock/twse,2026-07-01T08:07:37Z
2454,2023-12-06,925,933,925,927,3170413,twstock/twse,2026-07-01T08:07:37Z
2454,2023-12-07,933,943,927,931,3086422,twstock/twse,2026-07-01T08:07:37Z
2454,2023-12-08,941,946,937,943,5198667,twstock/twse,2026-07-01T08:07:37Z
2454,2023-12-11,942,944,932,941,5744574,twstock/twse,2026-07-01T08:07:37Z
2454,2023-12-12,950,950,935,939,4720019,twstock/twse,2026-07-01T08:07:37Z
2454,2023-12-13,944,955,939,955,6227011,twstock/twse,2026-07-01T08:07:37Z
2454,2023-12-14,961,969,953,966,6861135,twstock/twse,2026-07-01T08:07:37Z
2454,2023-12-15,975,998,971,996,12593164,twstock/twse,2026-07-01T08:07:37Z
2454,2023-12-18,995,997,981,989,4945844,twstock/twse,2026-07-01T08:07:37Z
2454,2023-12-19,977,994,977,992,5132438,twstock/twse,2026-07-01T08:07:37Z
2454,2023-12-20,993,995,983,983,6529930,twstock/twse,2026-07-01T08:07:37Z
2454,2023-12-21,972,983,972,976,4676270,twstock/twse,2026-07-01T08:07:37Z
2454,2023-12-22,980,990,979,990,3389702,twstock/twse,2026-07-01T08:07:37Z
2454,2023-12-25,991,998,987,995,3423982,twstock/twse,2026-07-01T08:07:37Z
2454,2023-12-26,999,1005,995,1000,3482709,twstock/twse,2026-07-01T08:07:37Z
2454,2023-12-27,1010,1050,1010,1040,8968047,twstock/twse,2026-07-01T08:07:37Z
2454,2023-12-28,1045,1055,1025,1025,5646158,twstock/twse,2026-07-01T08:07:37Z
2454,2023-12-29,1025,1030,1010,1015,5190939,twstock/twse,2026-07-01T08:07:37Z
2454,2024-01-02,1010,1015,980,981,10668557,twstock/twse,2026-07-01T08:07:37Z
2454,2024-01-03,976,977,953,953,13403900,twstock/twse,2026-07-01T08:07:37Z
2454,2024-01-04,940,947,922,928,9628243,twstock/twse,2026-07-01T08:07:37Z
2454,2024-01-05,929,935,921,921,5851876,twstock/twse,2026-07-01T08:07:37Z
2454,2024-01-08,930,936,918,920,6035931,twstock/twse,2026-07-01T08:07:37Z
2454,2024-01-09,938,940,926,928,5893697,twstock/twse,2026-07-01T08:07:37Z
2454,2024-01-10,935,935,922,924,4380442,twstock/twse,2026-07-01T08:07:37Z
2454,2024-01-11,932,937,920,920,7008030,twstock/twse,2026-07-01T08:07:37Z
2454,2024-01-12,920,929,916,926,4936513,twstock/twse,2026-07-01T08:07:37Z
2454,2024-01-15,935,935,919,922,4413758,twstock/twse,2026-07-01T08:07:37Z
2454,2024-01-16,915,917,895,895,11367477,twstock/twse,2026-07-01T08:07:37Z
2454,2024-01-17,890,903,879,879,12081845,twstock/twse,2026-07-01T08:07:37Z
2454,2024-01-18,884,897,884,897,6915744,twstock/twse,2026-07-01T08:07:37Z
2454,2024-01-19,920,920,907,920,9409813,twstock/twse,2026-07-01T08:07:37Z
2454,2024-01-22,928,943,920,922,9745086,twstock/twse,2026-07-01T08:07:37Z
2454,2024-01-23,918,922,909,911,6388646,twstock/twse,2026-07-01T08:07:37Z
2454,2024-01-24,916,936,915,936,8378719,twstock/twse,2026-07-01T08:07:37Z
2454,2024-01-25,939,950,933,943,9340986,twstock/twse,2026-07-01T08:07:37Z
2454,2024-01-26,936,939,928,936,5458694,twstock/twse,2026-07-01T08:07:37Z
2454,2024-01-29,945,945,926,938,7208528,twstock/twse,2026-07-01T08:07:37Z
2454,2024-01-30,938,973,938,963,9996375,twstock/twse,2026-07-01T08:07:37Z
2454,2024-01-31,976,977,958,966,9456227,twstock/twse,2026-07-01T08:07:37Z
2454,2024-02-01,951,951,922,930,17458860,twstock/twse,2026-07-01T08:07:37Z
2454,2024-02-02,931,936,926,936,8662912,twstock/twse,2026-07-01T08:07:37Z
2454,2024-02-05,929,940,928,937,5880641,twstock/twse,2026-07-01T08:07:37Z
2454,2024-02-15,983,983,951,972,12555654,twstock/twse,2026-07-01T08:07:37Z
2454,2024-02-16,976,977,963,970,4761127,twstock/twse,2026-07-01T08:07:37Z
2454,2024-02-19,973,973,951,963,4384732,twstock/twse,2026-07-01T08:07:37Z
2454,2024-02-20,960,985,960,982,8929345,twstock/twse,2026-07-01T08:07:37Z
2454,2024-02-21,972,986,972,981,5894546,twstock/twse,2026-07-01T08:07:37Z
2454,2024-02-22,988,1020,988,1015,11143348,twstock/twse,2026-07-01T08:07:37Z
2454,2024-02-23,1035,1100,1010,1100,24851080,twstock/twse,2026-07-01T08:07:37Z
2454,2024-02-26,1090,1120,1060,1115,12802833,twstock/twse,2026-07-01T08:07:37Z
2454,2024-02-27,1125,1160,1105,1115,17764235,twstock/twse,2026-07-01T08:07:37Z
2454,2024-02-29,1115,1145,1110,1140,9629679,twstock/twse,2026-07-01T08:07:37Z
2454,2024-03-01,1165,1165,1095,1105,12340648,twstock/twse,2026-07-01T08:07:37Z
2454,2024-03-04,1115,1155,1105,1150,12662274,twstock/twse,2026-07-01T08:07:37Z
2454,2024-03-05,1150,1160,1130,1155,8791366,twstock/twse,2026-07-01T08:07:37Z
2454,2024-03-06,1145,1200,1140,1190,10101276,twstock/twse,2026-07-01T08:07:37Z
2454,2024-03-07,1220,1260,1215,1230,15486926,twstock/twse,2026-07-01T08:07:37Z
2454,2024-03-08,1260,1275,1195,1230,16879880,twstock/twse,2026-07-01T08:07:37Z
2454,2024-03-11,1235,1245,1205,1225,5890017,twstock/twse,2026-07-01T08:07:37Z
2454,2024-03-12,1200,1225,1190,1215,5763673,twstock/twse,2026-07-01T08:07:37Z
2454,2024-03-13,1245,1260,1210,1215,7058092,twstock/twse,2026-07-01T08:07:37Z
2454,2024-03-14,1220,1230,1140,1150,13127561,twstock/twse,2026-07-01T08:07:37Z
2454,2024-03-15,1135,1150,1120,1135,8765752,twstock/twse,2026-07-01T08:07:37Z
2454,2024-03-18,1135,1180,1135,1170,6022543,twstock/twse,2026-07-01T08:07:37Z
2454,2024-03-19,1150,1165,1135,1150,8911458,twstock/twse,2026-07-01T08:07:37Z
2454,2024-03-20,1145,1175,1120,1130,6413758,twstock/twse,2026-07-01T08:07:37Z
2454,2024-03-21,1160,1160,1125,1140,6662414,twstock/twse,2026-07-01T08:07:37Z
2454,2024-03-22,1140,1145,1110,1125,6420828,twstock/twse,2026-07-01T08:07:37Z
2454,2024-03-25,1120,1140,1115,1120,3339686,twstock/twse,2026-07-01T08:07:37Z
2454,2024-03-26,1140,1170,1120,1130,6780815,twstock/twse,2026-07-01T08:07:37Z
2454,2024-03-27,1135,1175,1125,1165,6243784,twstock/twse,2026-07-01T08:07:37Z
2454,2024-03-28,1160,1180,1135,1160,7545389,twstock/twse,2026-07-01T08:07:37Z
2454,2024-03-29,1160,1200,1160,1195,8549357,twstock/twse,2026-07-01T08:07:37Z
2454,2024-04-01,1190,1200,1155,1160,5481587,twstock/twse,2026-07-01T08:07:37Z
2454,2024-04-02,1170,1185,1160,1165,4324010,twstock/twse,2026-07-01T08:07:37Z
2454,2024-04-03,1150,1175,1140,1160,4204622,twstock/twse,2026-07-01T08:07:37Z
2454,2024-04-08,1175,1180,1145,1150,4137606,twstock/twse,2026-07-01T08:07:37Z
2454,2024-04-09,1160,1175,1150,1160,3400861,twstock/twse,2026-07-01T08:07:37Z
2454,2024-04-10,1170,1215,1165,1195,6687109,twstock/twse,2026-07-01T08:07:37Z
2454,2024-04-11,1205,1230,1185,1200,6406311,twstock/twse,2026-07-01T08:07:37Z
2454,2024-04-12,1190,1200,1165,1180,5339872,twstock/twse,2026-07-01T08:07:37Z
2454,2024-04-15,1160,1160,1110,1110,9660747,twstock/twse,2026-07-01T08:07:37Z
2454,2024-04-16,1065,1090,1055,1055,13458990,twstock/twse,2026-07-01T08:07:37Z
2454,2024-04-17,1065,1075,1045,1050,8144332,twstock/twse,2026-07-01T08:07:37Z
2454,2024-04-18,1045,1060,1020,1050,7339262,twstock/twse,2026-07-01T08:07:37Z
2454,2024-04-19,1020,1030,970,993,16604482,twstock/twse,2026-07-01T08:07:37Z
2454,2024-04-22,984,989,966,966,9681250,twstock/twse,2026-07-01T08:07:37Z
2454,2024-04-23,989,989,970,972,6158115,twstock/twse,2026-07-01T08:07:37Z
2454,2024-04-24,995,1020,994,1010,6424187,twstock/twse,2026-07-01T08:07:37Z
2454,2024-04-25,996,1005,976,981,6733096,twstock/twse,2026-07-01T08:07:37Z
2454,2024-04-26,991,1005,987,1005,5856365,twstock/twse,2026-07-01T08:07:37Z
2454,2024-04-29,1055,1055,1005,1015,8251393,twstock/twse,2026-07-01T08:07:37Z
2454,2024-04-30,1015,1030,992,992,6311140,twstock/twse,2026-07-01T08:07:37Z
2454,2024-05-02,990,1020,982,1000,5508680,twstock/twse,2026-07-01T08:07:37Z
2454,2024-05-03,1040,1050,1030,1040,6978404,twstock/twse,2026-07-01T08:07:37Z
2454,2024-05-06,1060,1060,1035,1035,4644236,twstock/twse,2026-07-01T08:07:37Z
2454,2024-05-07,1050,1055,1035,1045,3238845,twstock/twse,2026-07-01T08:07:37Z
2454,2024-05-08,1080,1100,1060,1095,10343764,twstock/twse,2026-07-01T08:07:37Z
2454,2024-05-09,1100,1125,1090,1095,7989043,twstock/twse,2026-07-01T08:07:37Z
2454,2024-05-10,1105,1105,1080,1095,4664901,twstock/twse,2026-07-01T08:07:37Z
2454,2024-05-13,1115,1120,1100,1115,4261629,twstock/twse,2026-07-01T08:07:37Z
2454,2024-05-14,1115,1160,1110,1155,7954993,twstock/twse,2026-07-01T08:07:37Z
2454,2024-05-15,1170,1175,1145,1155,5734377,twstock/twse,2026-07-01T08:07:37Z
2454,2024-05-16,1180,1210,1175,1190,10452836,twstock/twse,2026-07-01T08:07:37Z
2454,2024-05-17,1180,1185,1165,1165,6555819,twstock/twse,2026-07-01T08:07:37Z
2454,2024-05-20,1165,1195,1165,1190,6368808,twstock/twse,2026-07-01T08:07:37Z
2454,2024-05-21,1180,1190,1165,1175,3544126,twstock/twse,2026-07-01T08:07:37Z
2454,2024-05-22,1190,1190,1160,1185,4592310,twstock/twse,2026-07-01T08:07:37Z
2454,2024-05-23,1195,1210,1185,1205,6526951,twstock/twse,2026-07-01T08:07:37Z
2454,2024-05-24,1190,1205,1190,1195,4139304,twstock/twse,2026-07-01T08:07:37Z
2454,2024-05-27,1250,1310,1235,1285,16451271,twstock/twse,2026-07-01T08:07:37Z
2454,2024-05-28,1300,1320,1285,1310,10732534,twstock/twse,2026-07-01T08:07:37Z
2454,2024-05-29,1310,1315,1275,1290,8661046,twstock/twse,2026-07-01T08:07:37Z
2454,2024-05-30,1255,1300,1250,1290,8581664,twstock/twse,2026-07-01T08:07:37Z
2454,2024-05-31,1315,1315,1225,1235,15194460,twstock/twse,2026-07-01T08:07:37Z
2454,2024-06-03,1265,1270,1240,1270,6400731,twstock/twse,2026-07-01T08:07:37Z
2454,2024-06-04,1260,1270,1220,1240,7219004,twstock/twse,2026-07-01T08:07:37Z
2454,2024-06-05,1240,1245,1220,1230,6012669,twstock/twse,2026-07-01T08:07:37Z
2454,2024-06-06,1255,1300,1235,1290,10328177,twstock/twse,2026-07-01T08:07:37Z
2454,2024-06-07,1290,1290,1270,1275,5092253,twstock/twse,2026-07-01T08:07:37Z
2454,2024-06-11,1270,1280,1250,1270,5846697,twstock/twse,2026-07-01T08:07:37Z
2454,2024-06-12,1270,1310,1265,1300,8015243,twstock/twse,2026-07-01T08:07:37Z
2454,2024-06-13,1340,1400,1325,1385,13667003,twstock/twse,2026-07-01T08:07:37Z
2454,2024-06-14,1395,1395,1365,1395,6250845,twstock/twse,2026-07-01T08:07:37Z
2454,2024-06-17,1375,1390,1365,1380,4762970,twstock/twse,2026-07-01T08:07:37Z
2454,2024-06-18,1375,1405,1375,1405,7868192,twstock/twse,2026-07-01T08:07:37Z
2454,2024-06-19,1425,1485,1420,1485,12145736,twstock/twse,2026-07-01T08:07:37Z
2454,2024-06-20,1485,1500,1460,1500,7215413,twstock/twse,2026-07-01T08:07:37Z
2454,2024-06-21,1470,1495,1445,1490,12105025,twstock/twse,2026-07-01T08:07:37Z
2454,2024-06-24,1455,1465,1405,1410,9608976,twstock/twse,2026-07-01T08:07:37Z
2454,2024-06-25,1370,1400,1365,1385,9815912,twstock/twse,2026-07-01T08:07:37Z
2454,2024-06-26,1395,1430,1395,1405,5222459,twstock/twse,2026-07-01T08:07:37Z
2454,2024-06-27,1380,1410,1380,1395,5022470,twstock/twse,2026-07-01T08:07:37Z
2454,2024-06-28,1400,1405,1375,1400,7091837,twstock/twse,2026-07-01T08:07:37Z
2454,2024-07-01,1405,1440,1405,1415,5231972,twstock/twse,2026-07-01T08:07:37Z
2454,2024-07-02,1410,1415,1390,1410,5192639,twstock/twse,2026-07-01T08:07:37Z
2454,2024-07-03,1430,1430,1390,1405,6507165,twstock/twse,2026-07-01T08:07:37Z
2454,2024-07-04,1380,1400,1375,1375,7932727,twstock/twse,2026-07-01T08:07:37Z
2454,2024-07-05,1380,1385,1335,1350,7046623,twstock/twse,2026-07-01T08:07:37Z
2454,2024-07-08,1340,1420,1335,1420,8013255,twstock/twse,2026-07-01T08:07:37Z
2454,2024-07-09,1450,1460,1415,1460,9919314,twstock/twse,2026-07-01T08:07:37Z
2454,2024-07-10,1455,1460,1410,1435,5691397,twstock/twse,2026-07-01T08:07:37Z
2454,2024-07-11,1435,1460,1415,1420,5549812,twstock/twse,2026-07-01T08:07:37Z
2454,2024-07-12,1365,1385,1350,1360,7528115,twstock/twse,2026-07-01T08:07:37Z
2454,2024-07-15,1370,1380,1350,1355,3700301,twstock/twse,2026-07-01T08:07:37Z
2454,2024-07-16,1355,1365,1325,1345,5267624,twstock/twse,2026-07-01T08:07:37Z
2454,2024-07-17,1335,1345,1305,1325,6370105,twstock/twse,2026-07-01T08:07:37Z
2454,2024-07-18,1270,1290,1250,1280,10515746,twstock/twse,2026-07-01T08:07:37Z
2454,2024-07-19,1260,1285,1260,1260,6157494,twstock/twse,2026-07-01T08:07:37Z
2454,2024-07-22,1255,1260,1195,1225,7568809,twstock/twse,2026-07-01T08:07:37Z
2454,2024-07-23,1255,1275,1240,1275,6609048,twstock/twse,2026-07-01T08:07:37Z
2454,2024-07-26,1190,1255,1185,1245,10546400,twstock/twse,2026-07-01T08:07:37Z
2454,2024-07-29,1265,1280,1230,1240,5212301,twstock/twse,2026-07-01T08:07:37Z
2454,2024-07-30,1230,1255,1210,1255,4562729,twstock/twse,2026-07-01T08:07:37Z
2454,2024-07-31,1230,1235,1200,1220,7646628,twstock/twse,2026-07-01T08:07:37Z
2454,2024-08-01,1215,1235,1180,1180,12859885,twstock/twse,2026-07-01T08:07:37Z
2454,2024-08-02,1130,1140,1090,1090,14592681,twstock/twse,2026-07-01T08:07:37Z
2454,2024-08-05,995,1020,981,991,23157567,twstock/twse,2026-07-01T08:07:37Z
2454,2024-08-06,1090,1090,1035,1075,16842716,twstock/twse,2026-07-01T08:07:37Z
2454,2024-08-07,1090,1150,1080,1150,10786767,twstock/twse,2026-07-01T08:07:37Z
2454,2024-08-08,1120,1140,1100,1115,8260831,twstock/twse,2026-07-01T08:07:37Z
2454,2024-08-09,1150,1155,1120,1125,7138660,twstock/twse,2026-07-01T08:07:37Z
2454,2024-08-12,1145,1175,1140,1175,4732084,twstock/twse,2026-07-01T08:07:37Z
2454,2024-08-13,1180,1185,1150,1160,3893560,twstock/twse,2026-07-01T08:07:37Z
2454,2024-08-14,1175,1190,1170,1185,4566599,twstock/twse,2026-07-01T08:07:37Z
2454,2024-08-15,1170,1180,1155,1155,3208717,twstock/twse,2026-07-01T08:07:37Z
2454,2024-08-16,1185,1240,1185,1230,7309904,twstock/twse,2026-07-01T08:07:37Z
2454,2024-08-19,1240,1265,1230,1255,6237209,twstock/twse,2026-07-01T08:07:37Z
2454,2024-08-20,1270,1270,1240,1250,4411805,twstock/twse,2026-07-01T08:07:37Z
2454,2024-08-21,1220,1240,1210,1220,4669809,twstock/twse,2026-07-01T08:07:37Z
2454,2024-08-22,1230,1240,1215,1230,3087965,twstock/twse,2026-07-01T08:07:37Z
2454,2024-08-23,1205,1225,1190,1225,4319266,twstock/twse,2026-07-01T08:07:37Z
2454,2024-08-26,1245,1245,1210,1215,3784179,twstock/twse,2026-07-01T08:07:37Z
2454,2024-08-27,1200,1215,1190,1210,3963303,twstock/twse,2026-07-01T08:07:37Z
2454,2024-08-28,1205,1220,1185,1200,4883821,twstock/twse,2026-07-01T08:07:37Z
2454,2024-08-29,1175,1255,1175,1250,5628485,twstock/twse,2026-07-01T08:07:37Z
2454,2024-08-30,1260,1260,1225,1240,6035560,twstock/twse,2026-07-01T08:07:37Z
2454,2024-09-02,1240,1250,1215,1225,3294144,twstock/twse,2026-07-01T08:07:37Z
2454,2024-09-03,1225,1225,1200,1220,3534979,twstock/twse,2026-07-01T08:07:37Z
2454,2024-09-04,1135,1170,1130,1135,10457652,twstock/twse,2026-07-01T08:07:37Z
2454,2024-09-05,1120,1130,1105,1110,9432513,twstock/twse,2026-07-01T08:07:37Z
2454,2024-09-06,1110,1150,1105,1145,5340953,twstock/twse,2026-07-01T08:07:37Z
2454,2024-09-09,1100,1115,1090,1105,7455495,twstock/twse,2026-07-01T08:07:37Z
2454,2024-09-10,1115,1130,1100,1130,5893397,twstock/twse,2026-07-01T08:07:37Z
2454,2024-09-11,1125,1135,1110,1110,4096499,twstock/twse,2026-07-01T08:07:37Z
2454,2024-09-12,1150,1155,1135,1155,4719178,twstock/twse,2026-07-01T08:07:37Z
2454,2024-09-13,1160,1165,1125,1125,3546828,twstock/twse,2026-07-01T08:07:37Z
2454,2024-09-16,1120,1130,1100,1130,3821456,twstock/twse,2026-07-01T08:07:37Z
2454,2024-09-18,1115,1120,1095,1105,7611728,twstock/twse,2026-07-01T08:07:37Z
2454,2024-09-19,1105,1130,1080,1120,7911002,twstock/twse,2026-07-01T08:07:37Z
2454,2024-09-20,1145,1155,1125,1125,9138981,twstock/twse,2026-07-01T08:07:37Z
2454,2024-09-23,1125,1150,1120,1145,4562996,twstock/twse,2026-07-01T08:07:37Z
2454,2024-09-24,1135,1195,1135,1195,7297056,twstock/twse,2026-07-01T08:07:37Z
2454,2024-09-25,1220,1230,1205,1225,11480089,twstock/twse,2026-07-01T08:07:37Z
2454,2024-09-26,1235,1280,1230,1270,9967330,twstock/twse,2026-07-01T08:07:37Z
2454,2024-09-27,1280,1305,1250,1260,9319433,twstock/twse,2026-07-01T08:07:37Z
2454,2024-09-30,1235,1235,1175,1175,8944466,twstock/twse,2026-07-01T08:07:37Z
2454,2024-10-01,1195,1230,1190,1210,6670719,twstock/twse,2026-07-01T08:07:37Z
2454,2024-10-04,1200,1240,1200,1230,7601314,twstock/twse,2026-07-01T08:07:37Z
2454,2024-10-07,1250,1295,1230,1250,9261022,twstock/twse,2026-07-01T08:07:37Z
2454,2024-10-08,1240,1250,1225,1225,4746298,twstock/twse,2026-07-01T08:07:37Z
2454,2024-10-09,1260,1275,1240,1245,5671636,twstock/twse,2026-07-01T08:07:37Z
2454,2024-10-11,1265,1310,1265,1300,10811730,twstock/twse,2026-07-01T08:07:37Z
2454,2024-10-14,1310,1310,1285,1290,4125156,twstock/twse,2026-07-01T08:07:37Z
2454,2024-10-15,1310,1310,1290,1300,6492009,twstock/twse,2026-07-01T08:07:37Z
2454,2024-10-16,1260,1295,1260,1275,7425191,twstock/twse,2026-07-01T08:07:37Z
2454,2024-10-17,1295,1295,1265,1275,4514915,twstock/twse,2026-07-01T08:07:37Z
2454,2024-10-18,1300,1330,1295,1305,8916104,twstock/twse,2026-07-01T08:07:37Z
2454,2024-10-21,1310,1345,1310,1330,6706607,twstock/twse,2026-07-01T08:07:37Z
2454,2024-10-22,1310,1315,1295,1310,5500454,twstock/twse,2026-07-01T08:07:37Z
2454,2024-10-23,1280,1325,1275,1300,5639751,twstock/twse,2026-07-01T08:07:37Z
2454,2024-10-24,1300,1305,1270,1270,4698981,twstock/twse,2026-07-01T08:07:37Z
2454,2024-10-25,1270,1325,1270,1315,7326983,twstock/twse,2026-07-01T08:07:37Z
2454,2024-10-28,1330,1340,1315,1335,5720182,twstock/twse,2026-07-01T08:07:37Z
2454,2024-10-29,1315,1315,1285,1300,5519603,twstock/twse,2026-07-01T08:07:37Z
2454,2024-10-30,1290,1315,1285,1290,5528055,twstock/twse,2026-07-01T08:07:37Z
2454,2024-11-01,1220,1300,1220,1290,9461786,twstock/twse,2026-07-01T08:07:37Z
2454,2024-11-04,1285,1305,1280,1295,3513519,twstock/twse,2026-07-01T08:07:37Z
2454,2024-11-05,1285,1300,1280,1290,3688814,twstock/twse,2026-07-01T08:07:37Z
2454,2024-11-06,1290,1320,1290,1305,3881189,twstock/twse,2026-07-01T08:07:37Z
2454,2024-11-07,1330,1330,1300,1305,4517086,twstock/twse,2026-07-01T08:07:37Z
2454,2024-11-08,1310,1320,1280,1280,4299470,twstock/twse,2026-07-01T08:07:37Z
2454,2024-11-11,1300,1310,1280,1295,2878555,twstock/twse,2026-07-01T08:07:37Z
2454,2024-11-12,1280,1295,1265,1265,4326905,twstock/twse,2026-07-01T08:07:37Z
2454,2024-11-13,1265,1275,1255,1255,4182334,twstock/twse,2026-07-01T08:07:37Z
2454,2024-11-14,1260,1265,1230,1235,4605044,twstock/twse,2026-07-01T08:07:37Z
2454,2024-11-15,1240,1275,1230,1270,4349007,twstock/twse,2026-07-01T08:07:37Z
2454,2024-11-18,1260,1265,1230,1240,3985278,twstock/twse,2026-07-01T08:07:37Z
2454,2024-11-19,1255,1290,1245,1285,4531599,twstock/twse,2026-07-01T08:07:37Z
2454,2024-11-20,1285,1300,1260,1275,4926471,twstock/twse,2026-07-01T08:07:37Z
2454,2024-11-21,1265,1270,1255,1265,2634995,twstock/twse,2026-07-01T08:07:37Z
2454,2024-11-22,1280,1310,1270,1310,6437379,twstock/twse,2026-07-01T08:07:37Z
2454,2024-11-25,1325,1330,1280,1280,7734600,twstock/twse,2026-07-01T08:07:37Z
2454,2024-11-26,1280,1290,1270,1280,3272636,twstock/twse,2026-07-01T08:07:37Z
2454,2024-11-27,1270,1285,1250,1250,3069870,twstock/twse,2026-07-01T08:07:37Z
2454,2024-11-28,1260,1265,1240,1255,4374911,twstock/twse,2026-07-01T08:07:37Z
2454,2024-11-29,1235,1270,1225,1255,4324490,twstock/twse,2026-07-01T08:07:37Z
2454,2025-01-02,1395,1400,1335,1350,7374055,twstock/twse,2026-07-01T08:07:37Z
2454,2025-01-03,1365,1370,1335,1365,6413343,twstock/twse,2026-07-01T08:07:37Z
2454,2025-01-06,1390,1425,1390,1425,7760498,twstock/twse,2026-07-01T08:07:37Z
2454,2025-01-07,1445,1500,1415,1490,13043149,twstock/twse,2026-07-01T08:07:37Z
2454,2025-01-08,1500,1500,1460,1470,11341648,twstock/twse,2026-07-01T08:07:37Z
2454,2025-01-09,1470,1480,1440,1440,7283127,twstock/twse,2026-07-01T08:07:37Z
2454,2025-01-10,1460,1495,1445,1465,7456378,twstock/twse,2026-07-01T08:07:37Z
2454,2025-01-13,1435,1460,1385,1390,10467556,twstock/twse,2026-07-01T08:07:37Z
2454,2025-01-14,1385,1415,1380,1400,5672581,twstock/twse,2026-07-01T08:07:37Z
2454,2025-01-15,1390,1445,1390,1420,6608704,twstock/twse,2026-07-01T08:07:37Z
2454,2025-01-16,1450,1470,1430,1460,7526306,twstock/twse,2026-07-01T08:07:37Z
2454,2025-01-17,1450,1455,1420,1430,5593733,twstock/twse,2026-07-01T08:07:37Z
2454,2025-01-20,1425,1455,1425,1445,4054089,twstock/twse,2026-07-01T08:07:37Z
2454,2025-01-21,1440,1475,1435,1465,4729517,twstock/twse,2026-07-01T08:07:37Z
2454,2025-01-22,1480,1495,1465,1465,6939769,twstock/twse,2026-07-01T08:07:37Z
2454,2025-02-03,1420,1525,1415,1500,19472385,twstock/twse,2026-07-01T08:07:37Z
2454,2025-02-04,1510,1530,1480,1490,8418410,twstock/twse,2026-07-01T08:07:37Z
2454,2025-02-05,1505,1530,1490,1525,9272623,twstock/twse,2026-07-01T08:07:37Z
2454,2025-02-06,1530,1570,1520,1525,9633472,twstock/twse,2026-07-01T08:07:37Z
2454,2025-02-07,1525,1530,1505,1525,7062069,twstock/twse,2026-07-01T08:07:37Z
2454,2025-02-10,1505,1510,1475,1480,9291243,twstock/twse,2026-07-01T08:07:37Z
2454,2025-02-11,1490,1530,1490,1510,8734703,twstock/twse,2026-07-01T08:07:37Z
2454,2025-02-12,1530,1540,1480,1485,8078186,twstock/twse,2026-07-01T08:07:37Z
2454,2025-02-13,1495,1520,1485,1520,4801436,twstock/twse,2026-07-01T08:07:37Z
2454,2025-02-14,1515,1535,1505,1505,4867021,twstock/twse,2026-07-01T08:07:37Z
2454,2025-02-17,1515,1545,1510,1545,8095856,twstock/twse,2026-07-01T08:07:37Z
2454,2025-02-18,1550,1550,1520,1535,5461888,twstock/twse,2026-07-01T08:07:37Z
2454,2025-02-19,1535,1545,1525,1540,4710329,twstock/twse,2026-07-01T08:07:37Z
2454,2025-02-20,1545,1545,1500,1500,7150167,twstock/twse,2026-07-01T08:07:37Z
2454,2025-02-21,1500,1525,1490,1510,5756665,twstock/twse,2026-07-01T08:07:37Z
2454,2025-02-24,1500,1545,1495,1545,6497488,twstock/twse,2026-07-01T08:07:37Z
2454,2025-02-25,1525,1560,1510,1550,8502805,twstock/twse,2026-07-01T08:07:37Z
2454,2025-02-26,1555,1575,1525,1560,8063842,twstock/twse,2026-07-01T08:07:37Z
2454,2025-02-27,1555,1575,1515,1515,12022234,twstock/twse,2026-07-01T08:07:37Z
2454,2025-03-03,1490,1495,1465,1470,11544405,twstock/twse,2026-07-01T08:07:37Z
2454,2025-03-04,1435,1510,1435,1505,8330012,twstock/twse,2026-07-01T08:07:37Z
2454,2025-03-05,1505,1530,1490,1505,6674087,twstock/twse,2026-07-01T08:07:37Z
2454,2025-03-06,1505,1510,1485,1495,3240661,twstock/twse,2026-07-01T08:07:37Z
2454,2025-03-07,1475,1485,1450,1465,5873135,twstock/twse,2026-07-01T08:07:37Z
2454,2025-03-10,1450,1460,1395,1395,10835218,twstock/twse,2026-07-01T08:07:37Z
2454,2025-03-11,1320,1390,1320,1385,10487926,twstock/twse,2026-07-01T08:07:37Z
2454,2025-03-12,1375,1425,1375,1410,8365942,twstock/twse,2026-07-01T08:07:37Z
2454,2025-03-13,1430,1440,1390,1390,7308998,twstock/twse,2026-07-01T08:07:37Z
2454,2025-03-14,1400,1430,1390,1400,7265400,twstock/twse,2026-07-01T08:07:37Z
2454,2025-03-17,1415,1440,1415,1425,5027826,twstock/twse,2026-07-01T08:07:37Z
2454,2025-03-18,1450,1500,1445,1475,10558598,twstock/twse,2026-07-01T08:07:37Z
2454,2025-03-19,1500,1515,1460,1465,8043123,twstock/twse,2026-07-01T08:07:37Z
2454,2025-03-20,1495,1500,1465,1485,6559527,twstock/twse,2026-07-01T08:07:37Z
2454,2025-03-21,1495,1500,1475,1480,4914917,twstock/twse,2026-07-01T08:07:37Z
2454,2025-03-24,1500,1505,1480,1480,4129520,twstock/twse,2026-07-01T08:07:37Z
2454,2025-03-25,1505,1540,1505,1525,8622310,twstock/twse,2026-07-01T08:07:37Z
2454,2025-03-26,1535,1540,1515,1515,4039361,twstock/twse,2026-07-01T08:07:37Z
2454,2025-03-27,1500,1510,1480,1485,4922392,twstock/twse,2026-07-01T08:07:37Z
2454,2025-03-28,1470,1495,1455,1465,4752661,twstock/twse,2026-07-01T08:07:37Z
2454,2025-03-31,1420,1440,1390,1390,8456107,twstock/twse,2026-07-01T08:07:37Z
2454,2025-04-01,1410,1460,1410,1460,6663880,twstock/twse,2026-07-01T08:07:37Z
2454,2025-04-02,1460,1460,1435,1435,4680070,twstock/twse,2026-07-01T08:07:37Z
2454,2025-04-07,1295,1295,1295,1295,2148387,twstock/twse,2026-07-01T08:07:37Z
2454,2025-04-08,1255,1300,1225,1260,19252718,twstock/twse,2026-07-01T08:07:37Z
2454,2025-04-09,1250,1255,1140,1185,20017897,twstock/twse,2026-07-01T08:07:37Z
2454,2025-04-10,1300,1300,1300,1300,2039439,twstock/twse,2026-07-01T08:07:37Z
2454,2025-04-11,1280,1395,1250,1385,17343947,twstock/twse,2026-07-01T08:07:37Z
2454,2025-04-14,1410,1425,1385,1400,12977957,twstock/twse,2026-07-01T08:07:37Z
2454,2025-04-15,1405,1415,1375,1385,6829960,twstock/twse,2026-07-01T08:07:37Z
2454,2025-04-16,1370,1385,1365,1365,5794610,twstock/twse,2026-07-01T08:07:37Z
2454,2025-04-17,1340,1350,1315,1340,6954102,twstock/twse,2026-07-01T08:07:37Z
2454,2025-04-18,1350,1380,1345,1365,3602072,twstock/twse,2026-07-01T08:07:37Z
2454,2025-04-21,1355,1355,1325,1345,3123347,twstock/twse,2026-07-01T08:07:37Z
2454,2025-04-22,1330,1355,1300,1300,5199584,twstock/twse,2026-07-01T08:07:37Z
2454,2025-04-23,1340,1375,1340,1370,6303810,twstock/twse,2026-07-01T08:07:37Z
2454,2025-04-24,1375,1375,1325,1330,6331633,twstock/twse,2026-07-01T08:07:37Z
2454,2025-04-25,1375,1390,1370,1380,7381768,twstock/twse,2026-07-01T08:07:37Z
2454,2025-04-28,1385,1390,1350,1350,5546486,twstock/twse,2026-07-01T08:07:37Z
2454,2025-04-29,1350,1370,1335,1370,5933337,twstock/twse,2026-07-01T08:07:37Z
2454,2025-04-30,1370,1370,1350,1350,5687722,twstock/twse,2026-07-01T08:07:37Z
2454,2025-05-02,1370,1370,1290,1300,17916167,twstock/twse,2026-07-01T08:07:37Z
2454,2025-05-05,1310,1335,1290,1295,7473805,twstock/twse,2026-07-01T08:07:37Z
2454,2025-05-06,1295,1300,1275,1280,7890120,twstock/twse,2026-07-01T08:07:37Z
2454,2025-05-07,1285,1300,1265,1275,6119782,twstock/twse,2026-07-01T08:07:37Z
2454,2025-05-08,1285,1305,1275,1290,6304556,twstock/twse,2026-07-01T08:07:37Z
2454,2025-05-09,1295,1325,1280,1325,6740443,twstock/twse,2026-07-01T08:07:37Z
2454,2025-05-12,1320,1325,1305,1315,5353789,twstock/twse,2026-07-01T08:07:37Z
2454,2025-05-13,1350,1365,1345,1355,10308570,twstock/twse,2026-07-01T08:07:37Z
2454,2025-05-14,1370,1375,1345,1360,6786896,twstock/twse,2026-07-01T08:07:37Z
2454,2025-05-15,1365,1380,1350,1370,5860573,twstock/twse,2026-07-01T08:07:37Z
2454,2025-05-16,1365,1375,1360,1365,3651046,twstock/twse,2026-07-01T08:07:37Z
2454,2025-05-19,1345,1350,1310,1310,7591783,twstock/twse,2026-07-01T08:07:37Z
2454,2025-05-20,1330,1350,1315,1315,5952630,twstock/twse,2026-07-01T08:07:37Z
2454,2025-05-21,1325,1345,1320,1340,4523644,twstock/twse,2026-07-01T08:07:37Z
2454,2025-05-22,1325,1340,1320,1325,3388750,twstock/twse,2026-07-01T08:07:37Z
2454,2025-05-23,1335,1340,1310,1315,4462357,twstock/twse,2026-07-01T08:07:37Z
2454,2025-05-26,1305,1305,1275,1280,7955667,twstock/twse,2026-07-01T08:07:37Z
2454,2025-05-27,1280,1290,1270,1280,6608314,twstock/twse,2026-07-01T08:07:37Z
2454,2025-05-28,1300,1305,1270,1280,8817184,twstock/twse,2026-07-01T08:07:37Z
2454,2025-05-29,1285,1305,1260,1260,20205556,twstock/twse,2026-07-01T08:07:37Z
2454,2025-06-02,1250,1270,1230,1260,11219790,twstock/twse,2026-07-01T08:07:37Z
2454,2025-06-03,1270,1290,1265,1275,5807284,twstock/twse,2026-07-01T08:07:37Z
2454,2025-06-04,1280,1290,1260,1275,10763483,twstock/twse,2026-07-01T08:07:37Z
2454,2025-06-05,1260,1265,1235,1245,16144910,twstock/twse,2026-07-01T08:07:37Z
2454,2025-06-06,1250,1280,1245,1280,10993646,twstock/twse,2026-07-01T08:07:37Z
2454,2025-06-09,1290,1300,1275,1285,8132095,twstock/twse,2026-07-01T08:07:37Z
2454,2025-06-10,1300,1335,1300,1335,11936093,twstock/twse,2026-07-01T08:07:37Z
2454,2025-06-11,1340,1345,1305,1315,12029172,twstock/twse,2026-07-01T08:07:37Z
2454,2025-06-12,1300,1305,1280,1285,11678446,twstock/twse,2026-07-01T08:07:37Z
2454,2025-06-13,1255,1265,1250,1250,9534606,twstock/twse,2026-07-01T08:07:37Z
2454,2025-06-16,1260,1270,1250,1255,4284348,twstock/twse,2026-07-01T08:07:37Z
2454,2025-06-17,1260,1280,1260,1275,5831116,twstock/twse,2026-07-01T08:07:37Z
2454,2025-06-18,1265,1290,1260,1285,5972295,twstock/twse,2026-07-01T08:07:37Z
2454,2025-06-19,1280,1285,1265,1265,4944842,twstock/twse,2026-07-01T08:07:37Z
2454,2025-06-20,1265,1275,1245,1250,5606034,twstock/twse,2026-07-01T08:07:37Z
2454,2025-06-23,1230,1260,1225,1255,4528761,twstock/twse,2026-07-01T08:07:37Z
2454,2025-06-24,1275,1285,1260,1270,4576079,twstock/twse,2026-07-01T08:07:37Z
2454,2025-06-25,1280,1300,1280,1295,6418795,twstock/twse,2026-07-01T08:07:37Z
2454,2025-06-26,1295,1300,1285,1290,5312078,twstock/twse,2026-07-01T08:07:37Z
2454,2025-06-27,1285,1300,1280,1285,5979958,twstock/twse,2026-07-01T08:07:37Z
2454,2025-06-30,1290,1300,1250,1250,7970814,twstock/twse,2026-07-01T08:07:37Z
2454,2025-07-01,1265,1305,1265,1275,8803695,twstock/twse,2026-07-01T08:07:37Z
2454,2025-07-02,1295,1300,1275,1295,7261051,twstock/twse,2026-07-01T08:07:37Z
2454,2025-07-03,1300,1300,1270,1270,11872297,twstock/twse,2026-07-01T08:07:37Z
2454,2025-07-04,1290,1305,1285,1290,7363385,twstock/twse,2026-07-01T08:07:37Z
2454,2025-07-07,1300,1300,1280,1280,4549857,twstock/twse,2026-07-01T08:07:37Z
2454,2025-07-08,1280,1280,1265,1270,3658204,twstock/twse,2026-07-01T08:07:37Z
2454,2025-07-09,1280,1360,1280,1355,14460572,twstock/twse,2026-07-01T08:07:37Z
2454,2025-07-10,1375,1400,1360,1400,12339983,twstock/twse,2026-07-01T08:07:37Z
2454,2025-07-11,1405,1420,1390,1420,10428598,twstock/twse,2026-07-01T08:07:37Z
2454,2025-07-14,1410,1410,1385,1385,6067428,twstock/twse,2026-07-01T08:07:37Z
2454,2025-07-15,1385,1405,1380,1395,4659162,twstock/twse,2026-07-01T08:07:37Z
2454,2025-07-16,1395,1415,1395,1410,6099561,twstock/twse,2026-07-01T08:07:37Z
2454,2025-07-17,1405,1420,1385,1390,5516070,twstock/twse,2026-07-01T08:07:37Z
2454,2025-07-18,1405,1410,1400,1410,5064123,twstock/twse,2026-07-01T08:07:37Z
2454,2025-07-21,1415,1445,1410,1425,6030920,twstock/twse,2026-07-01T08:07:37Z
2454,2025-07-22,1440,1455,1425,1430,8242534,twstock/twse,2026-07-01T08:07:37Z
2454,2025-07-23,1455,1455,1425,1430,5013381,twstock/twse,2026-07-01T08:07:37Z
2454,2025-07-24,1445,1450,1420,1430,5122916,twstock/twse,2026-07-01T08:07:37Z
2454,2025-07-25,1430,1445,1415,1430,5942860,twstock/twse,2026-07-01T08:07:37Z
2454,2025-07-28,1435,1440,1385,1400,7334211,twstock/twse,2026-07-01T08:07:37Z
2454,2025-07-29,1390,1395,1350,1360,10316682,twstock/twse,2026-07-01T08:07:37Z
2454,2025-07-30,1365,1385,1360,1380,5754600,twstock/twse,2026-07-01T08:07:37Z
2454,2025-07-31,1360,1385,1340,1370,9291286,twstock/twse,2026-07-01T08:07:37Z
2454,2025-08-01,1350,1375,1350,1350,6495615,twstock/twse,2026-07-01T08:07:37Z
2454,2025-08-04,1340,1350,1330,1330,5214085,twstock/twse,2026-07-01T08:07:37Z
2454,2025-08-05,1350,1355,1340,1340,3858955,twstock/twse,2026-07-01T08:07:37Z
2454,2025-08-06,1340,1350,1320,1320,5970701,twstock/twse,2026-07-01T08:07:37Z
2454,2025-08-07,1345,1365,1345,1355,5689384,twstock/twse,2026-07-01T08:07:37Z
2454,2025-08-08,1355,1360,1335,1350,5865744,twstock/twse,2026-07-01T08:07:37Z
2454,2025-08-11,1350,1370,1340,1355,3971509,twstock/twse,2026-07-01T08:07:37Z
2454,2025-08-12,1360,1370,1350,1360,3496091,twstock/twse,2026-07-01T08:07:37Z
2454,2025-08-13,1370,1385,1360,1370,8333913,twstock/twse,2026-07-01T08:07:37Z
2454,2025-08-14,1370,1395,1365,1390,4747498,twstock/twse,2026-07-01T08:07:37Z
2454,2025-08-15,1395,1400,1370,1370,4475553,twstock/twse,2026-07-01T08:07:37Z
2454,2025-08-18,1375,1410,1375,1410,7238014,twstock/twse,2026-07-01T08:07:37Z
2454,2025-08-19,1415,1430,1390,1390,6589846,twstock/twse,2026-07-01T08:07:37Z
2454,2025-08-20,1380,1390,1350,1355,7113575,twstock/twse,2026-07-01T08:07:37Z
2454,2025-08-21,1350,1375,1345,1365,4554398,twstock/twse,2026-07-01T08:07:37Z
2454,2025-08-22,1365,1375,1355,1365,2800266,twstock/twse,2026-07-01T08:07:37Z
2454,2025-08-25,1385,1410,1380,1410,5280140,twstock/twse,2026-07-01T08:07:37Z
2454,2025-08-26,1405,1410,1380,1400,5465231,twstock/twse,2026-07-01T08:07:37Z
2454,2025-08-27,1405,1410,1395,1400,3506996,twstock/twse,2026-07-01T08:07:37Z
2454,2025-08-28,1395,1405,1385,1385,3889428,twstock/twse,2026-07-01T08:07:37Z
2454,2025-08-29,1390,1405,1370,1370,4055886,twstock/twse,2026-07-01T08:07:37Z
2454,2025-09-01,1370,1380,1350,1360,3937354,twstock/twse,2026-07-01T08:07:37Z
2454,2025-09-02,1360,1380,1360,1360,3365146,twstock/twse,2026-07-01T08:07:37Z
2454,2025-09-03,1380,1400,1370,1395,4795588,twstock/twse,2026-07-01T08:07:37Z
2454,2025-09-04,1405,1405,1380,1385,3501155,twstock/twse,2026-07-01T08:07:37Z
2454,2025-09-05,1400,1435,1395,1435,9434638,twstock/twse,2026-07-01T08:07:37Z
2454,2025-09-08,1450,1460,1425,1430,6680707,twstock/twse,2026-07-01T08:07:37Z
2454,2025-09-09,1445,1515,1435,1510,11956440,twstock/twse,2026-07-01T08:07:37Z
2454,2025-09-10,1520,1520,1485,1490,6863070,twstock/twse,2026-07-01T08:07:37Z
2454,2025-09-11,1505,1510,1480,1480,4767141,twstock/twse,2026-07-01T08:07:37Z
2454,2025-09-12,1495,1500,1470,1485,4412355,twstock/twse,2026-07-01T08:07:37Z
2454,2025-09-15,1490,1495,1480,1485,2858166,twstock/twse,2026-07-01T08:07:37Z
2454,2025-09-16,1500,1545,1495,1535,8933496,twstock/twse,2026-07-01T08:07:37Z
2454,2025-09-17,1545,1545,1510,1510,4850205,twstock/twse,2026-07-01T08:07:37Z
2454,2025-09-18,1525,1530,1495,1510,3898960,twstock/twse,2026-07-01T08:07:37Z
2454,2025-09-19,1500,1505,1440,1440,14627316,twstock/twse,2026-07-01T08:07:37Z
2454,2025-09-22,1425,1430,1400,1405,9812784,twstock/twse,2026-07-01T08:07:37Z
2454,2025-09-23,1390,1405,1375,1375,12576021,twstock/twse,2026-07-01T08:07:37Z
2454,2025-09-24,1345,1355,1330,1330,12755552,twstock/twse,2026-07-01T08:07:37Z
2454,2025-09-25,1330,1365,1330,1345,8286782,twstock/twse,2026-07-01T08:07:37Z
2454,2025-09-26,1345,1350,1310,1310,7611319,twstock/twse,2026-07-01T08:07:37Z
2454,2025-09-30,1310,1325,1290,1315,8306274,twstock/twse,2026-07-01T08:07:37Z
2454,2025-10-01,1305,1305,1285,1285,7751607,twstock/twse,2026-07-01T08:07:37Z
2454,2025-10-02,1290,1300,1280,1280,10088897,twstock/twse,2026-07-01T08:07:37Z
2454,2025-10-03,1285,1325,1285,1320,7236351,twstock/twse,2026-07-01T08:07:37Z
2454,2025-10-07,1325,1335,1305,1325,7486053,twstock/twse,2026-07-01T08:07:37Z
2454,2025-10-08,1330,1350,1325,1335,5299148,twstock/twse,2026-07-01T08:07:37Z
2454,2025-10-09,1350,1370,1335,1345,5265459,twstock/twse,2026-07-01T08:07:37Z
2454,2025-10-13,1330,1330,1300,1315,8122847,twstock/twse,2026-07-01T08:07:37Z
2454,2025-10-14,1330,1340,1300,1305,5948388,twstock/twse,2026-07-01T08:07:37Z
2454,2025-10-15,1325,1330,1300,1315,4631857,twstock/twse,2026-07-01T08:07:37Z
2454,2025-10-16,1320,1340,1320,1330,4051576,twstock/twse,2026-07-01T08:07:37Z
2454,2025-10-17,1340,1360,1325,1330,8663045,twstock/twse,2026-07-01T08:07:37Z
2454,2025-10-20,1335,1345,1325,1340,3725225,twstock/twse,2026-07-01T08:07:37Z
2454,2025-10-21,1350,1355,1335,1340,4220554,twstock/twse,2026-07-01T08:07:37Z
2454,2025-10-22,1335,1345,1325,1330,3868924,twstock/twse,2026-07-01T08:07:37Z
2454,2025-10-23,1325,1330,1290,1295,8788088,twstock/twse,2026-07-01T08:07:37Z
2454,2025-10-27,1320,1340,1310,1335,5937221,twstock/twse,2026-07-01T08:07:37Z
2454,2025-10-28,1330,1335,1310,1315,5361231,twstock/twse,2026-07-01T08:07:37Z
2454,2025-10-29,1305,1330,1300,1300,8508525,twstock/twse,2026-07-01T08:07:37Z
2454,2025-10-30,1305,1325,1300,1310,5817287,twstock/twse,2026-07-01T08:07:37Z
2454,2025-10-31,1300,1325,1290,1310,7731098,twstock/twse,2026-07-01T08:07:37Z
2454,2025-11-03,1310,1325,1280,1300,11818214,twstock/twse,2026-07-01T08:07:37Z
2454,2025-11-04,1290,1315,1285,1315,6554186,twstock/twse,2026-07-01T08:07:37Z
2454,2025-11-05,1295,1330,1285,1330,7083306,twstock/twse,2026-07-01T08:07:37Z
2454,2025-11-06,1320,1330,1290,1290,8025111,twstock/twse,2026-07-01T08:07:37Z
2454,2025-11-07,1285,1295,1260,1260,8573403,twstock/twse,2026-07-01T08:07:37Z
2454,2025-11-10,1250,1260,1250,1250,5623223,twstock/twse,2026-07-01T08:07:37Z
2454,2025-11-11,1250,1270,1240,1240,6110008,twstock/twse,2026-07-01T08:07:37Z
2454,2025-11-12,1240,1260,1240,1245,4410578,twstock/twse,2026-07-01T08:07:37Z
2454,2025-11-13,1240,1255,1235,1245,3456429,twstock/twse,2026-07-01T08:07:37Z
2454,2025-11-14,1230,1255,1225,1230,4560804,twstock/twse,2026-07-01T08:07:37Z
2454,2025-11-17,1230,1250,1225,1230,4963056,twstock/twse,2026-07-01T08:07:37Z
2454,2025-11-18,1220,1220,1170,1170,10222030,twstock/twse,2026-07-01T08:07:37Z
2454,2025-11-19,1150,1195,1150,1160,7084197,twstock/twse,2026-07-01T08:07:37Z
2454,2025-11-20,1180,1205,1170,1185,7617511,twstock/twse,2026-07-01T08:07:37Z
2454,2025-11-21,1130,1155,1130,1145,7912862,twstock/twse,2026-07-01T08:07:37Z
2454,2025-11-24,1155,1170,1145,1150,10115078,twstock/twse,2026-07-01T08:07:37Z
2454,2025-11-25,1175,1205,1175,1185,7621993,twstock/twse,2026-07-01T08:07:37Z
2454,2025-11-26,1220,1300,1215,1300,12757928,twstock/twse,2026-07-01T08:07:37Z
2454,2025-11-27,1360,1370,1325,1340,20617533,twstock/twse,2026-07-01T08:07:37Z
2454,2025-11-28,1375,1410,1365,1395,20747611,twstock/twse,2026-07-01T08:07:37Z
2454,2025-12-01,1420,1450,1400,1445,20715349,twstock/twse,2026-07-01T08:07:37Z
2454,2025-12-02,1445,1460,1410,1415,11909886,twstock/twse,2026-07-01T08:07:37Z
2454,2025-12-03,1405,1435,1400,1400,10101740,twstock/twse,2026-07-01T08:07:37Z
2454,2025-12-04,1405,1415,1385,1405,6588595,twstock/twse,2026-07-01T08:07:37Z
2454,2025-12-05,1420,1445,1405,1425,7989290,twstock/twse,2026-07-01T08:07:37Z
2454,2025-12-08,1430,1440,1405,1440,6112182,twstock/twse,2026-07-01T08:07:37Z
2454,2025-12-09,1435,1440,1415,1420,5330190,twstock/twse,2026-07-01T08:07:37Z
2454,2025-12-10,1435,1460,1425,1460,9199887,twstock/twse,2026-07-01T08:07:37Z
2454,2025-12-11,1445,1450,1395,1395,10005124,twstock/twse,2026-07-01T08:07:37Z
2454,2025-12-12,1390,1415,1380,1405,5427610,twstock/twse,2026-07-01T08:07:37Z
2454,2025-12-15,1385,1450,1385,1420,10012197,twstock/twse,2026-07-01T08:07:37Z
2454,2025-12-16,1420,1450,1415,1420,9341946,twstock/twse,2026-07-01T08:07:37Z
2454,2025-12-17,1435,1455,1425,1425,9223276,twstock/twse,2026-07-01T08:07:37Z
2454,2025-12-18,1425,1445,1415,1420,5601522,twstock/twse,2026-07-01T08:07:37Z
2454,2025-12-19,1440,1445,1410,1410,8310030,twstock/twse,2026-07-01T08:07:37Z
2454,2025-12-22,1430,1435,1390,1400,6073797,twstock/twse,2026-07-01T08:07:37Z
2454,2025-12-23,1405,1405,1380,1390,5671118,twstock/twse,2026-07-01T08:07:37Z
2454,2025-12-24,1395,1400,1380,1380,3385989,twstock/twse,2026-07-01T08:07:37Z
2454,2025-12-26,1390,1395,1380,1385,3219060,twstock/twse,2026-07-01T08:07:37Z
2454,2025-12-29,1390,1425,1380,1420,6672115,twstock/twse,2026-07-01T08:07:37Z
2454,2025-12-30,1405,1430,1400,1420,4492497,twstock/twse,2026-07-01T08:07:37Z
2454,2025-12-31,1420,1450,1415,1430,6748078,twstock/twse,2026-07-01T08:07:37Z
2454,2026-01-02,1450,1495,1440,1470,12570809,twstock/twse,2026-07-01T08:07:37Z
2454,2026-01-05,1510,1530,1495,1525,14470072,twstock/twse,2026-07-01T08:07:37Z
2454,2026-01-06,1505,1505,1480,1485,8513790,twstock/twse,2026-07-01T08:07:37Z
2454,2026-01-07,1490,1505,1475,1490,7517221,twstock/twse,2026-07-01T08:07:37Z
2454,2026-01-08,1495,1500,1435,1445,9055715,twstock/twse,2026-07-01T08:07:37Z
2454,2026-01-09,1455,1460,1415,1420,8606613,twstock/twse,2026-07-01T08:07:37Z
2454,2026-01-12,1445,1450,1425,1445,4496882,twstock/twse,2026-07-01T08:07:37Z
2454,2026-01-13,1455,1485,1450,1485,10707392,twstock/twse,2026-07-01T08:07:37Z
2454,2026-01-14,1485,1500,1480,1500,6438448,twstock/twse,2026-07-01T08:07:37Z
2454,2026-01-15,1500,1500,1465,1490,8207614,twstock/twse,2026-07-01T08:07:37Z
2454,2026-01-16,1500,1525,1490,1505,11159846,twstock/twse,2026-07-01T08:07:37Z
2454,2026-01-19,1510,1510,1465,1485,5943945,twstock/twse,2026-07-01T08:07:37Z
2454,2026-01-20,1480,1500,1470,1485,6508709,twstock/twse,2026-07-01T08:07:37Z
2454,2026-01-21,1470,1495,1450,1465,8818222,twstock/twse,2026-07-01T08:07:37Z
2454,2026-01-22,1495,1525,1465,1485,8378753,twstock/twse,2026-07-01T08:07:37Z
2454,2026-01-23,1525,1630,1525,1630,24256744,twstock/twse,2026-07-01T08:07:37Z
2454,2026-01-26,1740,1790,1720,1770,24725299,twstock/twse,2026-07-01T08:07:37Z
2454,2026-01-27,1755,1820,1750,1775,12659900,twstock/twse,2026-07-01T08:07:37Z
2454,2026-01-28,1755,1800,1740,1780,10480567,twstock/twse,2026-07-01T08:07:37Z
2454,2026-01-29,1780,1815,1770,1780,10329367,twstock/twse,2026-07-01T08:07:37Z
2454,2026-01-30,1770,1775,1735,1760,11234997,twstock/twse,2026-07-01T08:07:37Z
2454,2026-02-02,1715,1740,1685,1705,10073770,twstock/twse,2026-07-01T08:07:37Z
2454,2026-02-03,1740,1805,1720,1795,11841933,twstock/twse,2026-07-01T08:07:37Z
2454,2026-02-04,1760,1810,1740,1800,11777248,twstock/twse,2026-07-01T08:07:37Z
2454,2026-02-05,1750,1800,1740,1770,16289216,twstock/twse,2026-07-01T08:07:37Z
2454,2026-02-06,1745,1755,1690,1710,11897828,twstock/twse,2026-07-01T08:07:37Z
2454,2026-02-09,1760,1870,1760,1830,12809280,twstock/twse,2026-07-01T08:07:37Z
2454,2026-02-10,1860,1865,1820,1845,11214078,twstock/twse,2026-07-01T08:07:37Z
2454,2026-02-11,1795,1865,1795,1855,8732306,twstock/twse,2026-07-01T08:07:37Z
2454,2026-02-23,1880,1880,1790,1795,17358721,twstock/twse,2026-07-01T08:07:37Z
2454,2026-02-24,1810,1825,1795,1825,7063638,twstock/twse,2026-07-01T08:07:37Z
2454,2026-02-25,1840,1870,1830,1870,8467982,twstock/twse,2026-07-01T08:07:37Z
2454,2026-02-26,1895,1975,1850,1945,14552360,twstock/twse,2026-07-01T08:07:37Z
2454,2026-03-02,1945,1945,1880,1900,9622026,twstock/twse,2026-07-01T08:07:37Z
2454,2026-03-03,1900,1910,1815,1815,11048054,twstock/twse,2026-07-01T08:07:37Z
2454,2026-03-04,1760,1780,1715,1720,12334830,twstock/twse,2026-07-01T08:07:37Z
2454,2026-03-05,1760,1800,1750,1775,8337045,twstock/twse,2026-07-01T08:07:37Z
2454,2026-03-06,1745,1790,1735,1765,4669229,twstock/twse,2026-07-01T08:07:37Z
2454,2026-03-09,1620,1665,1610,1665,12529102,twstock/twse,2026-07-01T08:07:37Z
2454,2026-03-10,1730,1730,1685,1705,5620606,twstock/twse,2026-07-01T08:07:37Z
2454,2026-03-11,1760,1780,1720,1765,6109945,twstock/twse,2026-07-01T08:07:37Z
2454,2026-03-12,1745,1815,1735,1785,6611202,twstock/twse,2026-07-01T08:07:37Z
2454,2026-03-13,1730,1745,1720,1720,7254798,twstock/twse,2026-07-01T08:07:37Z
2454,2026-03-16,1720,1740,1710,1710,4716006,twstock/twse,2026-07-01T08:07:37Z
2454,2026-03-17,1730,1740,1715,1730,4685106,twstock/twse,2026-07-01T08:07:37Z
2454,2026-03-18,1730,1745,1725,1730,6292375,twstock/twse,2026-07-01T08:07:37Z
2454,2026-03-19,1700,1705,1665,1680,8011625,twstock/twse,2026-07-01T08:07:37Z
2454,2026-03-20,1685,1715,1655,1700,8267553,twstock/twse,2026-07-01T08:07:37Z
2454,2026-03-23,1630,1645,1600,1625,7225878,twstock/twse,2026-07-01T08:07:37Z
2454,2026-03-24,1655,1665,1600,1620,5766587,twstock/twse,2026-07-01T08:07:37Z
2454,2026-03-25,1665,1665,1620,1620,6144537,twstock/twse,2026-07-01T08:07:37Z
2454,2026-03-26,1610,1640,1590,1590,7833984,twstock/twse,2026-07-01T08:07:37Z
2454,2026-03-27,1560,1585,1545,1585,7673536,twstock/twse,2026-07-01T08:07:37Z
2454,2026-03-30,1540,1555,1505,1510,8234525,twstock/twse,2026-07-01T08:07:37Z
2454,2026-03-31,1525,1540,1490,1490,11429002,twstock/twse,2026-07-01T08:07:37Z
2454,2026-04-01,1550,1550,1460,1465,11745526,twstock/twse,2026-07-01T08:07:37Z
2454,2026-04-02,1500,1510,1445,1465,9301597,twstock/twse,2026-07-01T08:07:37Z
2454,2026-04-07,1480,1480,1430,1470,7645561,twstock/twse,2026-07-01T08:07:37Z
2454,2026-04-08,1520,1585,1505,1580,14575742,twstock/twse,2026-07-01T08:07:37Z
2454,2026-04-09,1600,1600,1550,1575,8422977,twstock/twse,2026-07-01T08:07:37Z
2454,2026-04-10,1600,1605,1570,1575,5738781,twstock/twse,2026-07-01T08:07:37Z
2454,2026-04-13,1645,1665,1620,1620,9234745,twstock/twse,2026-07-01T08:07:37Z
2454,2026-04-14,1645,1745,1640,1720,12902742,twstock/twse,2026-07-01T08:07:37Z
2454,2026-04-15,1805,1845,1770,1790,22780413,twstock/twse,2026-07-01T08:07:37Z
2454,2026-04-16,1850,1930,1810,1895,17931934,twstock/twse,2026-07-01T08:07:37Z
2454,2026-04-17,1930,1955,1885,1925,16759982,twstock/twse,2026-07-01T08:07:37Z
2454,2026-04-20,1960,1965,1895,1900,11656022,twstock/twse,2026-07-01T08:07:37Z
2454,2026-04-21,1930,2090,1925,2090,19459855,twstock/twse,2026-07-01T08:07:37Z
2454,2026-04-22,2120,2295,2110,2295,24343038,twstock/twse,2026-07-01T08:07:37Z
2454,2026-04-23,2325,2335,2170,2215,29760982,twstock/twse,2026-07-01T08:07:37Z
2454,2026-04-24,2340,2435,2330,2435,22985015,twstock/twse,2026-07-01T08:07:37Z
2454,2026-04-27,2470,2575,2410,2435,25538897,twstock/twse,2026-07-01T08:07:37Z
2454,2026-04-28,2490,2675,2485,2615,24314216,twstock/twse,2026-07-01T08:07:37Z
2454,2026-04-29,2550,2595,2500,2575,13156720,twstock/twse,2026-07-01T08:07:37Z
2454,2026-04-30,2665,2685,2565,2610,17532158,twstock/twse,2026-07-01T08:07:37Z
2454,2026-05-04,2870,2870,2870,2870,4019865,twstock/twse,2026-07-01T08:07:37Z
2454,2026-05-05,3155,3155,3155,3155,10091886,twstock/twse,2026-07-01T08:07:37Z
2454,2026-05-06,3470,3470,3155,3430,39638460,twstock/twse,2026-07-01T08:07:37Z
2454,2026-05-07,3430,3430,3295,3420,8465341,twstock/twse,2026-07-01T08:07:37Z
2454,2026-05-08,3320,3670,3320,3630,9525653,twstock/twse,2026-07-01T08:07:37Z
2454,2026-05-11,3575,3985,3565,3880,8690923,twstock/twse,2026-07-01T08:07:37Z
2454,2026-05-12,3835,3910,3700,3700,11090404,twstock/twse,2026-07-01T08:07:37Z
2454,2026-05-13,3625,3680,3400,3495,9694046,twstock/twse,2026-07-01T08:07:37Z
2454,2026-05-14,3585,3590,3385,3405,7103890,twstock/twse,2026-07-01T08:07:37Z
2454,2026-05-15,3425,3555,3200,3260,7341025,twstock/twse,2026-07-01T08:07:37Z
2454,2026-05-18,3240,3550,3150,3400,7040537,twstock/twse,2026-07-01T08:07:37Z
2454,2026-05-19,3475,3495,3100,3155,10055471,twstock/twse,2026-07-01T08:07:37Z
2454,2026-05-20,3195,3350,3155,3230,9296108,twstock/twse,2026-07-01T08:07:37Z
2454,2026-05-21,3415,3550,3405,3550,5983092,twstock/twse,2026-07-01T08:07:37Z
2454,2026-05-22,3765,3880,3675,3860,20839466,twstock/twse,2026-07-01T08:07:37Z
2454,2026-05-25,4245,4245,4245,4245,4616291,twstock/twse,2026-07-01T08:07:37Z
2454,2026-05-26,4375,4440,4180,4265,19540872,twstock/twse,2026-07-01T08:07:37Z
2454,2026-05-27,4475,4690,4450,4640,18260840,twstock/twse,2026-07-01T08:07:37Z
2454,2026-05-28,4620,4685,4270,4410,16433052,twstock/twse,2026-07-01T08:07:37Z
2454,2026-05-29,4460,4485,4235,4310,23109791,twstock/twse,2026-07-01T08:07:37Z
2454,2026-06-01,4440,4710,4440,4555,20083897,twstock/twse,2026-07-01T08:07:37Z
2454,2026-06-02,4970,4970,4380,4525,15626708,twstock/twse,2026-07-01T08:07:37Z
2454,2026-06-03,4540,4650,4420,4545,10480184,twstock/twse,2026-07-01T08:07:37Z
2454,2026-06-04,4600,4685,4430,4430,11204169,twstock/twse,2026-07-01T08:07:37Z
2454,2026-06-05,4360,4430,4130,4300,11919031,twstock/twse,2026-07-01T08:07:37Z
2454,2026-06-08,3935,4090,3935,4070,16219464,twstock/twse,2026-07-01T08:07:37Z
2454,2026-06-09,4180,4475,4130,4475,16487210,twstock/twse,2026-07-01T08:07:37Z
2454,2026-06-10,4315,4520,4120,4155,17412956,twstock/twse,2026-07-01T08:07:37Z
2454,2026-06-11,4085,4150,3880,4085,17556610,twstock/twse,2026-07-01T08:07:37Z
2454,2026-06-12,4410,4415,4165,4180,8765007,twstock/twse,2026-07-01T08:07:37Z
2454,2026-06-15,4355,4545,4350,4470,12014769,twstock/twse,2026-07-01T08:07:37Z
2454,2026-06-16,4550,4565,4415,4560,11309893,twstock/twse,2026-07-01T08:07:37Z
2454,2026-06-17,4495,4535,4380,4460,9197868,twstock/twse,2026-07-01T08:07:37Z
2454,2026-06-18,4535,4590,4375,4390,12997743,twstock/twse,2026-07-01T08:07:37Z
2454,2026-06-22,4385,4565,4380,4465,11596124,twstock/twse,2026-07-01T08:07:37Z
2454,2026-06-23,4720,4785,4515,4535,18449972,twstock/twse,2026-07-01T08:07:37Z
2454,2026-06-24,4480,4515,4225,4285,16421271,twstock/twse,2026-07-01T08:07:37Z
2454,2026-06-25,4400,4445,4215,4310,10274439,twstock/twse,2026-07-01T08:07:37Z
2454,2026-06-26,4150,4185,3880,3880,24916481,twstock/twse,2026-07-01T08:07:37Z
2454,2026-06-29,3870,4000,3825,3910,11358316,twstock/twse,2026-07-01T08:07:37Z
2454,2026-06-30,4145,4300,4060,4245,16095233,twstock/twse,2026-07-01T08:07:37Z
2454,2026-07-01,4315,4380,4225,4335,9263117,twstock/twse,2026-07-01T08:07:37Z
